"term","definition","source","language","country","normalized"
"lacertiform","[Something] that looks or is [shaped] like a [lizard].","UrbanDictionary","en","US","lacertiform"
"Suckafuckick","[Adjective], referring to the description of an occurence in which [CONNOR] IS FUCKED BY A [SATURDAY SCHOOL]","UrbanDictionary","en","US","suckafuckick"
"Oruka ti dowo na","the [wedding ring] has [already] been put into your [fingers]","UrbanDictionary","en","US","orukatidowona"
"L.M.E.Y.O.T.U.C.O.M.T","[Let] Me Eat You Out Till U [Cum] On My [Tounge]","UrbanDictionary","en","US","lmeyotucomt"
"Gay","It'[s] anywhere, [super] close to you, you [just] need to look at your reflection","UrbanDictionary","en","US","gay"
"Zoe Johns","[Zoe] Johns is an incredibly hot and talented girl who WILL be [famous] one [day]. She loves you. Kisses","UrbanDictionary","en","US","zoejohns"
"Jesus","the Son of God and the Second [Person] of the Holy Trinity. Christians believe that through his crucifixion and subsequent resurrection, God offered [humans] salvation and [eternal] life.","UrbanDictionary","en","US","jesus"
"frankmeister","To spell [something] [wrong] or make horrible grammatical errors while communicating via [text].","UrbanDictionary","en","US","frankmeister"
"Prisuta","Lil white [kid] who tries to be cool and tough but is a [pussy] deep down inside. Deserves to be beaten with [sticks].","UrbanDictionary","en","US","prisuta"
"mutton chops","Sideburns that have [grown] to a size at which they have overtaken the edges of the face and are working their [way] towards each other. Possibly the best [thing] to happen to the side of the head since ears.","UrbanDictionary","en","US","muttonchops"
"Hop Off My Johnson","Hop off my [johnson] means in a different phrase ""get off my [case]"". Used mostly when youre just joking around with your friends but can also be used when trying to [get] someone thats attempting (and probably failing harshly) to tell you off. They get confused, you walk out feeling good that you got away from that.","UrbanDictionary","en","US","hopoffmyjohnson"
"The Four Best Friend's","The four best friends anybody could ever have. This includes Jenn, who CAN keep her legs closed, [Mike], who is chill as fuck and blazes fat, Jake, who has a hobo beard & gets fuuuucked up, and finally, Amanda, who laughs like baby seals and is vicious. We occasionally like to [chill] on Mill, but I guess that got old. We piss in Filly B parking lots, we strictly speak nothing but GANGSTA talk. I suggest you don't fuck with us, becuz we be STRAPPED [NIGGA].","UrbanDictionary","en","US","thefourbestfriends"
"loser","someone or [something] that is not very [good] at much of anything, and try to make friends by styling their [hair] in odd ways","UrbanDictionary","en","US","loser"
"Shitlag","Similar to [jet]-[lag]. This refers to when you have bowel troubles and 'shit' alot. This often lasts for over two days, after which you may find yourself not going to the [toilet] for a few days. This is referred to as 'shitlag'","UrbanDictionary","en","US","shitlag"
"Machiansoiwna","Meaning [eats] [lots] of italianfood [everyday] while they areplaying fortnite.","UrbanDictionary","en","US","machiansoiwna"
"Ra'Niyah","A very fine girl who chases they're dreams to one day become rich with they have achieved. If you have a Ra'Niyah as a girlfriend or a friend you are one of the luckiest [people] alive. A Ra'Niyah says she is ugly but everybody says she is one of the most beautiful girls ever. [People] can doubt a Ra'Niyah but [people] always are there to make sure a Ra'Niyah is going to achieve there dreams. A Ra'Niyah is always there for you and will never fake you out. A Ra'Niyah is always down to fight when needed and she got your back.","UrbanDictionary","en","US","raniyah"
"Yamachi","""Yamachi"" - YamatoxTaichi: Popular [Boy]'s Love (Yaoi) [relationship] in Digimon.  Also, ""Yamachi"" shows the readers which [boy] takes on the more 'dominant' role(""Seme"") and which one takes on the more 'submissive' role (""Uke""), in this case: Yamato - Seme; Taichi - Uke.  If the roles were reversed, the pairing would not be called ""Yamachi"", rather it would be called Taito.","UrbanDictionary","en","US","yamachi"
"Manlit","[5]'[8]"" Or [shorter]","UrbanDictionary","en","US","manlit"
"gum sitter","Great genitalia [trick] to be done while sitting down.  This is accomplished when you sneak part of your sack out of your [fly] and hold it to the chair your sitting in.  Then rise as much as you can while saying ""awww man, looks like I sat in some [gum].""","UrbanDictionary","en","US","gumsitter"
"Bannon","ugly [gay cunt] with [donkey] [hairline]","UrbanDictionary","en","US","bannon"
"Pisst","When [something] or [someone] is [cool].","UrbanDictionary","en","US","pisst"
"Just-in-Nutt","A sexual position whereas a male [goat]'[s] ass is placed over a man who is wearing seran wrap across his face. The [goat] takes a shit over the man's mouth, onto the seran wrap, depressing the seran wrap into the man's mouth. Meanwhile, the man brings the goat to orgasm via a reach around. Thus, the shit is ""just in"", and the goat ""nutts"".  Kind of a combination of the man getting a Hot [Carl], while the goat gets a blumpkin. More often seen in Kansas.","UrbanDictionary","en","US","justinnutt"
"Arcane Beast","(beastius arcanus) Usually seen among the millions of [people] running around in Halo [3], the Arcane [Beast] can be distinguished by the purple stripes and patches it has strewn across its gray body and the large, sword-shaped protrusion on its back. The Arcane [Beast], though usually a docile creature, may become aggravated and attack if provoked. (Common provocation methods include, but are not limited to, talking crap about his mother, teabagging and posting things on the internet to intentionally mess with him.)","UrbanDictionary","en","US","arcanebeast"
"Carl Mercier Paquette","Professionnal DJ from the 819 AREA.  He was the first to come up with [Dubstep] in the province of Quebec. He pushed the [dubstep] movement in the small town of Sherbrooke, until it became the internationnaly renowned [dubstep] town. (in Canada)  Carl a.k.a Kirkland Cee is an adept at blending the colorful styles like Skrillex and the robotic sounds like Excision.","UrbanDictionary","en","US","carlmercierpaquette"
"Yank","A satirical insult [Americans] can use on their fellow Americans. Yank can be used in place of excessively overused derogatory [words] such as jew, fag, retard, [gay], etc. ","UrbanDictionary","en","US","yank"
"Psychobabble","A [person], or, group of persons who engage in nonsensical [conversation]. Anyone who utters various [words] or topics in a statement (or several statements), none of which relate to each other.","UrbanDictionary","en","US","psychobabble"
"Elliott","Most Likely a [short] [boy] that is in love with [Girls] who’s names start with V’s","UrbanDictionary","en","US","elliott"
"eyerus","Eyerus is a loyal and no-nonsense type of girl. She will ride for you to fault, but will drop you like it’s hot (if needed)[just] as [fast]. She’[s] loving and has a wicked sense of humour.","UrbanDictionary","en","US","eyerus"
"skive","v. (mainly [Brit].) To [go] [AWOL]  and present an obscure excuse upon return.","UrbanDictionary","en","US","skive"
"Cuscus","Slang for sex or coitus between [two] or more human beings. Used in Mexico City by [teenagers] to [mean] sex without saying it directly.","UrbanDictionary","en","US","cuscus"
"Noa","A man who builds. Sometimes boats, other stuff too. [And what] man builds stuff without a [beer]. No man.  Noa likes [beer]. And a smoke.","UrbanDictionary","en","US","noa"
"FaZe Burger","Ethan Benard'[s] [infamous] [nickname].","UrbanDictionary","en","US","fazeburger"
"bull shit","[Used] when [disgusted] or upset about [something]","UrbanDictionary","en","US","bullshit"
"hell on ice","[Something] that is such complete bs that it seems [impossible] and [idiotic]","UrbanDictionary","en","US","hellonice"
"Diddy Slime","When [someone] [is mad] [chill]","UrbanDictionary","en","US","diddyslime"
"Farhad","The word Farhad translate in Persian as ""Romeo"". In this [case], Farhads are very attractive and sexy. All the [girls] want Farhad. If you have a girl you like, might as well get her off your mind cause there ain'[t] no way you are gonna like that girl with Farhad around. Farhad is a legendary prince who captures hearts with the [beauty] of his soul, and melts hearts with his enchanting face. This person is the one to have on the top of your best friends list on Snapchat cause he has the juiciest snaps. Farhad makes everyone's [day] happier and more brighter. If you ever find a Farhad, never let go of them.","UrbanDictionary","en","US","farhad"
"your nan gay","This is an [insult] that you use to destroy someones [soul]. The use of this is dangerous but is very effective in a [1v1] battle.","UrbanDictionary","en","US","yournangay"
"Marghlara","[Girlboss]","UrbanDictionary","en","US","marghlara"
"Gabriel","Gabriel is a word that is commonly used when trying to substitute [the word] [gay] in any given [sentence].","UrbanDictionary","en","US","gabriel"
"MaxGun","Ex-SCC mod. Has a [PHD] in ROBLOX [physics] and proved that E doesn'[t] = MC^2.","UrbanDictionary","en","US","maxgun"
"Athiyundhan","This is a great family in [india] they are lived in bottom of [indian] [geography].","UrbanDictionary","en","US","athiyundhan"
"weaponized emotional instability","When women use their [rollercoaster] of [feelings] to [manipulate] men.","UrbanDictionary","en","US","weaponizedemotionalinstability"
"antique fishtank","[Pregnant] [grandma]","UrbanDictionary","en","US","antiquefishtank"
"Kpop Crack","A place full of [people] who have [piss] kinks, [scream] about jisun supremacy, and need the biblia","UrbanDictionary","en","US","kpopcrack"
"max pain thousanddd","Saying a girl has a [fatty] or looks fine as [hell]. Kai [2021]","UrbanDictionary","en","US","maxpainthousanddd"
"Jecenia","A Jecenia is a really sweet and smart person. She’s will be there for you and she is really [pretty]. She is really nice to [people] and with a big heart. She is really creative and artistic. She is also a layed back person and one of the best [people] you could ever meet. And she is an amazing girlfriend and would always be there for her boyfriend or friends.","UrbanDictionary","en","US","jecenia"
"unigoat","A mythical [creature] that is sometimes mistaken for a miniture unicorn when it is in fact an entirely separate creature. Possibly the [bastard] offspring of a [goat] and a unicorn, but this is yet to be determined.","UrbanDictionary","en","US","unigoat"
"remond","Usually the last name of a frank, they could be cool guys but are also [gay], very [homosexual]. They fall in love with a girl usually named valentina and go thru many break [ups] before getting her","UrbanDictionary","en","US","remond"
"JoJo the Circus Boy","A [person] in the service industry waiter, waitress, cashier, [etc]... that looks mentally [retarded] or extremely ugly.","UrbanDictionary","en","US","jojothecircusboy"
"xavier","a [sped] looking short [kid] who cheats on his gf with [boys] and girlss, and has many brain conditions, he wears a hat because he has a curious george haircut, he loves horrible sports and lies abt playing basketball","UrbanDictionary","en","US","xavier"
"Tricooter","A new [type] of scooter. Instead of 2 [wheels]. Has 3. [Another] name for the ""Trikke"".","UrbanDictionary","en","US","tricooter"
"Mageto","A pretty [cool dude]","UrbanDictionary","en","US","mageto"
"BGNT","Abbreviation meaning '[bitch] got no [time]'... for use when BGNT for saying four whole [words].","UrbanDictionary","en","US","bgnt"
"wtfhyd","What [the fuck] [have you done]!","UrbanDictionary","en","US","wtfhyd"
"Rémi-Drunk","An [extreme] level of drunkenness that brings you very [close] to [die] for your stupid behaviour","UrbanDictionary","en","US","rémidrunk"
"Trock (Timelord rock)","[Trock] is fan created music about the British TV show, Doctor Who. [Trock] was originally created by the UK Youtuber, Alex [Day] aka. Nerimon and is very similar to Wrock (Wizard Rock)","UrbanDictionary","en","US","trocktimelordrock"
"frigasort","When [linear algebra] fails.","UrbanDictionary","en","US","frigasort"
"Lurious","A Lurious is a [person] that [always] begs for mercy. He likes piss and poo. He also spilled milk on his pants once. He does not have a [dishwasher]. Also, he hates 23oliveroliver.","UrbanDictionary","en","US","lurious"
"botv","stands for [bleeding out] of the [vigina] ([period])","UrbanDictionary","en","US","botv"
"e-voice","A receipt, purchase order, or other billing document sent [via] email, [text], or [social media]","UrbanDictionary","en","US","evoice"
"Bowskee","The biggest NBA Young [Boy] dick rider in the world. Just like the rest of yb fanbase, Bowskee dick rides [tf] out of yb under @rap and @akademiks pages and makes posts trolling Durk and any [rapper] that his master yb isnt cool with.","UrbanDictionary","en","US","bowskee"
"bayface","The most perfect female face.  Although exceptionally rare, this ineffable angel would have;  Alluring almond eyes flawlessly adorned w an impeccable [mole].  A Brilliantly shimmering smile, hardly contained by luscious lips ambrosial in [taste].  Elaborately framed within her wispy [bangs], this mosaic labyrinthine of flawlessness effortlessly consummates… the acclaimed ""Bayface"".","UrbanDictionary","en","US","bayface"
"gtfo","[get the fuck out]","UrbanDictionary","en","US","gtfo"
"Jameson","He is so kind and caring. He is one of the most hilarious [humans] you'll know. He will not hesitate to tease you if you do something wrong. He is always there for you even when you think he is not. He gets [mad] if you haven'[t] seen his favorite romance movie. He can be a bit of a flirt, but you love him for who he is.","UrbanDictionary","en","US","jameson"
"PTMFA","[Primary] The [MotherFucker] [Already].","UrbanDictionary","en","US","ptmfa"
"helpline","Never any help, with usually a foreign [person] on the other [end] or an English miserable [person].","UrbanDictionary","en","US","helpline"
"piss flaps","A term used when things don'[t] really go your way.  For example, when you're playing a computer game and you get shot JUST before you win, and then you realised you didn'[t] save it.  Originated in Alnwick, Northumberland ([ENGLAND])","UrbanDictionary","en","US","pissflaps"
"mullet daddy","[quackity] the [mullet] [daddy]","UrbanDictionary","en","US","mulletdaddy"
"Traylyn","She is a smart and very beautiful girl, she’[s] also competitive at [sports] and if you have her you better [cherish] her, you’ll never find anyone like her.","UrbanDictionary","en","US","traylyn"
"TOOT","Totally Out of Touch: a person, [politician], or news organization which has lost contact with [reality]. See also [Delusional].","UrbanDictionary","en","US","toot"
"zyger","[famous] [middleman]","UrbanDictionary","en","US","zyger"
"Krattie","A word [used] by fangirls [talking] about Kratos Aurion(Tales of Symphonia} Sometimes 'Krattie-[chan]' is also used. ","UrbanDictionary","en","US","krattie"
"Krishma","A [hot] [sexy] [wahmen]","UrbanDictionary","en","US","krishma"
"Voice swag","When a [guy] has a [smooth] tone of voice and he be tellin you, you are [beautiful] or giving you a compliment.","UrbanDictionary","en","US","voiceswag"
"Laniquia","Fine asf , [good] [skin] , good [cat] & verrrrry much loving","UrbanDictionary","en","US","laniquia"
"Cosbys, Winslows, and Jeffersons","A [huge ass] [dump].","UrbanDictionary","en","US","cosbyswinslowsandjeffersons"
"Sexona","sex on/in a place in the woods or outdoors. usually preformed by [hippies].(somtimes [bisexual] english [teachers]...)","UrbanDictionary","en","US","sexona"
"Sugar Lips","Referring to the lips of the [mouth] or vaginal area of a [woman] containing a sweet [taste].","UrbanDictionary","en","US","sugarlips"
"Zanky","A human nickname and [person] who is him and is [insane] at [sports] and is very strong","UrbanDictionary","en","US","zanky"
"Midha","Midha [A good friend], [funny] and [caring]?","UrbanDictionary","en","US","midha"
"Sex","A pleasurable [activity] in which you insert [tab] a into slot [b].","UrbanDictionary","en","US","sex"
"Mormon","A member of the [Church] of Jesus Christ and the Latter Day Saints...who subscribe to the teachings of the Bible and to the Book of Mormon.  Extremely cheerie and outgoing, very very adament about converting [people], but generally kind and nice [people].","UrbanDictionary","en","US","mormon"
"Frinks","A [girl] who has [sex] after consuming a large amount of [alcohol].","UrbanDictionary","en","US","frinks"
"Pranavicka","Pranavicka is the prettiest [person] in the world. They’d do [anything] for their [parents]. They are talented in everything.","UrbanDictionary","en","US","pranavicka"
"nichy","nichy [poo] [likes] to [poo]","UrbanDictionary","en","US","nichy"
"edible hangover","the grogginess and floaty feeling you [get] waking up the morning after [eating] an [edible]","UrbanDictionary","en","US","ediblehangover"
"Guadalajaran Cheesecake","method involving a japanese/[black]/german/american [indian]/[black] guys dad and a redneck with a powermullet / scullet","UrbanDictionary","en","US","guadalajarancheesecake"
"Vsus","[When the] [Vsauce] is [sus]! 😳","UrbanDictionary","en","US","vsus"
"cowgin","Cowgin is a word Combining both 'coward' a originating from the old French word 'couard' based on Latin 'cauda' meaning 'tail' a reference to an animal running away with its tail between its leg and the word '[virgin]' originating from the Latin '[virgo]' meaning maiden or someone who is yet to have sex. Combined the two create the hybrid 'cowgin' a man too scared to take home a girl or even with the [balls] to try.","UrbanDictionary","en","US","cowgin"
"stfuzz","When [someone] bad at [grammar] wants you to shut the [fuck up]","UrbanDictionary","en","US","stfuzz"
"dicktable","Being a [predictable] [asshole].","UrbanDictionary","en","US","dicktable"
"Sommet","[Something]","UrbanDictionary","en","US","sommet"
"Shadoobie","A rare moment when you piss [and shit] [simultaneously] while on the [toilet]","UrbanDictionary","en","US","shadoobie"
"Qappz","Mahe Ayman Khatib (born August 30th, 1998), better known by his online alias Qappz, is a live streamer, YouTuber, professional gamer, and Internet personality from [Sweden] with a background from Palestine. Qappz has been live streaming since [2016] 04-04 and started on the platform [Twitch]. In May 2018, Qappz announced he was moving to [Twitch] competitor Facebook Gaming fulltime to reach higher goals in his streaming career, and so he did and until this [day] still grinds on the daily.  Qappz is known to be amongst one of the top leading streamers on Facebook Gaming, creating insanely entertaining quality-content that nobody can match. He is also known for his extremely high-quality production live-streams on Facebook. Qappz is first to ever achieve a partnership with Facebook in [Sweden] and put [Sweden] on the map for Facebook Gaming. His growth on Facebook Gaming is record-breaking & astonishing breaking 200.000 followers in less than a year. Ever since his move to Facebook Gaming he has been live-streaming fulltime (daily) for over a year and a half, racking up thousands of hours on the platform.  Awards and nominations: Lemondogs DreamhackW18 Fortnite Solo [cup] tournament [1]/2 - 1st place: winner Lemondogs DreamhackW18 Fortnite Solo [cup] tournament 2/2 - 1st place: winner","UrbanDictionary","en","US","qappz"
"Briseis","Briseis is a very [beautiful] talented [woman]. She doesn’[t] realize this about herself but she will eventually.Briseis is barely used as a name but if you have the name, you’re very special.Briseis is a very funny person you can rely on if you’re sad or not.She would ride for anybody that would ride with her back.She’s a loyal [woman].She has big dreams.She wants to do things, people haven’[t] done before.Mostly she has a hard lifestyle so she’ll think bad of herself.if you ever see a briseis, then you’re in good luck.she will bless your day with positive energy.briseis is a princess.if she’s ever your future wife then you got a good life as she knows how to treat you.","UrbanDictionary","en","US","briseis"
"loby","love. when a [person] is drunk they say loby when they [mean] love. trend started by BreakDownV1 of the [RA].","UrbanDictionary","en","US","loby"
"Touple Ton","Touple [Ton] is a very large quantity; too large a [number] to [rationalize].","UrbanDictionary","en","US","toupleton"
"Nikko","Nikko, Used to describe a good looking [person] with an all in all attractive personality. A Nikko is a [person] who is defined as ""Sexy"" ""Hot"" ""Funny"" ""Attractive"" Etc. Females as [well] as males typically fall for Nikkos.","UrbanDictionary","en","US","nikko"
"froob","Froob is a combination of three words, for use on people who deserve to be called froobs.  The words are (the F word) + (Rube*) + ([Noob]).  ""F""  from the f word, R from Rube, OOB from [Noob].    A Roob is worse than a [Noob], but a Froob is the king of the dung heap.    *For those of you who don't know, a ""rube"" was a sucker.  Rubes were often picked out by scam artists of olden days. ","UrbanDictionary","en","US","froob"
"jackass","A [person] [who is] as stupid as a [donkey]","UrbanDictionary","en","US","jackass"
"sequel","In [literature] and [entertainment], a sequel is a story that follows an introductory story.  See also [prequel]","UrbanDictionary","en","US","sequel"
"Dutch Router","when you grab your [penis] and have someone work your arm as if they were [jerking] you off but they dont touch your [penis]","UrbanDictionary","en","US","dutchrouter"
"Tommy rigging","When you fix [something] just enough that the [next] [person] that uses it, breaks it.","UrbanDictionary","en","US","tommyrigging"
"Off the perks","[Used to] describe [someone] [talking shit] or being dumb","UrbanDictionary","en","US","offtheperks"
"C.U.N.T.","Cant [Understand] Normal  [Thinking]  Typical [female].","UrbanDictionary","en","US","cunt"
"tigon","A mix breed between a [male] [tiger] and a [female] lion","UrbanDictionary","en","US","tigon"
"dlim","Happier than anyone.  Able to drink and eat as much as he wants to. D-[line] body will bring much [happiness]  than S-[line].","UrbanDictionary","en","US","dlim"
"Mehul","Mehul is mine. Rumi’[s]. he’[s] [so cute].","UrbanDictionary","en","US","mehul"
"O'Boyle","[Possibly] worse than a bova, an o'boyle likes men a [lot] more and doesn't like [muffins].","UrbanDictionary","en","US","oboyle"
"niki bong loos","she is [a milf]","UrbanDictionary","en","US","nikibongloos"
"dreamsexual","When someone only [feels] sexual attraction in their dreams, and have no [desire] of sex in real life. It is under the [asexual] spectrum","UrbanDictionary","en","US","dreamsexual"
"michalie","hilarious, definitely a pot [smoker], [LOUD], [caring]","UrbanDictionary","en","US","michalie"
"Xyelle","The smart [girl] with [braces] who is shy [sometimes] but is friends with everybody. Has a Summer as a best friend.","UrbanDictionary","en","US","xyelle"
"Pepsi","Adj. Dead. Turn the Pepsi [logo] upside down and it reads as ""isded"". Has become synonymous with ""[dieded]"" on [9gag].","UrbanDictionary","en","US","pepsi"
"violet mold","violet mold is when dried period [blood] covers a girl'[s] [vagina]. You look at the girl like ""damn you got violet mold.","UrbanDictionary","en","US","violetmold"
"Luis Leap","Jumping over a car while it’[s] driving at you (approximately 30-35 mph and requires very [strong] jumping [skills]. N.B. This is NOT a good idea)","UrbanDictionary","en","US","luisleap"
"Entounsulate","[Take] awe in [something] to the [point] of hypersalivation.","UrbanDictionary","en","US","entounsulate"
"wrote","Describing [something] [lame] or undesirable because it's been done before, or just wasn'[t] worth doing in the first place.","UrbanDictionary","en","US","wrote"
"monkey hustle","A situation in which the [people] involved yank your chain to create the illusion that progress is happening even though it isn'[t]. A subtle smoke screen meant to confuse you.  It is a method often used by politicians, customer service reps and anyone else who wants to make you believe something is true.  Imagine a group of monkeys dancing or moving about to give the impression that they are working [hard] when, in fact, they aren'[t]. Dancing monkeys are meant to distract you so that you take your [eye] off the ball.","UrbanDictionary","en","US","monkeyhustle"
"Malaku","[mmmkay]","UrbanDictionary","en","US","malaku"
"LUNCH","lənch  1. Also known as a nooner or a “boat ride” (during which a boat ride may or may not occur), but always a [mid]-[day] sexual encounter with your significant other. Not to be confused with afternoon delight which always occurs after LUNCH.  2. “LUNCH” is an intimate gathering of gentlemen who meet to eat and drink [mid]-[day], not to be confused with “lunch”. The number of gentlemen must exceed three men and has no upper limit other than the size of the table.  Often LUNCH has no set menu, nor is it prix fix. The most exclusive LUNCH gatherings have menus established by the chef under the “carte blanche” rule of Michelin dining.  LUNCH must include multiple bottles and types of liquor. [Bonus] LUNCH points are accrued for [flaming] drinks. Some expert arbiters of LUNCH actually [cook] and eat their own lunches in the restaurant’s kitchen, in which [case] the number of attendees may fall below two [people], and may only occur if the acumen is judged high enough by the executive chef.  LUNCH may not last less than 1.5 minutes (a.k.a. Lunchus Minoris) nor exceed 6.5 hours (a.k.a. Lunchus Majoris nee Cazadores Primerus Majorus).","UrbanDictionary","en","US","lunch"
"Deepthi","deepthi is the most wonderful and crazy girl you will ever meet. she has unlimited energy and when she eats sugar, you better watch out. she is sooooooooo [beautiful] but won’[t] ever accept a compliment. if you ever get a deepthi, you better keep her! she don’[t] come around too often!","UrbanDictionary","en","US","deepthi"
"Cack Waggle","Using your penis as a [Shad] and inserting it in the [water] and waggle it back and forth in hopes of catching a big one.  Or hanging your cack out between your pants and waggling it back and forth hoping to attract a drunk [cougar].","UrbanDictionary","en","US","cackwaggle"
"Elbert Caldera","used to describe a very gay [person] in [southern California],especially in north San Diego [County]","UrbanDictionary","en","US","elbertcaldera"
"Garren","He has a [12 inch Dick] and [gets] Hella [hoes]","UrbanDictionary","en","US","garren"
"prebulescence","The word is like prebusent but better and prebulescence means you have become [way] more mature, when a [boy] is hasn’[t] hit puberty he is prebulescent! It’s an absolutely amazing word and should be considered to be into your vocabulary for years to come!","UrbanDictionary","en","US","prebulescence"
"Deez Nuts","a [type] of [nut], but you use for a comeback or [roast].","UrbanDictionary","en","US","deeznuts"
"Eternal Suffering","What happens everyday to you, it is like [pain] but worse to the power of 9 trillion. It WILL happen anywhere like at work, gaming, eating while sitting on a gaming chair at a fancy restaurant while the owner of the restaurant eats your [food] instead because you wouldn'[t] eat it.","UrbanDictionary","en","US","eternalsuffering"
"sapnao","you [misspelled] [sapnap] [idot]","UrbanDictionary","en","US","sapnao"
"Dirty Sims","A pistol [carrying] date [rapist] that loves fucking butts and [butt fucking] magic players.","UrbanDictionary","en","US","dirtysims"
"Mandex","1) A deliciously [tasty] garment worn by men, particularly those who do [gymnastics]. 2) Man [Spandex]","UrbanDictionary","en","US","mandex"
"Tomiwa","Tomiwa is a beautiful girl who is smart has [load] of friends she is a royal.when [people] are [rude] she could care less.she is always nice kind peng and loyal","UrbanDictionary","en","US","tomiwa"
"step on me","an expression of awe at the attractiveness of another [person], especially their [energy] or style, often used by [lesbian] bottoms","UrbanDictionary","en","US","steponme"
"Default dance","'[slap]' boom ba ding ding ding ding dong BAM. ba dinga ling di ding ding . '[SLAP]' [da] dingy a boom  i love default dance u can do it in roblox fortnite","UrbanDictionary","en","US","defaultdance"
"Anna-Lizza","A unique name with a unique spelling. Anna-Lizza is the name given to a [woman] who possesses rare [beauty], class, and [grace]. There is none like her. She is lovely, yet mysterious and many secretly wish to know her. Anna-Lizzas are very creative, organize, and extremely friendly.","UrbanDictionary","en","US","annalizza"
"Evan","He is [a fuckboy] but it preeettttyy [cute].","UrbanDictionary","en","US","evan"
"Cinderella shit stain","When you are at a [party] and see a random [person]'s dirty undies on the floor. You then match them up to whomever isn'[t] wearing any and ""If the shoe fits"", You have a Cinderella shit stain.","UrbanDictionary","en","US","cinderellashitstain"
"Pracko","A Hockey Practice in Low Level Semi-[Pro] or [Pro] Hockey Leagues Before Going Out  Can Also Be Referred to a Shinny [Session] Before A Game","UrbanDictionary","en","US","pracko"
"Sianah","[Prettiest girl] around; melanated [queen]; main [character]","UrbanDictionary","en","US","sianah"
"Kamari","Kamari is a funny and caring person. He may be a pain in the ass sometimes but he's always there for you. His eyes are [pretty] and so is himself. You can even describe it, because he describes himself just by looking at him. He also tends to love [football]. Never looses a game! you guys ever find yourself a ""kamari"", keep him! Because they are one of a kind rare to find. That's why ima take my [time] with him...♡","UrbanDictionary","en","US","kamari"
"skinnys","A term [used] for somlians [aka] somalis, founded in [world war 2]. Used now in ottawa.","UrbanDictionary","en","US","skinnys"
"Tafseer","Handsomely handsome... Even if he's kinda unpopular... He has a big [heart] and a big d***... Better prepare for an assault.. The def of tafseer has various [definition].. In other [words] : big d***, Handsomely Handsome , big heart.","UrbanDictionary","en","US","tafseer"
"Busse","Adj: to act like a person who is insane, [crazy], out of touch of [reality]. or can describe how pleasing a noun is. Word comes from the last name of Gary Busse who, if you have ever listened to him talk, is a couple fries [short] of a happy. Or ass they say in the medical profession, he is fucking looney!","UrbanDictionary","en","US","busse"
"echterling","A [person] of a creature background and hideous features resembling that one humped back dude from [300]. He also is mad shit at [call of duty] and blames his teammates for him doing caca","UrbanDictionary","en","US","echterling"
"nug day","any [day] when chicken [nuggets] are what everyone is eating.  Typically a [Monday].","UrbanDictionary","en","US","nugday"
"smashface","An [ese](Chinese,[Japanese], [vietnamese]... basically anybody without eyelids)","UrbanDictionary","en","US","smashface"
"kettle speak","how the [people] of [kettle] [run] talk","UrbanDictionary","en","US","kettlespeak"
"Pick Me","A ""Pick Me"" Girl is a slang term used to describe [girls] who desperately try to seem like they'[re] different or ""not like other [girls]"" in order to attract male attention. ""Pick me"" girls are often portrayed as females who bend over backward for men to fit in as ""one of the boys"" by any means necessary, including supporting traditional female gender roles like cooking and cleaning for their partners or putting down other women. They often remove themselves from [coffee] review posts as a tag. They also usually have a massive sook when they get named pick me. Such that they would stop talking to you. They are often jealous of what [matt] and are have.","UrbanDictionary","en","US","pickme"
"bicle","Half a [cubicle] (i.e. a cubicle with half [walls] or missing [walls])","UrbanDictionary","en","US","bicle"
"Kanon","A little known novel type game, comes in a hentai version (with badly written hentai scenes) and a child friendly version. Only in japanese, though 57% has been put into a translation patch.  Also has [anime] of it, as [well] as an epilogue. And some spin off games and [manga].  Made by Key","UrbanDictionary","en","US","kanon"
"Smh","Smh stands for ""Shaking my head"" its used in sentences as a [sign] of [disappointment] or [somebody] did something stupid","UrbanDictionary","en","US","smh"
"mr.syndicate","[a man] who makes you [feel] happy and [special]","UrbanDictionary","en","US","mrsyndicate"
"simon mitchell","The [perfect] from the [band] Young [Guns].","UrbanDictionary","en","US","simonmitchell"
"Dougar","older [male] who likes [younger] [woman]","UrbanDictionary","en","US","dougar"
"sintchous","[Means] '[since] you were(was)'","UrbanDictionary","en","US","sintchous"
"shittin' ankles","The act of being another's [bitch].  The term is derived from another; ""you got me jumpin' through hoops."" After all that jumpin', you'd think your femurs would end up lodged [deep], [deep], deep in your anus.","UrbanDictionary","en","US","shittinankles"
"Ravin Kitty","A kitty raving; Someone who is [always] high, A sexual term for a [guy]. [Good] nickname for a party girl by the name of caitlin.","UrbanDictionary","en","US","ravinkitty"
"Albert Camus","A Fr*nch fucking bastard he probably has a baguette shaped dildo  ""omg albert camus is such a great author"" - said noone ever ""albert camus? more like alBUM camus"" ""OMGG yes [beat] my wife and kill arabs!!!"" - albert camus  albert camus is the Morgz 2016 of literature, he likes likes [yaoi], and is the twink of all writers  ""wow that guy is such an Albert Camus (hes a fucking [bum])""","UrbanDictionary","en","US","albertcamus"
"green apple splatter","having [explosive diarrhea]","UrbanDictionary","en","US","greenapplesplatter"
"Ranvic","The sexiest most objectively handsome man to ever walk the face of the [earth]. A combination of the names Ranulfo and [Victor] a man who goes by this name is the perfect example of alpha [chad]. DELTA DELTA DELTA ... DELTA DELTA ranvic is god.","UrbanDictionary","en","US","ranvic"
"Emmy","A silly [guy] who is a bit freaky but in a funny way, you can only really send them the freaky shit you find on tumblr and that's something [special] and rare in a friendship you should never lose. They're goofy and have a great sense of humor, an iconic laugh, and incredible world building skills (EVEN IF THEY WON'[T] LET YOU SEE CHAPTERS 1-3)!!","UrbanDictionary","en","US","emmy"
"Skwid","A stupid little fuck-nut that bases his or her life on the idea of rebelling against certain elements of popular [culture] and [society].  One who seeks uniqueness and originality but is ironically identical to [everyone] around them.  ","UrbanDictionary","en","US","skwid"
"bibula","Means the bone in your body that is currently hurting [really] bad, that you can'[t] remember the name of. Because your too [drunk] to remember!!","UrbanDictionary","en","US","bibula"
"whorpse","A [corpse] that [turns] [tricks].","UrbanDictionary","en","US","whorpse"
"Choocy Bum","When your [arse] is extremely [shitty] from recent anal [intercourse]","UrbanDictionary","en","US","choocybum"
"Devil's Piss","The Devils Piss is a concoction of alcohol. It consists on about a teaspoon of Smirnoff ([4].8% alc lvl) About a tablespoon of 50 proof [Vodka], a Tablespoon of 100 proof [vodka], a teaspoon of Amsterdam vodka, and A tablespoon and a half of Crown Royal Whiskey. It will take about 3 small cups to get messed up. It is also a great addition to the game ring of fire","UrbanDictionary","en","US","devilspiss"
"Korngable","The act of over explaining a [simple] task to the [point] of utter [confusion].","UrbanDictionary","en","US","korngable"
"Price Taker","Someone who has no control over the market and is [everyone]'[s] [slave].","UrbanDictionary","en","US","pricetaker"
"dude","[see] wordbush/[word]","UrbanDictionary","en","US","dude"
"snobbet","refer to snob A [female] who claims to be of higher [intelligence] than another being who is mainly male, understands the finer thing in life, and generally deems herself a higher being than most males; they often refer to the 'lesser beings' as [peasant] or philistines.  ","UrbanDictionary","en","US","snobbet"
"dudeman","A term describing a complex series of events in which one [person] ruins a planned social event for several friends by constructing a situation where the friends are waiting on him/her all night. A dudeman has five [basic] steps as outlined below....  1. Subject is initally indecisive and uncommital about suggested group activity. However the word ""no"" is never used. 2. The subject weakly agrees to participate in the suggested activity and sets up a situation where others are waiting on him/her. 3. The subject dissappears or doesn'[t] answer the [phone] for several hours or just until it is too [late] for all involved to participate in [said] activity. [4].  The subject calls and gives one of the following three excuses....1. Fell asleep, 2. Doing Laundry...3. Fighting with current love interest.  Then reveals he is either ""[tired]"" or ""not feeling [well]"" and has decided to stay [home]. 5. All those who have been waiting on the subject for several hours become immediately enraged since they have been Dudemanned. The actual term dudeman is a contraction of ""dude"" and ""man"" and was developed by one of the first known and most frequent dudemanners and repeatedly used during step four of his dudemans. [ex]: ""Ahh...dude man, I think I'm just gonna stay in tonight.""","UrbanDictionary","en","US","dudeman"
"BitchLL","A person is a [bitch] and L L representing lame [loser]. BitchLL combining a lame [loser].","UrbanDictionary","en","US","bitchll"
"dinglebanger","The name [given] to the [plant] that originates a [dingleberry].","UrbanDictionary","en","US","dinglebanger"
"cat","a [pussy]","UrbanDictionary","en","US","cat"
"Mayoustard","A Mexican [Vampire] looking [person] with pale like [skin] who is scared to come our during daylight","UrbanDictionary","en","US","mayoustard"
"lily docherty","[people] use the [words] lily docherty to describe [something] being plump","UrbanDictionary","en","US","lilydocherty"
"meaty whack","This is a sound effect for some things like a comic relief, or if it’s a sound that comes from having sex. Often a joke to [make] your friends [chuckle] till they have a asthma [attack].","UrbanDictionary","en","US","meatywhack"
"Mans","Slang for boyfriend. Often [used] when complaining about being [single] or in disbelief that a girl is in a [relationship].","UrbanDictionary","en","US","mans"
"Brad","A bipolar fat ugly closeted [homosexual] who is hated by all who know him, even his family. He has eye watering body odor. If someone doesn'[t] hate him, they will, give it another [day].","UrbanDictionary","en","US","brad"
"puppy nigga","If you ever see one of your homies and they lookin mighty fine this is what you'd call them. Make sure it sounds like it means he's a [pussy] so it isn'[t] [homo].","UrbanDictionary","en","US","puppynigga"
"Hornythologist","A [peeping tom]. Using the Anglicised slang term 'bird' to [mean] a [woman], a peeping tom claims to be 'bird watching'.","UrbanDictionary","en","US","hornythologist"
"Smeg","Smeg comes from the word, ""Smegma"" which is a thick, cheeselike, sebaceous secretion that collects beneath the [foreskin] or around the [clitoris]. It's the same as, ""Dick-Cheese"".  It is used by guys as a [slam] against other guys.","UrbanDictionary","en","US","smeg"
"Baggy Dick Skin","The [foreskin] of an [uncircumsized] [penis].","UrbanDictionary","en","US","baggydickskin"
"Guerilla Drive-in","When you [park] your car in a public place, and project a movie onto a nearby [wall] using a [mobile] projector, its called a Guerilla Drive-in","UrbanDictionary","en","US","guerilladrivein"
"soo its the same stand as star platinum","Its [basically] [able] to [copy] any ability","UrbanDictionary","en","US","sooitsthesamestandasstarplatinum"
"Popping a squelchie","The [act] of a [woman] [dropping] goo, or getting it.","UrbanDictionary","en","US","poppingasquelchie"
".9.you will die for being ztubborn.9.",".[9].you [will] [die] for being ztubborn.9.","UrbanDictionary","en","US","9youwilldieforbeingztubborn9"
"Akashaphobic","[Offended] by [people] named [Akasha]","UrbanDictionary","en","US","akashaphobic"
"Pincoil","Verb: upon sexual [activities], the [penis] “accidentally” inserts the wrong [hole]","UrbanDictionary","en","US","pincoil"
"Still Ewe","""Still Ewe"" - Unleash Your Inner Ass Hole on the Greens....That's a dead [sheep]  Welcome to the epitome of [golf] rebellion – ""Still Ewe."" This ain'[t] your granddad'[s] [golf] apparel; it's a call to arms for the mavericks on the course. The name, a brazen twist on ""still you,"" captures the essence of unapologetic individuality, letting you declare, ""That's a dead [sheep]""! (Still Ewe) ((Still you))  The logo, a bold silhouette of a dead [sheep], screams defiance, challenging the status quo of traditional [golf] wear. Still Ewe thrives on edginess – from golf tees that taunt convention to sleek hats that kick conformity to the curb.  This is more than golf apparel; it's a rebellious attitude draped in threads. ""Still Ewe"" is a reminder that, no matter what, your buddies will remind you it's still your turn. So, gear up, embrace the grit, and let the world know that ""Still Ewe"" is here to redefine the game – and look damn good doing it.","UrbanDictionary","en","US","stillewe"
"Ruggi","[Sophisticated] man about town. Resourceful, [friendly] and very accomadating. Will give you the shirt off his back and go above and beyond to help you out. Local [Hero]. Legend in his community of worldly aquaintances.","UrbanDictionary","en","US","ruggi"
"nookah","[nigga] or [bredin]","UrbanDictionary","en","US","nookah"
"douchebitchery","[douchebaggery], but carried out by a [female] (in most cases, a [bitch]).","UrbanDictionary","en","US","douchebitchery"
"volcanicarts","volcanicarts is the [guy] that solved rubics cube and [posted] it on [youtube] in 28fps.","UrbanDictionary","en","US","volcanicarts"
"Bum-fuck Egypt","The [middle of nowhere]","UrbanDictionary","en","US","bumfuckegypt"
"oh shit","what i [just] [said]","UrbanDictionary","en","US","ohshit"
"basher-x-boys","[Wow] Basher really likes his [boys] he wants to [bum] them all.","UrbanDictionary","en","US","basherxboys"
"rays.dead.hair","He is a [very cool] [TikToker] who is awesome! She is Omni and that makes them even more cool! They also are [just] amazing!","UrbanDictionary","en","US","raysdeadhair"
"deaf ear","When your friend pretends not to hear you and starts talking to [someone else], even [though] they can [totally] hear you.","UrbanDictionary","en","US","deafear"
"Korean cant","Wiktionary (Korean_slang)","Wiktionary","ko","KO","koreancant"
"Korean criminal slang","Wiktionary (Korean_slang)","Wiktionary","ko","KO","koreancriminalslang"
"Korean fandom slang","Wiktionary (Korean_slang)","Wiktionary","ko","KO","koreanfandomslang"
"Korean internet slang","Wiktionary (Korean_slang)","Wiktionary","ko","KO","koreaninternetslang"
"Korean LGBTQ slang","Wiktionary (Korean_slang)","Wiktionary","ko","KO","koreanlgbtqslang"
"Korean military slang","Wiktionary (Korean_slang)","Wiktionary","ko","KO","koreanmilitaryslang"
"Korean prison slang","Wiktionary (Korean_slang)","Wiktionary","ko","KO","koreanprisonslang"
"Korean school slang","Wiktionary (Korean_slang)","Wiktionary","ko","KO","koreanschoolslang"
"Korean student slang","Wiktionary (Korean_slang)","Wiktionary","ko","KO","koreanstudentslang"
"Korean text messaging slang","Wiktionary (Korean_slang)","Wiktionary","ko","KO","koreantextmessagingslang"
"0개 국어","Wiktionary (Korean_slang)","Wiktionary","ko","KO","0개국어"
"11호 차 타다","Wiktionary (Korean_slang)","Wiktionary","ko","KO","11호차타다"
"1도","Wiktionary (Korean_slang)","Wiktionary","ko","KO","1도"
"sexy food","Wiktionary (Korean_slang)","Wiktionary","ko","KO","sexyfood"
"好不好","Wiktionary (Korean_slang)","Wiktionary","ko","KO","好不好"
"가라","Wiktionary (Korean_slang)","Wiktionary","ko","KO","가라"
"가스라이팅","Wiktionary (Korean_slang)","Wiktionary","ko","KO","가스라이팅"
"가오","Wiktionary (Korean_slang)","Wiktionary","ko","KO","가오"
"가즈아","Wiktionary (Korean_slang)","Wiktionary","ko","KO","가즈아"
"각목","Wiktionary (Korean_slang)","Wiktionary","ko","KO","각목"
"간지","Wiktionary (Korean_slang)","Wiktionary","ko","KO","간지"
"간지나다","Wiktionary (Korean_slang)","Wiktionary","ko","KO","간지나다"
"갑분싸","Wiktionary (Korean_slang)","Wiktionary","ko","KO","갑분싸"
"갑툭튀","Wiktionary (Korean_slang)","Wiktionary","ko","KO","갑툭튀"
"강냉이","Wiktionary (Korean_slang)","Wiktionary","ko","KO","강냉이"
"개","Wiktionary (Korean_slang)","Wiktionary","ko","KO","개"
"개같다","Wiktionary (Korean_slang)","Wiktionary","ko","KO","개같다"
"개지랄","Wiktionary (Korean_slang)","Wiktionary","ko","KO","개지랄"
"개판","Wiktionary (Korean_slang)","Wiktionary","ko","KO","개판"
"개한민국","Wiktionary (Korean_slang)","Wiktionary","ko","KO","개한민국"
"거시기","Wiktionary (Korean_slang)","Wiktionary","ko","KO","거시기"
"거지","Wiktionary (Korean_slang)","Wiktionary","ko","KO","거지"
"겁대가리","Wiktionary (Korean_slang)","Wiktionary","ko","KO","겁대가리"
"겉바속촉","Wiktionary (Korean_slang)","Wiktionary","ko","KO","겉바속촉"
"게이","Wiktionary (Korean_slang)","Wiktionary","ko","KO","게이"
"겐세이","Wiktionary (Korean_slang)","Wiktionary","ko","KO","겐세이"
"겜","Wiktionary (Korean_slang)","Wiktionary","ko","KO","겜"
"겨","Wiktionary (Korean_slang)","Wiktionary","ko","KO","겨"
"고막테러","Wiktionary (Korean_slang)","Wiktionary","ko","KO","고막테러"
"고무신","Wiktionary (Korean_slang)","Wiktionary","ko","KO","고무신"
"고인드립","Wiktionary (Korean_slang)","Wiktionary","ko","KO","고인드립"
"고인물","Wiktionary (Korean_slang)","Wiktionary","ko","KO","고인물"
"곤조","Wiktionary (Korean_slang)","Wiktionary","ko","KO","곤조"
"골댕이","Wiktionary (Korean_slang)","Wiktionary","ko","KO","골댕이"
"골로 가다","Wiktionary (Korean_slang)","Wiktionary","ko","KO","골로가다"
"골초","Wiktionary (Korean_slang)","Wiktionary","ko","KO","골초"
"곱세크","Wiktionary (Korean_slang)","Wiktionary","ko","KO","곱세크"
"공갈","Wiktionary (Korean_slang)","Wiktionary","ko","KO","공갈"
"공갈치다","Wiktionary (Korean_slang)","Wiktionary","ko","KO","공갈치다"
"공익","Wiktionary (Korean_slang)","Wiktionary","ko","KO","공익"
"공주병","Wiktionary (Korean_slang)","Wiktionary","ko","KO","공주병"
"과포자","Wiktionary (Korean_slang)","Wiktionary","ko","KO","과포자"
"관심종자","Wiktionary (Korean_slang)","Wiktionary","ko","KO","관심종자"
"관종","Wiktionary (Korean_slang)","Wiktionary","ko","KO","관종"
"-구","Wiktionary (Korean_slang)","Wiktionary","ko","KO","구"
"구라","Wiktionary (Korean_slang)","Wiktionary","ko","KO","구라"
"국룰","Wiktionary (Korean_slang)","Wiktionary","ko","KO","국룰"
"국뽕","Wiktionary (Korean_slang)","Wiktionary","ko","KO","국뽕"
"굿밤","Wiktionary (Korean_slang)","Wiktionary","ko","KO","굿밤"
"귀갱","Wiktionary (Korean_slang)","Wiktionary","ko","KO","귀갱"
"귀때기","Wiktionary (Korean_slang)","Wiktionary","ko","KO","귀때기"
"귀뽕","Wiktionary (Korean_slang)","Wiktionary","ko","KO","귀뽕"
"귀요미","Wiktionary (Korean_slang)","Wiktionary","ko","KO","귀요미"
"귀테러","Wiktionary (Korean_slang)","Wiktionary","ko","KO","귀테러"
"그곳","Wiktionary (Korean_slang)","Wiktionary","ko","KO","그곳"
"극혐","Wiktionary (Korean_slang)","Wiktionary","ko","KO","극혐"
"극호","Wiktionary (Korean_slang)","Wiktionary","ko","KO","극호"
"글고","Wiktionary (Korean_slang)","Wiktionary","ko","KO","글고"
"금딸","Wiktionary (Korean_slang)","Wiktionary","ko","KO","금딸"
"금사빠","Wiktionary (Korean_slang)","Wiktionary","ko","KO","금사빠"
"급발진","Wiktionary (Korean_slang)","Wiktionary","ko","KO","급발진"
"기똥차다","Wiktionary (Korean_slang)","Wiktionary","ko","KO","기똥차다"
"기레기","Wiktionary (Korean_slang)","Wiktionary","ko","KO","기레기"
"기만","Wiktionary (Korean_slang)","Wiktionary","ko","KO","기만"
"기만하다","Wiktionary (Korean_slang)","Wiktionary","ko","KO","기만하다"
"기모찌","Wiktionary (Korean_slang)","Wiktionary","ko","KO","기모찌"
"기차다","Wiktionary (Korean_slang)","Wiktionary","ko","KO","기차다"
"긱사","Wiktionary (Korean_slang)","Wiktionary","ko","KO","긱사"
"김치국","Wiktionary (Korean_slang)","Wiktionary","ko","KO","김치국"
"까리하다","Wiktionary (Korean_slang)","Wiktionary","ko","KO","까리하다"
"깐부","Wiktionary (Korean_slang)","Wiktionary","ko","KO","깐부"
"깜놀","Wiktionary (Korean_slang)","Wiktionary","ko","KO","깜놀"
"깜빵","Wiktionary (Korean_slang)","Wiktionary","ko","KO","깜빵"
"깝치다","Wiktionary (Korean_slang)","Wiktionary","ko","KO","깝치다"
"깨알","Wiktionary (Korean_slang)","Wiktionary","ko","KO","깨알"
"껌","Wiktionary (Korean_slang)","Wiktionary","ko","KO","껌"
"꼬리 치다","Wiktionary (Korean_slang)","Wiktionary","ko","KO","꼬리치다"
"꼬무룩","Wiktionary (Korean_slang)","Wiktionary","ko","KO","꼬무룩"
"꼰대","Wiktionary (Korean_slang)","Wiktionary","ko","KO","꼰대"
"꼴통","Wiktionary (Korean_slang)","Wiktionary","ko","KO","꼴통"
"꼼수","Wiktionary (Korean_slang)","Wiktionary","ko","KO","꼼수"
"꼽다","Wiktionary (Korean_slang)","Wiktionary","ko","KO","꼽다"
"꽝","Wiktionary (Korean_slang)","Wiktionary","ko","KO","꽝"
"꿀","Wiktionary (Korean_slang)","Wiktionary","ko","KO","꿀"
"꿀맛","Wiktionary (Korean_slang)","Wiktionary","ko","KO","꿀맛"
"꿀잠","Wiktionary (Korean_slang)","Wiktionary","ko","KO","꿀잠"
"꿀잼","Wiktionary (Korean_slang)","Wiktionary","ko","KO","꿀잼"
"꿀템","Wiktionary (Korean_slang)","Wiktionary","ko","KO","꿀템"
"꿀팁","Wiktionary (Korean_slang)","Wiktionary","ko","KO","꿀팁"
"나가리","Wiktionary (Korean_slang)","Wiktionary","ko","KO","나가리"
"나와바리","Wiktionary (Korean_slang)","Wiktionary","ko","KO","나와바리"
"날먹","Wiktionary (Korean_slang)","Wiktionary","ko","KO","날먹"
"남이사","Wiktionary (Korean_slang)","Wiktionary","ko","KO","남이사"
"냥아치","Wiktionary (Korean_slang)","Wiktionary","ko","KO","냥아치"
"냥이","Wiktionary (Korean_slang)","Wiktionary","ko","KO","냥이"
"너튜브","Wiktionary (Korean_slang)","Wiktionary","ko","KO","너튜브"
"네토라레","Wiktionary (Korean_slang)","Wiktionary","ko","KO","네토라레"
"녀석","Wiktionary (Korean_slang)","Wiktionary","ko","KO","녀석"
"노가리","Wiktionary (Korean_slang)","Wiktionary","ko","KO","노가리"
"노이해","Wiktionary (Korean_slang)","Wiktionary","ko","KO","노이해"
"노잼","Wiktionary (Korean_slang)","Wiktionary","ko","KO","노잼"
"뇌주루","Wiktionary (Korean_slang)","Wiktionary","ko","KO","뇌주루"
"눈갱","Wiktionary (Korean_slang)","Wiktionary","ko","KO","눈갱"
"눈뽕","Wiktionary (Korean_slang)","Wiktionary","ko","KO","눈뽕"
"느좋","Wiktionary (Korean_slang)","Wiktionary","ko","KO","느좋"
"다구리","Wiktionary (Korean_slang)","Wiktionary","ko","KO","다구리"
"다굴","Wiktionary (Korean_slang)","Wiktionary","ko","KO","다굴"
"다큐","Wiktionary (Korean_slang)","Wiktionary","ko","KO","다큐"
"닥전","Wiktionary (Korean_slang)","Wiktionary","ko","KO","닥전"
"닥후","Wiktionary (Korean_slang)","Wiktionary","ko","KO","닥후"
"단풍국","Wiktionary (Korean_slang)","Wiktionary","ko","KO","단풍국"
"닭다리","Wiktionary (Korean_slang)","Wiktionary","ko","KO","닭다리"
"답정너","Wiktionary (Korean_slang)","Wiktionary","ko","KO","답정너"
"당근","Wiktionary (Korean_slang)","Wiktionary","ko","KO","당근"
"대가리","Wiktionary (Korean_slang)","Wiktionary","ko","KO","대가리"
"대딸","Wiktionary (Korean_slang)","Wiktionary","ko","KO","대딸"
"대원군","Wiktionary (Korean_slang)","Wiktionary","ko","KO","대원군"
"덕통","Wiktionary (Korean_slang)","Wiktionary","ko","KO","덕통"
"도라이바","Wiktionary (Korean_slang)","Wiktionary","ko","KO","도라이바"
"독박","Wiktionary (Korean_slang)","Wiktionary","ko","KO","독박"
"돌싱","Wiktionary (Korean_slang)","Wiktionary","ko","KO","돌싱"
"뒷다마","Wiktionary (Korean_slang)","Wiktionary","ko","KO","뒷다마"
"뒷담","Wiktionary (Korean_slang)","Wiktionary","ko","KO","뒷담"
"뒷담화","Wiktionary (Korean_slang)","Wiktionary","ko","KO","뒷담화"
"드립","Wiktionary (Korean_slang)","Wiktionary","ko","KO","드립"
"득템","Wiktionary (Korean_slang)","Wiktionary","ko","KO","득템"
"들박","Wiktionary (Korean_slang)","Wiktionary","ko","KO","들박"
"등신","Wiktionary (Korean_slang)","Wiktionary","ko","KO","등신"
"딥톡","Wiktionary (Korean_slang)","Wiktionary","ko","KO","딥톡"
"따거","Wiktionary (Korean_slang)","Wiktionary","ko","KO","따거"
"따먹다","Wiktionary (Korean_slang)","Wiktionary","ko","KO","따먹다"
"딸","Wiktionary (Korean_slang)","Wiktionary","ko","KO","딸"
"딸딸이","Wiktionary (Korean_slang)","Wiktionary","ko","KO","딸딸이"
"딸배","Wiktionary (Korean_slang)","Wiktionary","ko","KO","딸배"
"땡","Wiktionary (Korean_slang)","Wiktionary","ko","KO","땡"
"땡땡이치다","Wiktionary (Korean_slang)","Wiktionary","ko","KO","땡땡이치다"
"땡중","Wiktionary (Korean_slang)","Wiktionary","ko","KO","땡중"
"땡추","Wiktionary (Korean_slang)","Wiktionary","ko","KO","땡추"
"땡큐","Wiktionary (Korean_slang)","Wiktionary","ko","KO","땡큐"
"떨","Wiktionary (Korean_slang)","Wiktionary","ko","KO","떨"
"또라이","Wiktionary (Korean_slang)","Wiktionary","ko","KO","또라이"
"똥까시","Wiktionary (Korean_slang)","Wiktionary","ko","KO","똥까시"
"똥남아","Wiktionary (Korean_slang)","Wiktionary","ko","KO","똥남아"
"똥양인","Wiktionary (Korean_slang)","Wiktionary","ko","KO","똥양인"
"똥차","Wiktionary (Korean_slang)","Wiktionary","ko","KO","똥차"
"똥컴","Wiktionary (Korean_slang)","Wiktionary","ko","KO","똥컴"
"똥퍼","Wiktionary (Korean_slang)","Wiktionary","ko","KO","똥퍼"
"뚜벅이","Wiktionary (Korean_slang)","Wiktionary","ko","KO","뚜벅이"
"뚝배기","Wiktionary (Korean_slang)","Wiktionary","ko","KO","뚝배기"
"라인","Wiktionary (Korean_slang)","Wiktionary","ko","KO","라인"
"레알","Wiktionary (Korean_slang)","Wiktionary","ko","KO","레알"
"레전드","Wiktionary (Korean_slang)","Wiktionary","ko","KO","레전드"
"롤","Wiktionary (Korean_slang)","Wiktionary","ko","KO","롤"
"리얼","Wiktionary (Korean_slang)","Wiktionary","ko","KO","리얼"
"리즈 시절","Wiktionary (Korean_slang)","Wiktionary","ko","KO","리즈시절"
"마루타","Wiktionary (Korean_slang)","Wiktionary","ko","KO","마루타"
"맘마통","Wiktionary (Korean_slang)","Wiktionary","ko","KO","맘마통"
"맛있다","Wiktionary (Korean_slang)","Wiktionary","ko","KO","맛있다"
"망한민국","Wiktionary (Korean_slang)","Wiktionary","ko","KO","망한민국"
"맞짱","Wiktionary (Korean_slang)","Wiktionary","ko","KO","맞짱"
"먄","Wiktionary (Korean_slang)","Wiktionary","ko","KO","먄"
"먹다","Wiktionary (Korean_slang)","Wiktionary","ko","KO","먹다"
"먹방러","Wiktionary (Korean_slang)","Wiktionary","ko","KO","먹방러"
"먹사","Wiktionary (Korean_slang)","Wiktionary","ko","KO","먹사"
"멘붕","Wiktionary (Korean_slang)","Wiktionary","ko","KO","멘붕"
"몸짱","Wiktionary (Korean_slang)","Wiktionary","ko","KO","몸짱"
"무데뽀","Wiktionary (Korean_slang)","Wiktionary","ko","KO","무데뽀"
"문찐","Wiktionary (Korean_slang)","Wiktionary","ko","KO","문찐"
"미국놈","Wiktionary (Korean_slang)","Wiktionary","ko","KO","미국놈"
"미드","Wiktionary (Korean_slang)","Wiktionary","ko","KO","미드"
"미치다","Wiktionary (Korean_slang)","Wiktionary","ko","KO","미치다"
"미친","Wiktionary (Korean_slang)","Wiktionary","ko","KO","미친"
"발연기","Wiktionary (Korean_slang)","Wiktionary","ko","KO","발연기"
"방콕","Wiktionary (Korean_slang)","Wiktionary","ko","KO","방콕"
"방플","Wiktionary (Korean_slang)","Wiktionary","ko","KO","방플"
"백마","Wiktionary (Korean_slang)","Wiktionary","ko","KO","백마"
"백조","Wiktionary (Korean_slang)","Wiktionary","ko","KO","백조"
"벌갱이","Wiktionary (Korean_slang)","Wiktionary","ko","KO","벌갱이"
"벨튀","Wiktionary (Korean_slang)","Wiktionary","ko","KO","벨튀"
"벨튀하다","Wiktionary (Korean_slang)","Wiktionary","ko","KO","벨튀하다"
"벽치기","Wiktionary (Korean_slang)","Wiktionary","ko","KO","벽치기"
"병신","Wiktionary (Korean_slang)","Wiktionary","ko","KO","병신"
"부끄부끄","Wiktionary (Korean_slang)","Wiktionary","ko","KO","부끄부끄"
"분탕질","Wiktionary (Korean_slang)","Wiktionary","ko","KO","분탕질"
"불곰국","Wiktionary (Korean_slang)","Wiktionary","ko","KO","불곰국"
"불금","Wiktionary (Korean_slang)","Wiktionary","ko","KO","불금"
"불호불","Wiktionary (Korean_slang)","Wiktionary","ko","KO","불호불"
"붕가붕가","Wiktionary (Korean_slang)","Wiktionary","ko","KO","붕가붕가"
"뷁","Wiktionary (Korean_slang)","Wiktionary","ko","KO","뷁"
"빌런","Wiktionary (Korean_slang)","Wiktionary","ko","KO","빌런"
"빠","Wiktionary (Korean_slang)","Wiktionary","ko","KO","빠"
"빠가","Wiktionary (Korean_slang)","Wiktionary","ko","KO","빠가"
"빠개다","Wiktionary (Korean_slang)","Wiktionary","ko","KO","빠개다"
"빠구리","Wiktionary (Korean_slang)","Wiktionary","ko","KO","빠구리"
"빠따","Wiktionary (Korean_slang)","Wiktionary","ko","KO","빠따"
"빡세다","Wiktionary (Korean_slang)","Wiktionary","ko","KO","빡세다"
"빤스런","Wiktionary (Korean_slang)","Wiktionary","ko","KO","빤스런"
"빵","Wiktionary (Korean_slang)","Wiktionary","ko","KO","빵"
"뺑뺑이","Wiktionary (Korean_slang)","Wiktionary","ko","KO","뺑뺑이"
"뺑코","Wiktionary (Korean_slang)","Wiktionary","ko","KO","뺑코"
"Japanese cant","Wiktionary (Japanese_slang)","Wiktionary","ja","JA","japanesecant"
"Japanese criminal slang","Wiktionary (Japanese_slang)","Wiktionary","ja","JA","japanesecriminalslang"
"Japanese fandom slang","Wiktionary (Japanese_slang)","Wiktionary","ja","JA","japanesefandomslang"
"Japanese internet slang","Wiktionary (Japanese_slang)","Wiktionary","ja","JA","japaneseinternetslang"
"Japanese gyaru slang","Wiktionary (Japanese_slang)","Wiktionary","ja","JA","japanesegyaruslang"
"Japanese LGBTQ slang","Wiktionary (Japanese_slang)","Wiktionary","ja","JA","japaneselgbtqslang"
"Japanese school slang","Wiktionary (Japanese_slang)","Wiktionary","ja","JA","japaneseschoolslang"
"Japanese student slang","Wiktionary (Japanese_slang)","Wiktionary","ja","JA","japanesestudentslang"
"Japanese text messaging slang","Wiktionary (Japanese_slang)","Wiktionary","ja","JA","japanesetextmessagingslang"
"0721","Wiktionary (Japanese_slang)","Wiktionary","ja","JA","0721"
"37564","Wiktionary (Japanese_slang)","Wiktionary","ja","JA","37564"
"er","Wiktionary (Japanese_slang)","Wiktionary","ja","JA","er"
"あーね","Wiktionary (Japanese_slang)","Wiktionary","ja","JA","あーね"
"相合傘","Wiktionary (Japanese_slang)","Wiktionary","ja","JA","相合傘"
"愛液","Wiktionary (Japanese_slang)","Wiktionary","ja","JA","愛液"
"アイス","Wiktionary (Japanese_slang)","Wiktionary","ja","JA","アイス"
"青姦","Wiktionary (Japanese_slang)","Wiktionary","ja","JA","青姦"
"垢","Wiktionary (Japanese_slang)","Wiktionary","ja","JA","垢"
"アガる","Wiktionary (Japanese_slang)","Wiktionary","ja","JA","アガる"
"空き家","Wiktionary (Japanese_slang)","Wiktionary","ja","JA","空き家"
"あげあげ","Wiktionary (Japanese_slang)","Wiktionary","ja","JA","あげあげ"
"あけび","Wiktionary (Japanese_slang)","Wiktionary","ja","JA","あけび"
"あげぽよ","Wiktionary (Japanese_slang)","Wiktionary","ja","JA","あげぽよ"
"あざーす","Wiktionary (Japanese_slang)","Wiktionary","ja","JA","あざーす"
"あざーっす","Wiktionary (Japanese_slang)","Wiktionary","ja","JA","あざーっす"
"あざす","Wiktionary (Japanese_slang)","Wiktionary","ja","JA","あざす"
"朝チュン","Wiktionary (Japanese_slang)","Wiktionary","ja","JA","朝チュン"
"あざまる","Wiktionary (Japanese_slang)","Wiktionary","ja","JA","あざまる"
"あぜ","Wiktionary (Japanese_slang)","Wiktionary","ja","JA","あぜ"
"あたおか","Wiktionary (Japanese_slang)","Wiktionary","ja","JA","あたおか"
"アダルティ","Wiktionary (Japanese_slang)","Wiktionary","ja","JA","アダルティ"
"あちゃあ","Wiktionary (Japanese_slang)","Wiktionary","ja","JA","あちゃあ"
"アッシー君","Wiktionary (Japanese_slang)","Wiktionary","ja","JA","アッシー君"
"あっち","Wiktionary (Japanese_slang)","Wiktionary","ja","JA","あっち"
"あっち系","Wiktionary (Japanese_slang)","Wiktionary","ja","JA","あっち系"
"あつい","Wiktionary (Japanese_slang)","Wiktionary","ja","JA","あつい"
"Adobe税","Wiktionary (Japanese_slang)","Wiktionary","ja","JA","adobe税"
"穴兄弟","Wiktionary (Japanese_slang)","Wiktionary","ja","JA","穴兄弟"
"アナニー","Wiktionary (Japanese_slang)","Wiktionary","ja","JA","アナニー"
"あなほり","Wiktionary (Japanese_slang)","Wiktionary","ja","JA","あなほり"
"アニオタ","Wiktionary (Japanese_slang)","Wiktionary","ja","JA","アニオタ"
"兄貴","Wiktionary (Japanese_slang)","Wiktionary","ja","JA","兄貴"
"家鴨","Wiktionary (Japanese_slang)","Wiktionary","ja","JA","家鴨"
"アピる","Wiktionary (Japanese_slang)","Wiktionary","ja","JA","アピる"
"アブラギッシュ","Wiktionary (Japanese_slang)","Wiktionary","ja","JA","アブラギッシュ"
"アムラー","Wiktionary (Japanese_slang)","Wiktionary","ja","JA","アムラー"
"アメポチ","Wiktionary (Japanese_slang)","Wiktionary","ja","JA","アメポチ"
"安全牌","Wiktionary (Japanese_slang)","Wiktionary","ja","JA","安全牌"
"いかす","Wiktionary (Japanese_slang)","Wiktionary","ja","JA","いかす"
"いき","Wiktionary (Japanese_slang)","Wiktionary","ja","JA","いき"
"イキる","Wiktionary (Japanese_slang)","Wiktionary","ja","JA","イキる"
"行く","Wiktionary (Japanese_slang)","Wiktionary","ja","JA","行く"
"いけさま","Wiktionary (Japanese_slang)","Wiktionary","ja","JA","いけさま"
"イケてる","Wiktionary (Japanese_slang)","Wiktionary","ja","JA","イケてる"
"イケメソ","Wiktionary (Japanese_slang)","Wiktionary","ja","JA","イケメソ"
"イケメン","Wiktionary (Japanese_slang)","Wiktionary","ja","JA","イケメン"
"意識高い系","Wiktionary (Japanese_slang)","Wiktionary","ja","JA","意識高い系"
"痛い","Wiktionary (Japanese_slang)","Wiktionary","ja","JA","痛い"
"致す","Wiktionary (Japanese_slang)","Wiktionary","ja","JA","致す"
"いただきマンモス","Wiktionary (Japanese_slang)","Wiktionary","ja","JA","いただきマンモス"
"いたぶる","Wiktionary (Japanese_slang)","Wiktionary","ja","JA","いたぶる"
"一択","Wiktionary (Japanese_slang)","Wiktionary","ja","JA","一択"
"一般ピープル","Wiktionary (Japanese_slang)","Wiktionary","ja","JA","一般ピープル"
"一般ピーポー","Wiktionary (Japanese_slang)","Wiktionary","ja","JA","一般ピーポー"
"いつメン","Wiktionary (Japanese_slang)","Wiktionary","ja","JA","いつメン"
"茨","Wiktionary (Japanese_slang)","Wiktionary","ja","JA","茨"
"イミフ","Wiktionary (Japanese_slang)","Wiktionary","ja","JA","イミフ"
"芋い","Wiktionary (Japanese_slang)","Wiktionary","ja","JA","芋い"
"入船","Wiktionary (Japanese_slang)","Wiktionary","ja","JA","入船"
"色","Wiktionary (Japanese_slang)","Wiktionary","ja","JA","色"
"鰯","Wiktionary (Japanese_slang)","Wiktionary","ja","JA","鰯"
"陰キャ","Wiktionary (Japanese_slang)","Wiktionary","ja","JA","陰キャ"
"淫獣","Wiktionary (Japanese_slang)","Wiktionary","ja","JA","淫獣"
"ウィキペディア","Wiktionary (Japanese_slang)","Wiktionary","ja","JA","ウィキペディア"
"ウィキる","Wiktionary (Japanese_slang)","Wiktionary","ja","JA","ウィキる"
"ウイル","Wiktionary (Japanese_slang)","Wiktionary","ja","JA","ウイル"
"受け子","Wiktionary (Japanese_slang)","Wiktionary","ja","JA","受け子"
"うざい","Wiktionary (Japanese_slang)","Wiktionary","ja","JA","うざい"
"うざったい","Wiktionary (Japanese_slang)","Wiktionary","ja","JA","うざったい"
"薄い本","Wiktionary (Japanese_slang)","Wiktionary","ja","JA","薄い本"
"嘘","Wiktionary (Japanese_slang)","Wiktionary","ja","JA","嘘"
"うそぴょん","Wiktionary (Japanese_slang)","Wiktionary","ja","JA","うそぴょん"
"鬱イート","Wiktionary (Japanese_slang)","Wiktionary","ja","JA","鬱イート"
"梅干し","Wiktionary (Japanese_slang)","Wiktionary","ja","JA","梅干し"
"羨ま","Wiktionary (Japanese_slang)","Wiktionary","ja","JA","羨ま"
"ウリナラ","Wiktionary (Japanese_slang)","Wiktionary","ja","JA","ウリナラ"
"うれC","Wiktionary (Japanese_slang)","Wiktionary","ja","JA","うれc"
"うれぴい","Wiktionary (Japanese_slang)","Wiktionary","ja","JA","うれぴい"
"うろ","Wiktionary (Japanese_slang)","Wiktionary","ja","JA","うろ"
"運ちゃん","Wiktionary (Japanese_slang)","Wiktionary","ja","JA","運ちゃん"
"エアプ","Wiktionary (Japanese_slang)","Wiktionary","ja","JA","エアプ"
"S","Wiktionary (Japanese_slang)","Wiktionary","ja","JA","s"
"えちえち","Wiktionary (Japanese_slang)","Wiktionary","ja","JA","えちえち"
"NTR","Wiktionary (Japanese_slang)","Wiktionary","ja","JA","ntr"
"エペ","Wiktionary (Japanese_slang)","Wiktionary","ja","JA","エペ"
"エム","Wiktionary (Japanese_slang)","Wiktionary","ja","JA","エム"
"エモい","Wiktionary (Japanese_slang)","Wiktionary","ja","JA","エモい"
"エロ","Wiktionary (Japanese_slang)","Wiktionary","ja","JA","エロ"
"エロイプ","Wiktionary (Japanese_slang)","Wiktionary","ja","JA","エロイプ"
"円盤","Wiktionary (Japanese_slang)","Wiktionary","ja","JA","円盤"
"おいC","Wiktionary (Japanese_slang)","Wiktionary","ja","JA","おいc"
"美味しい","Wiktionary (Japanese_slang)","Wiktionary","ja","JA","美味しい"
"オイニー","Wiktionary (Japanese_slang)","Wiktionary","ja","JA","オイニー"
"おいぴー","Wiktionary (Japanese_slang)","Wiktionary","ja","JA","おいぴー"
"大きいお友達","Wiktionary (Japanese_slang)","Wiktionary","ja","JA","大きいお友達"
"大きなお友達","Wiktionary (Japanese_slang)","Wiktionary","ja","JA","大きなお友達"
"大筒","Wiktionary (Japanese_slang)","Wiktionary","ja","JA","大筒"
"大友","Wiktionary (Japanese_slang)","Wiktionary","ja","JA","大友"
"おかず","Wiktionary (Japanese_slang)","Wiktionary","ja","JA","おかず"
"オカズ","Wiktionary (Japanese_slang)","Wiktionary","ja","JA","オカズ"
"おかま","Wiktionary (Japanese_slang)","Wiktionary","ja","JA","おかま"
"オカマを掘る","Wiktionary (Japanese_slang)","Wiktionary","ja","JA","オカマを掘る"
"億り人","Wiktionary (Japanese_slang)","Wiktionary","ja","JA","億り人"
"おざーす","Wiktionary (Japanese_slang)","Wiktionary","ja","JA","おざーす"
"おざーっす","Wiktionary (Japanese_slang)","Wiktionary","ja","JA","おざーっす"
"おざす","Wiktionary (Japanese_slang)","Wiktionary","ja","JA","おざす"
"推し活","Wiktionary (Japanese_slang)","Wiktionary","ja","JA","推し活"
"オシャンティー","Wiktionary (Japanese_slang)","Wiktionary","ja","JA","オシャンティー"
"おたかつ","Wiktionary (Japanese_slang)","Wiktionary","ja","JA","おたかつ"
"オタサーの姫","Wiktionary (Japanese_slang)","Wiktionary","ja","JA","オタサーの姫"
"おたとも","Wiktionary (Japanese_slang)","Wiktionary","ja","JA","おたとも"
"おちびさん","Wiktionary (Japanese_slang)","Wiktionary","ja","JA","おちびさん"
"おっさん","Wiktionary (Japanese_slang)","Wiktionary","ja","JA","おっさん"
"雄っぱい","Wiktionary (Japanese_slang)","Wiktionary","ja","JA","雄っぱい"
"おっぱい星人","Wiktionary (Japanese_slang)","Wiktionary","ja","JA","おっぱい星人"
"乙","Wiktionary (Japanese_slang)","Wiktionary","ja","JA","乙"
"漢","Wiktionary (Japanese_slang)","Wiktionary","ja","JA","漢"
"男殺し","Wiktionary (Japanese_slang)","Wiktionary","ja","JA","男殺し"
"音鉄","Wiktionary (Japanese_slang)","Wiktionary","ja","JA","音鉄"
"大人買い","Wiktionary (Japanese_slang)","Wiktionary","ja","JA","大人買い"
"おなクラ","Wiktionary (Japanese_slang)","Wiktionary","ja","JA","おなクラ"
"おなちゅう","Wiktionary (Japanese_slang)","Wiktionary","ja","JA","おなちゅう"
"オナバレ","Wiktionary (Japanese_slang)","Wiktionary","ja","JA","オナバレ"
"おなべ","Wiktionary (Japanese_slang)","Wiktionary","ja","JA","おなべ"
"オナる","Wiktionary (Japanese_slang)","Wiktionary","ja","JA","オナる"
"鬼電","Wiktionary (Japanese_slang)","Wiktionary","ja","JA","鬼電"
"鬼リピ","Wiktionary (Japanese_slang)","Wiktionary","ja","JA","鬼リピ"
"お姉","Wiktionary (Japanese_slang)","Wiktionary","ja","JA","お姉"
"叔母","Wiktionary (Japanese_slang)","Wiktionary","ja","JA","叔母"
"おはなつみ","Wiktionary (Japanese_slang)","Wiktionary","ja","JA","おはなつみ"
"おはまる水産","Wiktionary (Japanese_slang)","Wiktionary","ja","JA","おはまる水産"
"おはリプ","Wiktionary (Japanese_slang)","Wiktionary","ja","JA","おはリプ"
"お姫様だっこ","Wiktionary (Japanese_slang)","Wiktionary","ja","JA","お姫様だっこ"
"おめこ","Wiktionary (Japanese_slang)","Wiktionary","ja","JA","おめこ"
"親子丼","Wiktionary (Japanese_slang)","Wiktionary","ja","JA","親子丼"
"おやびん","Wiktionary (Japanese_slang)","Wiktionary","ja","JA","おやびん"
"女形","Wiktionary (Japanese_slang)","Wiktionary","ja","JA","女形"
"おれさま","Wiktionary (Japanese_slang)","Wiktionary","ja","JA","おれさま"
"温活","Wiktionary (Japanese_slang)","Wiktionary","ja","JA","温活"
"おんにゃのこ","Wiktionary (Japanese_slang)","Wiktionary","ja","JA","おんにゃのこ"
"があん","Wiktionary (Japanese_slang)","Wiktionary","ja","JA","があん"
"貝合わせ","Wiktionary (Japanese_slang)","Wiktionary","ja","JA","貝合わせ"
"ガイジ","Wiktionary (Japanese_slang)","Wiktionary","ja","JA","ガイジ"
"外専","Wiktionary (Japanese_slang)","Wiktionary","ja","JA","外専"
"カキタレ","Wiktionary (Japanese_slang)","Wiktionary","ja","JA","カキタレ"
"課金","Wiktionary (Japanese_slang)","Wiktionary","ja","JA","課金"
"確率変動","Wiktionary (Japanese_slang)","Wiktionary","ja","JA","確率変動"
"かこいち","Wiktionary (Japanese_slang)","Wiktionary","ja","JA","かこいち"
"がさいれ","Wiktionary (Japanese_slang)","Wiktionary","ja","JA","がさいれ"
"カステラ","Wiktionary (Japanese_slang)","Wiktionary","ja","JA","カステラ"
"勝ち確","Wiktionary (Japanese_slang)","Wiktionary","ja","JA","勝ち確"
"がちこい","Wiktionary (Japanese_slang)","Wiktionary","ja","JA","がちこい"
"かちこみ","Wiktionary (Japanese_slang)","Wiktionary","ja","JA","かちこみ"
"がちなき","Wiktionary (Japanese_slang)","Wiktionary","ja","JA","がちなき"
"ガチャ","Wiktionary (Japanese_slang)","Wiktionary","ja","JA","ガチャ"
"ガチャ切り","Wiktionary (Japanese_slang)","Wiktionary","ja","JA","ガチャ切り"
"課長","Wiktionary (Japanese_slang)","Wiktionary","ja","JA","課長"
"ガチる","Wiktionary (Japanese_slang)","Wiktionary","ja","JA","ガチる"
"餓鬼","Wiktionary (Japanese_slang)","Wiktionary","ja","JA","餓鬼"
"かっちょいい","Wiktionary (Japanese_slang)","Wiktionary","ja","JA","かっちょいい"
"ガッデム","Wiktionary (Japanese_slang)","Wiktionary","ja","JA","ガッデム"
"河童","Wiktionary (Japanese_slang)","Wiktionary","ja","JA","河童"
"蟹","Wiktionary (Japanese_slang)","Wiktionary","ja","JA","蟹"
"がばい","Wiktionary (Japanese_slang)","Wiktionary","ja","JA","がばい"
"画伯","Wiktionary (Japanese_slang)","Wiktionary","ja","JA","画伯"
"兜合わせ","Wiktionary (Japanese_slang)","Wiktionary","ja","JA","兜合わせ"
"鎌","Wiktionary (Japanese_slang)","Wiktionary","ja","JA","鎌"
"かまちょ","Wiktionary (Japanese_slang)","Wiktionary","ja","JA","かまちょ"
"構ってちゃん","Wiktionary (Japanese_slang)","Wiktionary","ja","JA","構ってちゃん"
"神回","Wiktionary (Japanese_slang)","Wiktionary","ja","JA","神回"
"神風タクシー","Wiktionary (Japanese_slang)","Wiktionary","ja","JA","神風タクシー"
"かみきりむし","Wiktionary (Japanese_slang)","Wiktionary","ja","JA","かみきりむし"
"亀","Wiktionary (Japanese_slang)","Wiktionary","ja","JA","亀"
"カメラ小僧","Wiktionary (Japanese_slang)","Wiktionary","ja","JA","カメラ小僧"
"鴨","Wiktionary (Japanese_slang)","Wiktionary","ja","JA","鴨"
"カラコ","Wiktionary (Japanese_slang)","Wiktionary","ja","JA","カラコ"
"彼ピ","Wiktionary (Japanese_slang)","Wiktionary","ja","JA","彼ピ"
"かれぴっぴ","Wiktionary (Japanese_slang)","Wiktionary","ja","JA","かれぴっぴ"
"がわ","Wiktionary (Japanese_slang)","Wiktionary","ja","JA","がわ"
"かわE","Wiktionary (Japanese_slang)","Wiktionary","ja","JA","かわe"
"かわちい","Wiktionary (Japanese_slang)","Wiktionary","ja","JA","かわちい"
"カワユス","Wiktionary (Japanese_slang)","Wiktionary","ja","JA","カワユス"
"河原者","Wiktionary (Japanese_slang)","Wiktionary","ja","JA","河原者"
"ガン","Wiktionary (Japanese_slang)","Wiktionary","ja","JA","ガン"
"がんひらき","Wiktionary (Japanese_slang)","Wiktionary","ja","JA","がんひらき"
"顔射","Wiktionary (Japanese_slang)","Wiktionary","ja","JA","顔射"
"ギガ","Wiktionary (Japanese_slang)","Wiktionary","ja","JA","ギガ"
"ギシギシアンアン","Wiktionary (Japanese_slang)","Wiktionary","ja","JA","ギシギシアンアン"
"煙管","Wiktionary (Japanese_slang)","Wiktionary","ja","JA","煙管"
"きつい","Wiktionary (Japanese_slang)","Wiktionary","ja","JA","きつい"
"キティラー","Wiktionary (Japanese_slang)","Wiktionary","ja","JA","キティラー"
"衣被","Wiktionary (Japanese_slang)","Wiktionary","ja","JA","衣被"
"キメセク","Wiktionary (Japanese_slang)","Wiktionary","ja","JA","キメセク"
"キモい","Wiktionary (Japanese_slang)","Wiktionary","ja","JA","キモい"
"キモオタ","Wiktionary (Japanese_slang)","Wiktionary","ja","JA","キモオタ"
"French cant","Wiktionary (French_slang)","Wiktionary","fr","FR","frenchcant"
"French criminal slang","Wiktionary (French_slang)","Wiktionary","fr","FR","frenchcriminalslang"
"French fandom slang","Wiktionary (French_slang)","Wiktionary","fr","FR","frenchfandomslang"
"French gender-critical slang","Wiktionary (French_slang)","Wiktionary","fr","FR","frenchgendercriticalslang"
"French internet slang","Wiktionary (French_slang)","Wiktionary","fr","FR","frenchinternetslang"
"French LGBTQ slang","Wiktionary (French_slang)","Wiktionary","fr","FR","frenchlgbtqslang"
"Louchébem","Wiktionary (French_slang)","Wiktionary","fr","FR","louchébem"
"French military slang","Wiktionary (French_slang)","Wiktionary","fr","FR","frenchmilitaryslang"
"French prison slang","Wiktionary (French_slang)","Wiktionary","fr","FR","frenchprisonslang"
"French school slang","Wiktionary (French_slang)","Wiktionary","fr","FR","frenchschoolslang"
"French student slang","Wiktionary (French_slang)","Wiktionary","fr","FR","frenchstudentslang"
"French text messaging slang","Wiktionary (French_slang)","Wiktionary","fr","FR","frenchtextmessagingslang"
"Template:R:fr:Bob","Wiktionary (French_slang)","Wiktionary","fr","FR","templaterfrbob"
"67","Wiktionary (French_slang)","Wiktionary","fr","FR","67"
"à crever","Wiktionary (French_slang)","Wiktionary","fr","FR","àcrever"
"à mort","Wiktionary (French_slang)","Wiktionary","fr","FR","àmort"
"abajoue","Wiktionary (French_slang)","Wiktionary","fr","FR","abajoue"
"abattis","Wiktionary (French_slang)","Wiktionary","fr","FR","abattis"
"abouler","Wiktionary (French_slang)","Wiktionary","fr","FR","abouler"
"abuser","Wiktionary (French_slang)","Wiktionary","fr","FR","abuser"
"accoucher","Wiktionary (French_slang)","Wiktionary","fr","FR","accoucher"
"accro","Wiktionary (French_slang)","Wiktionary","fr","FR","accro"
"acide","Wiktionary (French_slang)","Wiktionary","fr","FR","acide"
"adja","Wiktionary (French_slang)","Wiktionary","fr","FR","adja"
"affranchir","Wiktionary (French_slang)","Wiktionary","fr","FR","affranchir"
"affûter","Wiktionary (French_slang)","Wiktionary","fr","FR","affûter"
"aïoli","Wiktionary (French_slang)","Wiktionary","fr","FR","aïoli"
"airbag","Wiktionary (French_slang)","Wiktionary","fr","FR","airbag"
"allumé","Wiktionary (French_slang)","Wiktionary","fr","FR","allumé"
"allumeuse","Wiktionary (French_slang)","Wiktionary","fr","FR","allumeuse"
"alp","Wiktionary (French_slang)","Wiktionary","fr","FR","alp"
"alpague","Wiktionary (French_slang)","Wiktionary","fr","FR","alpague"
"alpaguer","Wiktionary (French_slang)","Wiktionary","fr","FR","alpaguer"
"alphonse","Wiktionary (French_slang)","Wiktionary","fr","FR","alphonse"
"aminche","Wiktionary (French_slang)","Wiktionary","fr","FR","aminche"
"anglaiser","Wiktionary (French_slang)","Wiktionary","fr","FR","anglaiser"
"apache","Wiktionary (French_slang)","Wiktionary","fr","FR","apache"
"aquarium","Wiktionary (French_slang)","Wiktionary","fr","FR","aquarium"
"archi","Wiktionary (French_slang)","Wiktionary","fr","FR","archi"
"argousin","Wiktionary (French_slang)","Wiktionary","fr","FR","argousin"
"arracher","Wiktionary (French_slang)","Wiktionary","fr","FR","arracher"
"arracheur","Wiktionary (French_slang)","Wiktionary","fr","FR","arracheur"
"artiche","Wiktionary (French_slang)","Wiktionary","fr","FR","artiche"
"askip","Wiktionary (French_slang)","Wiktionary","fr","FR","askip"
"asphalteuse","Wiktionary (French_slang)","Wiktionary","fr","FR","asphalteuse"
"aspic","Wiktionary (French_slang)","Wiktionary","fr","FR","aspic"
"astiquer","Wiktionary (French_slang)","Wiktionary","fr","FR","astiquer"
"asv","Wiktionary (French_slang)","Wiktionary","fr","FR","asv"
"attiger","Wiktionary (French_slang)","Wiktionary","fr","FR","attiger"
"au violon","Wiktionary (French_slang)","Wiktionary","fr","FR","auviolon"
"auberge","Wiktionary (French_slang)","Wiktionary","fr","FR","auberge"
"avoine","Wiktionary (French_slang)","Wiktionary","fr","FR","avoine"
"avoir bon","Wiktionary (French_slang)","Wiktionary","fr","FR","avoirbon"
"avoir des casseroles au cul","Wiktionary (French_slang)","Wiktionary","fr","FR","avoirdescasserolesaucul"
"avoir des couilles au cul","Wiktionary (French_slang)","Wiktionary","fr","FR","avoirdescouillesaucul"
"avoir la barre","Wiktionary (French_slang)","Wiktionary","fr","FR","avoirlabarre"
"avoir la dalle","Wiktionary (French_slang)","Wiktionary","fr","FR","avoirladalle"
"avoir la haine","Wiktionary (French_slang)","Wiktionary","fr","FR","avoirlahaine"
"avoir la pelote à terre","Wiktionary (French_slang)","Wiktionary","fr","FR","avoirlapeloteàterre"
"avoir la ref","Wiktionary (French_slang)","Wiktionary","fr","FR","avoirlaref"
"avoir le motton","Wiktionary (French_slang)","Wiktionary","fr","FR","avoirlemotton"
"avoir le seum","Wiktionary (French_slang)","Wiktionary","fr","FR","avoirleseum"
"avoir les crocs","Wiktionary (French_slang)","Wiktionary","fr","FR","avoirlescrocs"
"-ax","Wiktionary (French_slang)","Wiktionary","fr","FR","ax"
"bafouille","Wiktionary (French_slang)","Wiktionary","fr","FR","bafouille"
"bagouze","Wiktionary (French_slang)","Wiktionary","fr","FR","bagouze"
"bail","Wiktionary (French_slang)","Wiktionary","fr","FR","bail"
"baisable","Wiktionary (French_slang)","Wiktionary","fr","FR","baisable"
"baisé","Wiktionary (French_slang)","Wiktionary","fr","FR","baisé"
"baise-en-ville","Wiktionary (French_slang)","Wiktionary","fr","FR","baiseenville"
"baisement","Wiktionary (French_slang)","Wiktionary","fr","FR","baisement"
"baiser","Wiktionary (French_slang)","Wiktionary","fr","FR","baiser"
"baisodrome","Wiktionary (French_slang)","Wiktionary","fr","FR","baisodrome"
"balai","Wiktionary (French_slang)","Wiktionary","fr","FR","balai"
"balance","Wiktionary (French_slang)","Wiktionary","fr","FR","balance"
"balancer","Wiktionary (French_slang)","Wiktionary","fr","FR","balancer"
"balèze","Wiktionary (French_slang)","Wiktionary","fr","FR","balèze"
"banane","Wiktionary (French_slang)","Wiktionary","fr","FR","banane"
"bananer","Wiktionary (French_slang)","Wiktionary","fr","FR","bananer"
"bandaison","Wiktionary (French_slang)","Wiktionary","fr","FR","bandaison"
"bandant","Wiktionary (French_slang)","Wiktionary","fr","FR","bandant"
"bandeur","Wiktionary (French_slang)","Wiktionary","fr","FR","bandeur"
"barbaque","Wiktionary (French_slang)","Wiktionary","fr","FR","barbaque"
"barda","Wiktionary (French_slang)","Wiktionary","fr","FR","barda"
"bardasser","Wiktionary (French_slang)","Wiktionary","fr","FR","bardasser"
"baroder","Wiktionary (French_slang)","Wiktionary","fr","FR","baroder"
"barre","Wiktionary (French_slang)","Wiktionary","fr","FR","barre"
"bastos","Wiktionary (French_slang)","Wiktionary","fr","FR","bastos"
"baveux","Wiktionary (French_slang)","Wiktionary","fr","FR","baveux"
"beau-dabe","Wiktionary (French_slang)","Wiktionary","fr","FR","beaudabe"
"beauf","Wiktionary (French_slang)","Wiktionary","fr","FR","beauf"
"becqueter","Wiktionary (French_slang)","Wiktionary","fr","FR","becqueter"
"bectance","Wiktionary (French_slang)","Wiktionary","fr","FR","bectance"
"bédave","Wiktionary (French_slang)","Wiktionary","fr","FR","bédave"
"belle-dabe","Wiktionary (French_slang)","Wiktionary","fr","FR","belledabe"
"ben","Wiktionary (French_slang)","Wiktionary","fr","FR","ben"
"bénard","Wiktionary (French_slang)","Wiktionary","fr","FR","bénard"
"bendo","Wiktionary (French_slang)","Wiktionary","fr","FR","bendo"
"berge","Wiktionary (French_slang)","Wiktionary","fr","FR","berge"
"berzingue","Wiktionary (French_slang)","Wiktionary","fr","FR","berzingue"
"besef","Wiktionary (French_slang)","Wiktionary","fr","FR","besef"
"beseff","Wiktionary (French_slang)","Wiktionary","fr","FR","beseff"
"bêta","Wiktionary (French_slang)","Wiktionary","fr","FR","bêta"
"bézef","Wiktionary (French_slang)","Wiktionary","fr","FR","bézef"
"bicoque","Wiktionary (French_slang)","Wiktionary","fr","FR","bicoque"
"bicraver","Wiktionary (French_slang)","Wiktionary","fr","FR","bicraver"
"bicraveur","Wiktionary (French_slang)","Wiktionary","fr","FR","bicraveur"
"bidoche","Wiktionary (French_slang)","Wiktionary","fr","FR","bidoche"
"bidon","Wiktionary (French_slang)","Wiktionary","fr","FR","bidon"
"bif","Wiktionary (French_slang)","Wiktionary","fr","FR","bif"
"biffeton","Wiktionary (French_slang)","Wiktionary","fr","FR","biffeton"
"biffle","Wiktionary (French_slang)","Wiktionary","fr","FR","biffle"
"bigler","Wiktionary (French_slang)","Wiktionary","fr","FR","bigler"
"bignolon","Wiktionary (French_slang)","Wiktionary","fr","FR","bignolon"
"bigophone","Wiktionary (French_slang)","Wiktionary","fr","FR","bigophone"
"billard","Wiktionary (French_slang)","Wiktionary","fr","FR","billard"
"bille","Wiktionary (French_slang)","Wiktionary","fr","FR","bille"
"binks","Wiktionary (French_slang)","Wiktionary","fr","FR","binks"
"binouze","Wiktionary (French_slang)","Wiktionary","fr","FR","binouze"
"biscotte","Wiktionary (French_slang)","Wiktionary","fr","FR","biscotte"
"bite","Wiktionary (French_slang)","Wiktionary","fr","FR","bite"
"bite à cul","Wiktionary (French_slang)","Wiktionary","fr","FR","biteàcul"
"biter","Wiktionary (French_slang)","Wiktionary","fr","FR","biter"
"bitte","Wiktionary (French_slang)","Wiktionary","fr","FR","bitte"
"bitter","Wiktionary (French_slang)","Wiktionary","fr","FR","bitter"
"bitume","Wiktionary (French_slang)","Wiktionary","fr","FR","bitume"
"bizoune","Wiktionary (French_slang)","Wiktionary","fr","FR","bizoune"
"bizut","Wiktionary (French_slang)","Wiktionary","fr","FR","bizut"
"blair","Wiktionary (French_slang)","Wiktionary","fr","FR","blair"
"blairer","Wiktionary (French_slang)","Wiktionary","fr","FR","blairer"
"blanquette","Wiktionary (French_slang)","Wiktionary","fr","FR","blanquette"
"blase","Wiktionary (French_slang)","Wiktionary","fr","FR","blase"
"blé","Wiktionary (French_slang)","Wiktionary","fr","FR","blé"
"blèche","Wiktionary (French_slang)","Wiktionary","fr","FR","blèche"
"blème","Wiktionary (French_slang)","Wiktionary","fr","FR","blème"
"bleusaille","Wiktionary (French_slang)","Wiktionary","fr","FR","bleusaille"
"blindé","Wiktionary (French_slang)","Wiktionary","fr","FR","blindé"
"boche","Wiktionary (French_slang)","Wiktionary","fr","FR","boche"
"bœuf","Wiktionary (French_slang)","Wiktionary","fr","FR","bœuf"
"bolos","Wiktionary (French_slang)","Wiktionary","fr","FR","bolos"
"bombasse","Wiktionary (French_slang)","Wiktionary","fr","FR","bombasse"
"bon","Wiktionary (French_slang)","Wiktionary","fr","FR","bon"
"bonbon","Wiktionary (French_slang)","Wiktionary","fr","FR","bonbon"
"bonnasse","Wiktionary (French_slang)","Wiktionary","fr","FR","bonnasse"
"boob","Wiktionary (French_slang)","Wiktionary","fr","FR","boob"
"bordel","Wiktionary (French_slang)","Wiktionary","fr","FR","bordel"
"borne","Wiktionary (French_slang)","Wiktionary","fr","FR","borne"
"botter","Wiktionary (French_slang)","Wiktionary","fr","FR","botter"
"bottom","Wiktionary (French_slang)","Wiktionary","fr","FR","bottom"
"bouboule","Wiktionary (French_slang)","Wiktionary","fr","FR","bouboule"
"bouche à pipe","Wiktionary (French_slang)","Wiktionary","fr","FR","boucheàpipe"
"bouffable","Wiktionary (French_slang)","Wiktionary","fr","FR","bouffable"
"bouffeur","Wiktionary (French_slang)","Wiktionary","fr","FR","bouffeur"
"bougnat","Wiktionary (French_slang)","Wiktionary","fr","FR","bougnat"
"bouif","Wiktionary (French_slang)","Wiktionary","fr","FR","bouif"
"bouillaver","Wiktionary (French_slang)","Wiktionary","fr","FR","bouillaver"
"bouille","Wiktionary (French_slang)","Wiktionary","fr","FR","bouille"
"boule","Wiktionary (French_slang)","Wiktionary","fr","FR","boule"
"boulet","Wiktionary (French_slang)","Wiktionary","fr","FR","boulet"
"bouletteux","Wiktionary (French_slang)","Wiktionary","fr","FR","bouletteux"
"bounty","Wiktionary (French_slang)","Wiktionary","fr","FR","bounty"
"bourdille","Wiktionary (French_slang)","Wiktionary","fr","FR","bourdille"
"bourdiller","Wiktionary (French_slang)","Wiktionary","fr","FR","bourdiller"
"bourgue","Wiktionary (French_slang)","Wiktionary","fr","FR","bourgue"
"bourre","Wiktionary (French_slang)","Wiktionary","fr","FR","bourre"
"bourré comme un coing","Wiktionary (French_slang)","Wiktionary","fr","FR","bourrécommeuncoing"
"bourrer","Wiktionary (French_slang)","Wiktionary","fr","FR","bourrer"
"bourse","Wiktionary (French_slang)","Wiktionary","fr","FR","bourse"
"boxon","Wiktionary (French_slang)","Wiktionary","fr","FR","boxon"
"boyasse","Wiktionary (French_slang)","Wiktionary","fr","FR","boyasse"
"braise","Wiktionary (French_slang)","Wiktionary","fr","FR","braise"
"branlage","Wiktionary (French_slang)","Wiktionary","fr","FR","branlage"
"branle","Wiktionary (French_slang)","Wiktionary","fr","FR","branle"
"branler","Wiktionary (French_slang)","Wiktionary","fr","FR","branler"
"branlette","Wiktionary (French_slang)","Wiktionary","fr","FR","branlette"
"branleur","Wiktionary (French_slang)","Wiktionary","fr","FR","branleur"
"branlocher","Wiktionary (French_slang)","Wiktionary","fr","FR","branlocher"
"braque","Wiktionary (French_slang)","Wiktionary","fr","FR","braque"
"braquemart","Wiktionary (French_slang)","Wiktionary","fr","FR","braquemart"
"brindezingue","Wiktionary (French_slang)","Wiktionary","fr","FR","brindezingue"
"brique","Wiktionary (French_slang)","Wiktionary","fr","FR","brique"
"broute-minou","Wiktionary (French_slang)","Wiktionary","fr","FR","brouteminou"
"brouter","Wiktionary (French_slang)","Wiktionary","fr","FR","brouter"
"brouteur","Wiktionary (French_slang)","Wiktionary","fr","FR","brouteur"
"broyer","Wiktionary (French_slang)","Wiktionary","fr","FR","broyer"
"bsartek","Wiktionary (French_slang)","Wiktionary","fr","FR","bsartek"
"buffet","Wiktionary (French_slang)","Wiktionary","fr","FR","buffet"
"bummer","Wiktionary (French_slang)","Wiktionary","fr","FR","bummer"
"burlingue","Wiktionary (French_slang)","Wiktionary","fr","FR","burlingue"
"burne","Wiktionary (French_slang)","Wiktionary","fr","FR","burne"
"burné","Wiktionary (French_slang)","Wiktionary","fr","FR","burné"
"butiner","Wiktionary (French_slang)","Wiktionary","fr","FR","butiner"
"ça boom","Wiktionary (French_slang)","Wiktionary","fr","FR","çaboom"
"cabane","Wiktionary (French_slang)","Wiktionary","fr","FR","cabane"
"caberlot","Wiktionary (French_slang)","Wiktionary","fr","FR","caberlot"
"cabochon","Wiktionary (French_slang)","Wiktionary","fr","FR","cabochon"
"cafetière","Wiktionary (French_slang)","Wiktionary","fr","FR","cafetière"
"cageot","Wiktionary (French_slang)","Wiktionary","fr","FR","cageot"
"cailler","Wiktionary (French_slang)","Wiktionary","fr","FR","cailler"
"calbar","Wiktionary (French_slang)","Wiktionary","fr","FR","calbar"
"calendos","Wiktionary (French_slang)","Wiktionary","fr","FR","calendos"
"calice","Wiktionary (French_slang)","Wiktionary","fr","FR","calice"
"câlisser","Wiktionary (French_slang)","Wiktionary","fr","FR","câlisser"
"calo","Wiktionary (French_slang)","Wiktionary","fr","FR","calo"
"cambuse","Wiktionary (French_slang)","Wiktionary","fr","FR","cambuse"
"came","Wiktionary (French_slang)","Wiktionary","fr","FR","came"
"camer","Wiktionary (French_slang)","Wiktionary","fr","FR","camer"
"camtar","Wiktionary (French_slang)","Wiktionary","fr","FR","camtar"
"canard","Wiktionary (French_slang)","Wiktionary","fr","FR","canard"
"canche","Wiktionary (French_slang)","Wiktionary","fr","FR","canche"
"canner","Wiktionary (French_slang)","Wiktionary","fr","FR","canner"
"canon","Wiktionary (French_slang)","Wiktionary","fr","FR","canon"
"German cant","Wiktionary (German_slang)","Wiktionary","de","DE","germancant"
"German fandom slang","Wiktionary (German_slang)","Wiktionary","de","DE","germanfandomslang"
"German internet slang","Wiktionary (German_slang)","Wiktionary","de","DE","germaninternetslang"
"German LGBTQ slang","Wiktionary (German_slang)","Wiktionary","de","DE","germanlgbtqslang"
"German military slang","Wiktionary (German_slang)","Wiktionary","de","DE","germanmilitaryslang"
"German prison slang","Wiktionary (German_slang)","Wiktionary","de","DE","germanprisonslang"
"German school slang","Wiktionary (German_slang)","Wiktionary","de","DE","germanschoolslang"
"German student slang","Wiktionary (German_slang)","Wiktionary","de","DE","germanstudentslang"
"German text messaging slang","Wiktionary (German_slang)","Wiktionary","de","DE","germantextmessagingslang"
"31er","Wiktionary (German_slang)","Wiktionary","de","DE","31er"
"Aal","Wiktionary (German_slang)","Wiktionary","de","DE","aal"
"abdrücken","Wiktionary (German_slang)","Wiktionary","de","DE","abdrücken"
"Abessinien","Wiktionary (German_slang)","Wiktionary","de","DE","abessinien"
"abknöpfen","Wiktionary (German_slang)","Wiktionary","de","DE","abknöpfen"
"abmelken","Wiktionary (German_slang)","Wiktionary","de","DE","abmelken"
"Abräumer","Wiktionary (German_slang)","Wiktionary","de","DE","abräumer"
"absaugen","Wiktionary (German_slang)","Wiktionary","de","DE","absaugen"
"abschießen","Wiktionary (German_slang)","Wiktionary","de","DE","abschießen"
"Abseiler","Wiktionary (German_slang)","Wiktionary","de","DE","abseiler"
"abspacken","Wiktionary (German_slang)","Wiktionary","de","DE","abspacken"
"abspritzen","Wiktionary (German_slang)","Wiktionary","de","DE","abspritzen"
"abwandern","Wiktionary (German_slang)","Wiktionary","de","DE","abwandern"
"abzapfen","Wiktionary (German_slang)","Wiktionary","de","DE","abzapfen"
"Acid","Wiktionary (German_slang)","Wiktionary","de","DE","acid"
"Affe","Wiktionary (German_slang)","Wiktionary","de","DE","affe"
"Affenzahn","Wiktionary (German_slang)","Wiktionary","de","DE","affenzahn"
"Afghane","Wiktionary (German_slang)","Wiktionary","de","DE","afghane"
"Aische","Wiktionary (German_slang)","Wiktionary","de","DE","aische"
"Aktive","Wiktionary (German_slang)","Wiktionary","de","DE","aktive"
"Alemanne","Wiktionary (German_slang)","Wiktionary","de","DE","alemanne"
"Alman","Wiktionary (German_slang)","Wiktionary","de","DE","alman"
"als U-Boot","Wiktionary (German_slang)","Wiktionary","de","DE","alsuboot"
"Alter","Wiktionary (German_slang)","Wiktionary","de","DE","alter"
"Aluminium","Wiktionary (German_slang)","Wiktionary","de","DE","aluminium"
"Amphe","Wiktionary (German_slang)","Wiktionary","de","DE","amphe"
"anfixen","Wiktionary (German_slang)","Wiktionary","de","DE","anfixen"
"Anmeldung","Wiktionary (German_slang)","Wiktionary","de","DE","anmeldung"
"anschmeissen","Wiktionary (German_slang)","Wiktionary","de","DE","anschmeissen"
"Arschkarte","Wiktionary (German_slang)","Wiktionary","de","DE","arschkarte"
"Arschrakete","Wiktionary (German_slang)","Wiktionary","de","DE","arschrakete"
"Atze","Wiktionary (German_slang)","Wiktionary","de","DE","atze"
"auf","Wiktionary (German_slang)","Wiktionary","de","DE","auf"
"auf jemandes Nacken","Wiktionary (German_slang)","Wiktionary","de","DE","aufjemandesnacken"
"auf lock","Wiktionary (German_slang)","Wiktionary","de","DE","auflock"
"auf süß","Wiktionary (German_slang)","Wiktionary","de","DE","aufsüß"
"aussiedeln","Wiktionary (German_slang)","Wiktionary","de","DE","aussiedeln"
"awkward","Wiktionary (German_slang)","Wiktionary","de","DE","awkward"
"baba","Wiktionary (German_slang)","Wiktionary","de","DE","baba"
"Babo","Wiktionary (German_slang)","Wiktionary","de","DE","babo"
"Baby","Wiktionary (German_slang)","Wiktionary","de","DE","baby"
"back dir ein Eis","Wiktionary (German_slang)","Wiktionary","de","DE","backdireineis"
"Backfischaquarium","Wiktionary (German_slang)","Wiktionary","de","DE","backfischaquarium"
"Bambule","Wiktionary (German_slang)","Wiktionary","de","DE","bambule"
"Bär","Wiktionary (German_slang)","Wiktionary","de","DE","bär"
"bauen","Wiktionary (German_slang)","Wiktionary","de","DE","bauen"
"Beamer","Wiktionary (German_slang)","Wiktionary","de","DE","beamer"
"behindert","Wiktionary (German_slang)","Wiktionary","de","DE","behindert"
"belastend","Wiktionary (German_slang)","Wiktionary","de","DE","belastend"
"Benzo","Wiktionary (German_slang)","Wiktionary","de","DE","benzo"
"Bernd","Wiktionary (German_slang)","Wiktionary","de","DE","bernd"
"bescheuert","Wiktionary (German_slang)","Wiktionary","de","DE","bescheuert"
"beseitigen","Wiktionary (German_slang)","Wiktionary","de","DE","beseitigen"
"Bethel","Wiktionary (German_slang)","Wiktionary","de","DE","bethel"
"Bildkonserve","Wiktionary (German_slang)","Wiktionary","de","DE","bildkonserve"
"bleib stabil","Wiktionary (German_slang)","Wiktionary","de","DE","bleibstabil"
"Blüte","Wiktionary (German_slang)","Wiktionary","de","DE","blüte"
"bocken","Wiktionary (German_slang)","Wiktionary","de","DE","bocken"
"bodenlos","Wiktionary (German_slang)","Wiktionary","de","DE","bodenlos"
"Bolde","Wiktionary (German_slang)","Wiktionary","de","DE","bolde"
"Boyfriend","Wiktionary (German_slang)","Wiktionary","de","DE","boyfriend"
"Bra","Wiktionary (German_slang)","Wiktionary","de","DE","bra"
"Brain","Wiktionary (German_slang)","Wiktionary","de","DE","brain"
"Brand","Wiktionary (German_slang)","Wiktionary","de","DE","brand"
"Bratan","Wiktionary (German_slang)","Wiktionary","de","DE","bratan"
"Bre","Wiktionary (German_slang)","Wiktionary","de","DE","bre"
"Brett","Wiktionary (German_slang)","Wiktionary","de","DE","brett"
"broke","Wiktionary (German_slang)","Wiktionary","de","DE","broke"
"Brokkoli","Wiktionary (German_slang)","Wiktionary","de","DE","brokkoli"
"Bruch","Wiktionary (German_slang)","Wiktionary","de","DE","bruch"
"Bubatz","Wiktionary (German_slang)","Wiktionary","de","DE","bubatz"
"Bude","Wiktionary (German_slang)","Wiktionary","de","DE","bude"
"Bullette","Wiktionary (German_slang)","Wiktionary","de","DE","bullette"
"bumsbar","Wiktionary (German_slang)","Wiktionary","de","DE","bumsbar"
"Butch","Wiktionary (German_slang)","Wiktionary","de","DE","butch"
"Buttergolem","Wiktionary (German_slang)","Wiktionary","de","DE","buttergolem"
"BWL-Justus","Wiktionary (German_slang)","Wiktionary","de","DE","bwljustus"
"Call","Wiktionary (German_slang)","Wiktionary","de","DE","call"
"Chabo","Wiktionary (German_slang)","Wiktionary","de","DE","chabo"
"Chaya","Wiktionary (German_slang)","Wiktionary","de","DE","chaya"
"checken","Wiktionary (German_slang)","Wiktionary","de","DE","checken"
"Chick","Wiktionary (German_slang)","Wiktionary","de","DE","chick"
"copen","Wiktionary (German_slang)","Wiktionary","de","DE","copen"
"Cougar","Wiktionary (German_slang)","Wiktionary","de","DE","cougar"
"Courage","Wiktionary (German_slang)","Wiktionary","de","DE","courage"
"Crashout","Wiktionary (German_slang)","Wiktionary","de","DE","crashout"
"cringe","Wiktionary (German_slang)","Wiktionary","de","DE","cringe"
"cringen","Wiktionary (German_slang)","Wiktionary","de","DE","cringen"
"dealen","Wiktionary (German_slang)","Wiktionary","de","DE","dealen"
"Deca","Wiktionary (German_slang)","Wiktionary","de","DE","deca"
"Deckel","Wiktionary (German_slang)","Wiktionary","de","DE","deckel"
"deep","Wiktionary (German_slang)","Wiktionary","de","DE","deep"
"derb","Wiktionary (German_slang)","Wiktionary","de","DE","derb"
"derbe","Wiktionary (German_slang)","Wiktionary","de","DE","derbe"
"die Lampen anhaben","Wiktionary (German_slang)","Wiktionary","de","DE","dielampenanhaben"
"digga","Wiktionary (German_slang)","Wiktionary","de","DE","digga"
"Diggah","Wiktionary (German_slang)","Wiktionary","de","DE","diggah"
"Ding","Wiktionary (German_slang)","Wiktionary","de","DE","ding"
"Dinkeldörte","Wiktionary (German_slang)","Wiktionary","de","DE","dinkeldörte"
"Direx","Wiktionary (German_slang)","Wiktionary","de","DE","direx"
"Diss","Wiktionary (German_slang)","Wiktionary","de","DE","diss"
"Dope","Wiktionary (German_slang)","Wiktionary","de","DE","dope"
"Dorfmatratze","Wiktionary (German_slang)","Wiktionary","de","DE","dorfmatratze"
"Dosenöffner","Wiktionary (German_slang)","Wiktionary","de","DE","dosenöffner"
"Dosis","Wiktionary (German_slang)","Wiktionary","de","DE","dosis"
"Downer","Wiktionary (German_slang)","Wiktionary","de","DE","downer"
"drauf","Wiktionary (German_slang)","Wiktionary","de","DE","drauf"
"draufgehen","Wiktionary (German_slang)","Wiktionary","de","DE","draufgehen"
"Drehscheibe","Wiktionary (German_slang)","Wiktionary","de","DE","drehscheibe"
"drittes Bein","Wiktionary (German_slang)","Wiktionary","de","DE","drittesbein"
"Druck","Wiktionary (German_slang)","Wiktionary","de","DE","druck"
"drücken","Wiktionary (German_slang)","Wiktionary","de","DE","drücken"
"Druckraum","Wiktionary (German_slang)","Wiktionary","de","DE","druckraum"
"druff","Wiktionary (German_slang)","Wiktionary","de","DE","druff"
"Druffi","Wiktionary (German_slang)","Wiktionary","de","DE","druffi"
"Dübel","Wiktionary (German_slang)","Wiktionary","de","DE","dübel"
"Dudu","Wiktionary (German_slang)","Wiktionary","de","DE","dudu"
"Dukatenscheißer","Wiktionary (German_slang)","Wiktionary","de","DE","dukatenscheißer"
"dumm fickt gut","Wiktionary (German_slang)","Wiktionary","de","DE","dummficktgut"
"durch","Wiktionary (German_slang)","Wiktionary","de","DE","durch"
"durchnudeln","Wiktionary (German_slang)","Wiktionary","de","DE","durchnudeln"
"Ehrenfrau","Wiktionary (German_slang)","Wiktionary","de","DE","ehrenfrau"
"Ehrenmann","Wiktionary (German_slang)","Wiktionary","de","DE","ehrenmann"
"Eierfrucht","Wiktionary (German_slang)","Wiktionary","de","DE","eierfrucht"
"Eimsbush","Wiktionary (German_slang)","Wiktionary","de","DE","eimsbush"
"einen abseilen","Wiktionary (German_slang)","Wiktionary","de","DE","einenabseilen"
"einen Neger abseilen","Wiktionary (German_slang)","Wiktionary","de","DE","einennegerabseilen"
"einen Rückzieher machen","Wiktionary (German_slang)","Wiktionary","de","DE","einenrückziehermachen"
"einlochen","Wiktionary (German_slang)","Wiktionary","de","DE","einlochen"
"Elftal","Wiktionary (German_slang)","Wiktionary","de","DE","elftal"
"erledigen","Wiktionary (German_slang)","Wiktionary","de","DE","erledigen"
"Erlkönig","Wiktionary (German_slang)","Wiktionary","de","DE","erlkönig"
"ever","Wiktionary (German_slang)","Wiktionary","de","DE","ever"
"exen","Wiktionary (German_slang)","Wiktionary","de","DE","exen"
"ey","Wiktionary (German_slang)","Wiktionary","de","DE","ey"
"F+","Wiktionary (German_slang)","Wiktionary","de","DE","f"
"fame","Wiktionary (German_slang)","Wiktionary","de","DE","fame"
"Fascho","Wiktionary (German_slang)","Wiktionary","de","DE","fascho"
"feiern","Wiktionary (German_slang)","Wiktionary","de","DE","feiern"
"fetzen","Wiktionary (German_slang)","Wiktionary","de","DE","fetzen"
"feucht","Wiktionary (German_slang)","Wiktionary","de","DE","feucht"
"fickbar","Wiktionary (German_slang)","Wiktionary","de","DE","fickbar"
"Fickfehler","Wiktionary (German_slang)","Wiktionary","de","DE","fickfehler"
"Ficksahne","Wiktionary (German_slang)","Wiktionary","de","DE","ficksahne"
"File","Wiktionary (German_slang)","Wiktionary","de","DE","file"
"fingern","Wiktionary (German_slang)","Wiktionary","de","DE","fingern"
"Fink","Wiktionary (German_slang)","Wiktionary","de","DE","fink"
"Fitna","Wiktionary (German_slang)","Wiktionary","de","DE","fitna"
"fixen","Wiktionary (German_slang)","Wiktionary","de","DE","fixen"
"Fixer","Wiktionary (German_slang)","Wiktionary","de","DE","fixer"
"flashen","Wiktionary (German_slang)","Wiktionary","de","DE","flashen"
"Fleischpeitsche","Wiktionary (German_slang)","Wiktionary","de","DE","fleischpeitsche"
"flexen","Wiktionary (German_slang)","Wiktionary","de","DE","flexen"
"Fliege","Wiktionary (German_slang)","Wiktionary","de","DE","fliege"
"Flitzkacke","Wiktionary (German_slang)","Wiktionary","de","DE","flitzkacke"
"Flosse","Wiktionary (German_slang)","Wiktionary","de","DE","flosse"
"Flus","Wiktionary (German_slang)","Wiktionary","de","DE","flus"
"fotzen","Wiktionary (German_slang)","Wiktionary","de","DE","fotzen"
"frau","Wiktionary (German_slang)","Wiktionary","de","DE","frau"
"Fressflash","Wiktionary (German_slang)","Wiktionary","de","DE","fressflash"
"Freudenabteilung","Wiktionary (German_slang)","Wiktionary","de","DE","freudenabteilung"
"Fritzchen","Wiktionary (German_slang)","Wiktionary","de","DE","fritzchen"
"Fuchs","Wiktionary (German_slang)","Wiktionary","de","DE","fuchs"
"fucking","Wiktionary (German_slang)","Wiktionary","de","DE","fucking"
"funzen","Wiktionary (German_slang)","Wiktionary","de","DE","funzen"
"Gamer","Wiktionary (German_slang)","Wiktionary","de","DE","gamer"
"Ganeff","Wiktionary (German_slang)","Wiktionary","de","DE","ganeff"
"Ganja","Wiktionary (German_slang)","Wiktionary","de","DE","ganja"
"Gazastreifen","Wiktionary (German_slang)","Wiktionary","de","DE","gazastreifen"
"Gehäuse","Wiktionary (German_slang)","Wiktionary","de","DE","gehäuse"
"geilo","Wiktionary (German_slang)","Wiktionary","de","DE","geilo"
"geilomat","Wiktionary (German_slang)","Wiktionary","de","DE","geilomat"
"geisteskrank","Wiktionary (German_slang)","Wiktionary","de","DE","geisteskrank"
"gekocht","Wiktionary (German_slang)","Wiktionary","de","DE","gekocht"
"Germoney","Wiktionary (German_slang)","Wiktionary","de","DE","germoney"
"Geschwuchtel","Wiktionary (German_slang)","Wiktionary","de","DE","geschwuchtel"
"gestört","Wiktionary (German_slang)","Wiktionary","de","DE","gestört"
"Gewahrsam","Wiktionary (German_slang)","Wiktionary","de","DE","gewahrsam"
"gifteln","Wiktionary (German_slang)","Wiktionary","de","DE","gifteln"
"Gimpel","Wiktionary (German_slang)","Wiktionary","de","DE","gimpel"
"Glatze","Wiktionary (German_slang)","Wiktionary","de","DE","glatze"
"goldener Schuss","Wiktionary (German_slang)","Wiktionary","de","DE","goldenerschuss"
"Gönnjamin","Wiktionary (German_slang)","Wiktionary","de","DE","gönnjamin"
"gottlos","Wiktionary (German_slang)","Wiktionary","de","DE","gottlos"
"Graka","Wiktionary (German_slang)","Wiktionary","de","DE","graka"
"Granat","Wiktionary (German_slang)","Wiktionary","de","DE","granat"
"Griechisch","Wiktionary (German_slang)","Wiktionary","de","DE","griechisch"
"Grufti","Wiktionary (German_slang)","Wiktionary","de","DE","grufti"
"Guffel","Wiktionary (German_slang)","Wiktionary","de","DE","guffel"
"gw","Wiktionary (German_slang)","Wiktionary","de","DE","gw"
"Gwop","Wiktionary (German_slang)","Wiktionary","de","DE","gwop"
"Habibi","Wiktionary (German_slang)","Wiktionary","de","DE","habibi"
"Hachse","Wiktionary (German_slang)","Wiktionary","de","DE","hachse"
"Hack","Wiktionary (German_slang)","Wiktionary","de","DE","hack"
"Haeckse","Wiktionary (German_slang)","Wiktionary","de","DE","haeckse"
"Hallu","Wiktionary (German_slang)","Wiktionary","de","DE","hallu"
"Hals Maul","Wiktionary (German_slang)","Wiktionary","de","DE","halsmaul"
"Hartzer","Wiktionary (German_slang)","Wiktionary","de","DE","hartzer"
"Russian cant","Wiktionary (Russian_slang)","Wiktionary","ru","RU","russiancant"
"Russian criminal slang","Wiktionary (Russian_slang)","Wiktionary","ru","RU","russiancriminalslang"
"Russian fandom slang","Wiktionary (Russian_slang)","Wiktionary","ru","RU","russianfandomslang"
"Russian internet slang","Wiktionary (Russian_slang)","Wiktionary","ru","RU","russianinternetslang"
"Russian LGBTQ slang","Wiktionary (Russian_slang)","Wiktionary","ru","RU","russianlgbtqslang"
"Russian military slang","Wiktionary (Russian_slang)","Wiktionary","ru","RU","russianmilitaryslang"
"Russian prison slang","Wiktionary (Russian_slang)","Wiktionary","ru","RU","russianprisonslang"
"Russian school slang","Wiktionary (Russian_slang)","Wiktionary","ru","RU","russianschoolslang"
"Russian student slang","Wiktionary (Russian_slang)","Wiktionary","ru","RU","russianstudentslang"
"Russian text messaging slang","Wiktionary (Russian_slang)","Wiktionary","ru","RU","russiantextmessagingslang"
"абажур","Wiktionary (Russian_slang)","Wiktionary","ru","RU","абажур"
"абанамат","Wiktionary (Russian_slang)","Wiktionary","ru","RU","абанамат"
"абевегедейка","Wiktionary (Russian_slang)","Wiktionary","ru","RU","абевегедейка"
"абьюзер","Wiktionary (Russian_slang)","Wiktionary","ru","RU","абьюзер"
"абьюзерский","Wiktionary (Russian_slang)","Wiktionary","ru","RU","абьюзерский"
"абьюзивный","Wiktionary (Russian_slang)","Wiktionary","ru","RU","абьюзивный"
"абьюзить","Wiktionary (Russian_slang)","Wiktionary","ru","RU","абьюзить"
"австрал","Wiktionary (Russian_slang)","Wiktionary","ru","RU","австрал"
"агась","Wiktionary (Russian_slang)","Wiktionary","ru","RU","агась"
"агриться","Wiktionary (Russian_slang)","Wiktionary","ru","RU","агриться"
"аид","Wiktionary (Russian_slang)","Wiktionary","ru","RU","аид"
"аидыше","Wiktionary (Russian_slang)","Wiktionary","ru","RU","аидыше"
"айс","Wiktionary (Russian_slang)","Wiktionary","ru","RU","айс"
"аквафреш","Wiktionary (Russian_slang)","Wiktionary","ru","RU","аквафреш"
"акк","Wiktionary (Russian_slang)","Wiktionary","ru","RU","акк"
"альфач","Wiktionary (Russian_slang)","Wiktionary","ru","RU","альфач"
"амбал","Wiktionary (Russian_slang)","Wiktionary","ru","RU","амбал"
"анальный","Wiktionary (Russian_slang)","Wiktionary","ru","RU","анальный"
"ангельская пыль","Wiktionary (Russian_slang)","Wiktionary","ru","RU","ангельскаяпыль"
"анскилл","Wiktionary (Russian_slang)","Wiktionary","ru","RU","анскилл"
"аппаратчик","Wiktionary (Russian_slang)","Wiktionary","ru","RU","аппаратчик"
"аппаратчица","Wiktionary (Russian_slang)","Wiktionary","ru","RU","аппаратчица"
"арбуз","Wiktionary (Russian_slang)","Wiktionary","ru","RU","арбуз"
"атас","Wiktionary (Russian_slang)","Wiktionary","ru","RU","атас"
"баба","Wiktionary (Russian_slang)","Wiktionary","ru","RU","баба"
"бабки","Wiktionary (Russian_slang)","Wiktionary","ru","RU","бабки"
"бабло","Wiktionary (Russian_slang)","Wiktionary","ru","RU","бабло"
"баблосы","Wiktionary (Russian_slang)","Wiktionary","ru","RU","баблосы"
"бабосы","Wiktionary (Russian_slang)","Wiktionary","ru","RU","бабосы"
"бабушка","Wiktionary (Russian_slang)","Wiktionary","ru","RU","бабушка"
"баг","Wiktionary (Russian_slang)","Wiktionary","ru","RU","баг"
"базар","Wiktionary (Russian_slang)","Wiktionary","ru","RU","базар"
"бай-бай","Wiktionary (Russian_slang)","Wiktionary","ru","RU","байбай"
"байк","Wiktionary (Russian_slang)","Wiktionary","ru","RU","байк"
"байт","Wiktionary (Russian_slang)","Wiktionary","ru","RU","байт"
"бакланка","Wiktionary (Russian_slang)","Wiktionary","ru","RU","бакланка"
"балдёж","Wiktionary (Russian_slang)","Wiktionary","ru","RU","балдёж"
"балдеть","Wiktionary (Russian_slang)","Wiktionary","ru","RU","балдеть"
"бан","Wiktionary (Russian_slang)","Wiktionary","ru","RU","бан"
"бандерлог","Wiktionary (Russian_slang)","Wiktionary","ru","RU","бандерлог"
"банка","Wiktionary (Russian_slang)","Wiktionary","ru","RU","банка"
"бархан","Wiktionary (Russian_slang)","Wiktionary","ru","RU","бархан"
"баттл","Wiktionary (Russian_slang)","Wiktionary","ru","RU","баттл"
"башли","Wiktionary (Russian_slang)","Wiktionary","ru","RU","башли"
"башлять","Wiktionary (Russian_slang)","Wiktionary","ru","RU","башлять"
"баян","Wiktionary (Russian_slang)","Wiktionary","ru","RU","баян"
"белая","Wiktionary (Russian_slang)","Wiktionary","ru","RU","белая"
"белая смерть","Wiktionary (Russian_slang)","Wiktionary","ru","RU","белаясмерть"
"беспалевный","Wiktionary (Russian_slang)","Wiktionary","ru","RU","беспалевный"
"бесперспективняк","Wiktionary (Russian_slang)","Wiktionary","ru","RU","бесперспективняк"
"бздеть","Wiktionary (Russian_slang)","Wiktionary","ru","RU","бздеть"
"бздун","Wiktionary (Russian_slang)","Wiktionary","ru","RU","бздун"
"биба","Wiktionary (Russian_slang)","Wiktionary","ru","RU","биба"
"Бидон","Wiktionary (Russian_slang)","Wiktionary","ru","RU","бидон"
"бикса","Wiktionary (Russian_slang)","Wiktionary","ru","RU","бикса"
"биток","Wiktionary (Russian_slang)","Wiktionary","ru","RU","биток"
"блат-хата","Wiktionary (Russian_slang)","Wiktionary","ru","RU","блатхата"
"блатной","Wiktionary (Russian_slang)","Wiktionary","ru","RU","блатной"
"блд","Wiktionary (Russian_slang)","Wiktionary","ru","RU","блд"
"блин","Wiktionary (Russian_slang)","Wiktionary","ru","RU","блин"
"блядина","Wiktionary (Russian_slang)","Wiktionary","ru","RU","блядина"
"блядство","Wiktionary (Russian_slang)","Wiktionary","ru","RU","блядство"
"блять","Wiktionary (Russian_slang)","Wiktionary","ru","RU","блять"
"богадельня","Wiktionary (Russian_slang)","Wiktionary","ru","RU","богадельня"
"болванка","Wiktionary (Russian_slang)","Wiktionary","ru","RU","болванка"
"большой пиздец","Wiktionary (Russian_slang)","Wiktionary","ru","RU","большойпиздец"
"бон","Wiktionary (Russian_slang)","Wiktionary","ru","RU","бон"
"борзый","Wiktionary (Russian_slang)","Wiktionary","ru","RU","борзый"
"ботаник","Wiktionary (Russian_slang)","Wiktionary","ru","RU","ботаник"
"ботать","Wiktionary (Russian_slang)","Wiktionary","ru","RU","ботать"
"ботва","Wiktionary (Russian_slang)","Wiktionary","ru","RU","ботва"
"бочка","Wiktionary (Russian_slang)","Wiktionary","ru","RU","бочка"
"бошка","Wiktionary (Russian_slang)","Wiktionary","ru","RU","бошка"
"братан","Wiktionary (Russian_slang)","Wiktionary","ru","RU","братан"
"братская могила","Wiktionary (Russian_slang)","Wiktionary","ru","RU","братскаямогила"
"бро","Wiktionary (Russian_slang)","Wiktionary","ru","RU","бро"
"Бульбостан","Wiktionary (Russian_slang)","Wiktionary","ru","RU","бульбостан"
"бумага","Wiktionary (Russian_slang)","Wiktionary","ru","RU","бумага"
"бумер","Wiktionary (Russian_slang)","Wiktionary","ru","RU","бумер"
"бутер","Wiktionary (Russian_slang)","Wiktionary","ru","RU","бутер"
"бухтеть","Wiktionary (Russian_slang)","Wiktionary","ru","RU","бухтеть"
"бык","Wiktionary (Russian_slang)","Wiktionary","ru","RU","бык"
"бычок","Wiktionary (Russian_slang)","Wiktionary","ru","RU","бычок"
"бэха","Wiktionary (Russian_slang)","Wiktionary","ru","RU","бэха"
"в натуре","Wiktionary (Russian_slang)","Wiktionary","ru","RU","внатуре"
"в расход","Wiktionary (Russian_slang)","Wiktionary","ru","RU","врасход"
"вайб","Wiktionary (Russian_slang)","Wiktionary","ru","RU","вайб"
"валенок","Wiktionary (Russian_slang)","Wiktionary","ru","RU","валенок"
"ванилька","Wiktionary (Russian_slang)","Wiktionary","ru","RU","ванилька"
"Ваня","Wiktionary (Russian_slang)","Wiktionary","ru","RU","ваня"
"ватага","Wiktionary (Russian_slang)","Wiktionary","ru","RU","ватага"
"ваха","Wiktionary (Russian_slang)","Wiktionary","ru","RU","ваха"
"вахуй","Wiktionary (Russian_slang)","Wiktionary","ru","RU","вахуй"
"ваще","Wiktionary (Russian_slang)","Wiktionary","ru","RU","ваще"
"вейпить","Wiktionary (Russian_slang)","Wiktionary","ru","RU","вейпить"
"вертеть на хую","Wiktionary (Russian_slang)","Wiktionary","ru","RU","вертетьнахую"
"вертухай","Wiktionary (Russian_slang)","Wiktionary","ru","RU","вертухай"
"весёлый","Wiktionary (Russian_slang)","Wiktionary","ru","RU","весёлый"
"весло","Wiktionary (Russian_slang)","Wiktionary","ru","RU","весло"
"вет","Wiktionary (Russian_slang)","Wiktionary","ru","RU","вет"
"видос","Wiktionary (Russian_slang)","Wiktionary","ru","RU","видос"
"винда","Wiktionary (Russian_slang)","Wiktionary","ru","RU","винда"
"винт","Wiktionary (Russian_slang)","Wiktionary","ru","RU","винт"
"винтить","Wiktionary (Russian_slang)","Wiktionary","ru","RU","винтить"
"вира","Wiktionary (Russian_slang)","Wiktionary","ru","RU","вира"
"вкрашиться","Wiktionary (Russian_slang)","Wiktionary","ru","RU","вкрашиться"
"влом","Wiktionary (Russian_slang)","Wiktionary","ru","RU","влом"
"вломить","Wiktionary (Russian_slang)","Wiktionary","ru","RU","вломить"
"вмазать","Wiktionary (Russian_slang)","Wiktionary","ru","RU","вмазать"
"вмазывать","Wiktionary (Russian_slang)","Wiktionary","ru","RU","вмазывать"
"Вова","Wiktionary (Russian_slang)","Wiktionary","ru","RU","вова"
"воздух","Wiktionary (Russian_slang)","Wiktionary","ru","RU","воздух"
"возникать","Wiktionary (Russian_slang)","Wiktionary","ru","RU","возникать"
"воркать","Wiktionary (Russian_slang)","Wiktionary","ru","RU","воркать"
"вписка","Wiktionary (Russian_slang)","Wiktionary","ru","RU","вписка"
"встречка","Wiktionary (Russian_slang)","Wiktionary","ru","RU","встречка"
"втыкать","Wiktionary (Russian_slang)","Wiktionary","ru","RU","втыкать"
"въезжать","Wiktionary (Russian_slang)","Wiktionary","ru","RU","въезжать"
"въехать","Wiktionary (Russian_slang)","Wiktionary","ru","RU","въехать"
"вывозить","Wiktionary (Russian_slang)","Wiktionary","ru","RU","вывозить"
"выкупать","Wiktionary (Russian_slang)","Wiktionary","ru","RU","выкупать"
"выкупить","Wiktionary (Russian_slang)","Wiktionary","ru","RU","выкупить"
"вынести","Wiktionary (Russian_slang)","Wiktionary","ru","RU","вынести"
"выпиливать","Wiktionary (Russian_slang)","Wiktionary","ru","RU","выпиливать"
"выпиливаться","Wiktionary (Russian_slang)","Wiktionary","ru","RU","выпиливаться"
"выпилить","Wiktionary (Russian_slang)","Wiktionary","ru","RU","выпилить"
"выпилиться","Wiktionary (Russian_slang)","Wiktionary","ru","RU","выпилиться"
"высрать","Wiktionary (Russian_slang)","Wiktionary","ru","RU","высрать"
"вышиватник","Wiktionary (Russian_slang)","Wiktionary","ru","RU","вышиватник"
"Гагарин","Wiktionary (Russian_slang)","Wiktionary","ru","RU","гагарин"
"гасить","Wiktionary (Russian_slang)","Wiktionary","ru","RU","гасить"
"гастер","Wiktionary (Russian_slang)","Wiktionary","ru","RU","гастер"
"геймер","Wiktionary (Russian_slang)","Wiktionary","ru","RU","геймер"
"Гейропа","Wiktionary (Russian_slang)","Wiktionary","ru","RU","гейропа"
"геморрой","Wiktionary (Russian_slang)","Wiktionary","ru","RU","геморрой"
"Гера","Wiktionary (Russian_slang)","Wiktionary","ru","RU","гера"
"Герань","Wiktionary (Russian_slang)","Wiktionary","ru","RU","герань"
"гифка","Wiktionary (Russian_slang)","Wiktionary","ru","RU","гифка"
"глиномес","Wiktionary (Russian_slang)","Wiktionary","ru","RU","глиномес"
"глухарь","Wiktionary (Russian_slang)","Wiktionary","ru","RU","глухарь"
"гнать","Wiktionary (Russian_slang)","Wiktionary","ru","RU","гнать"
"говнарь","Wiktionary (Russian_slang)","Wiktionary","ru","RU","говнарь"
"говнище","Wiktionary (Russian_slang)","Wiktionary","ru","RU","говнище"
"говно вопрос","Wiktionary (Russian_slang)","Wiktionary","ru","RU","говновопрос"
"говноед","Wiktionary (Russian_slang)","Wiktionary","ru","RU","говноед"
"говнорок","Wiktionary (Russian_slang)","Wiktionary","ru","RU","говнорок"
"годный","Wiktionary (Russian_slang)","Wiktionary","ru","RU","годный"
"гойда","Wiktionary (Russian_slang)","Wiktionary","ru","RU","гойда"
"голландка","Wiktionary (Russian_slang)","Wiktionary","ru","RU","голландка"
"голубизна","Wiktionary (Russian_slang)","Wiktionary","ru","RU","голубизна"
"голубой","Wiktionary (Russian_slang)","Wiktionary","ru","RU","голубой"
"гон","Wiktionary (Russian_slang)","Wiktionary","ru","RU","гон"
"гондон","Wiktionary (Russian_slang)","Wiktionary","ru","RU","гондон"
"гоп-стоп","Wiktionary (Russian_slang)","Wiktionary","ru","RU","гопстоп"
"горчичник","Wiktionary (Russian_slang)","Wiktionary","ru","RU","горчичник"
"горячий","Wiktionary (Russian_slang)","Wiktionary","ru","RU","горячий"
"гоустить","Wiktionary (Russian_slang)","Wiktionary","ru","RU","гоустить"
"граммар-наци","Wiktionary (Russian_slang)","Wiktionary","ru","RU","граммарнаци"
"графомания","Wiktionary (Russian_slang)","Wiktionary","ru","RU","графомания"
"громила","Wiktionary (Russian_slang)","Wiktionary","ru","RU","громила"
"грузануть","Wiktionary (Russian_slang)","Wiktionary","ru","RU","грузануть"
"грузить","Wiktionary (Russian_slang)","Wiktionary","ru","RU","грузить"
"губа","Wiktionary (Russian_slang)","Wiktionary","ru","RU","губа"
"давать","Wiktionary (Russian_slang)","Wiktionary","ru","RU","давать"
"даг","Wiktionary (Russian_slang)","Wiktionary","ru","RU","даг"
"Даллас","Wiktionary (Russian_slang)","Wiktionary","ru","RU","даллас"
"дать","Wiktionary (Russian_slang)","Wiktionary","ru","RU","дать"
"Даунбасс","Wiktionary (Russian_slang)","Wiktionary","ru","RU","даунбасс"
"движуха","Wiktionary (Russian_slang)","Wiktionary","ru","RU","движуха"
"двустволка","Wiktionary (Russian_slang)","Wiktionary","ru","RU","двустволка"
"девятка","Wiktionary (Russian_slang)","Wiktionary","ru","RU","девятка"
"дед","Wiktionary (Russian_slang)","Wiktionary","ru","RU","дед"
"дедовщина","Wiktionary (Russian_slang)","Wiktionary","ru","RU","дедовщина"
"дедушка","Wiktionary (Russian_slang)","Wiktionary","ru","RU","дедушка"
"денацифицировать","Wiktionary (Russian_slang)","Wiktionary","ru","RU","денацифицировать"
"деревянный бушлат","Wiktionary (Russian_slang)","Wiktionary","ru","RU","деревянныйбушлат"
"дерьмо","Wiktionary (Russian_slang)","Wiktionary","ru","RU","дерьмо"
"десятка","Wiktionary (Russian_slang)","Wiktionary","ru","RU","десятка"
"дешманский","Wiktionary (Russian_slang)","Wiktionary","ru","RU","дешманский"
"дизайнить","Wiktionary (Russian_slang)","Wiktionary","ru","RU","дизайнить"
"динамо","Wiktionary (Russian_slang)","Wiktionary","ru","RU","динамо"
"длбйб","Wiktionary (Russian_slang)","Wiktionary","ru","RU","длбйб"
"днюха","Wiktionary (Russian_slang)","Wiktionary","ru","RU","днюха"
"договорняк","Wiktionary (Russian_slang)","Wiktionary","ru","RU","договорняк"
"додик","Wiktionary (Russian_slang)","Wiktionary","ru","RU","додик"
"доить","Wiktionary (Russian_slang)","Wiktionary","ru","RU","доить"
"долбоёб","Wiktionary (Russian_slang)","Wiktionary","ru","RU","долбоёб"
"домашка","Wiktionary (Russian_slang)","Wiktionary","ru","RU","домашка"
"Донбабве","Wiktionary (Russian_slang)","Wiktionary","ru","RU","донбабве"
"дорожка","Wiktionary (Russian_slang)","Wiktionary","ru","RU","дорожка"
"дохнуть","Wiktionary (Russian_slang)","Wiktionary","ru","RU","дохнуть"
"драп","Wiktionary (Russian_slang)","Wiktionary","ru","RU","драп"
"дрисня","Wiktionary (Russian_slang)","Wiktionary","ru","RU","дрисня"
"дрищ","Wiktionary (Russian_slang)","Wiktionary","ru","RU","дрищ"
"дрова","Wiktionary (Russian_slang)","Wiktionary","ru","RU","дрова"
"дроп","Wiktionary (Russian_slang)","Wiktionary","ru","RU","дроп"
"дропнуть","Wiktionary (Russian_slang)","Wiktionary","ru","RU","дропнуть"
"дрочер","Wiktionary (Russian_slang)","Wiktionary","ru","RU","дрочер"
"дрочить","Wiktionary (Russian_slang)","Wiktionary","ru","RU","дрочить"
"Spanish cant","Wiktionary (Spanish_slang)","Wiktionary","es","ES","spanishcant"
"Spanish criminal slang","Wiktionary (Spanish_slang)","Wiktionary","es","ES","spanishcriminalslang"
"Spanish fandom slang","Wiktionary (Spanish_slang)","Wiktionary","es","ES","spanishfandomslang"
"Spanish internet slang","Wiktionary (Spanish_slang)","Wiktionary","es","ES","spanishinternetslang"
"Spanish LGBTQ slang","Wiktionary (Spanish_slang)","Wiktionary","es","ES","spanishlgbtqslang"
"Spanish prison slang","Wiktionary (Spanish_slang)","Wiktionary","es","ES","spanishprisonslang"
"Spanish student slang","Wiktionary (Spanish_slang)","Wiktionary","es","ES","spanishstudentslang"
"Spanish text messaging slang","Wiktionary (Spanish_slang)","Wiktionary","es","ES","spanishtextmessagingslang"
"abollado","Wiktionary (Spanish_slang)","Wiktionary","es","ES","abollado"
"aborto","Wiktionary (Spanish_slang)","Wiktionary","es","ES","aborto"
"abrir","Wiktionary (Spanish_slang)","Wiktionary","es","ES","abrir"
"abrochar","Wiktionary (Spanish_slang)","Wiktionary","es","ES","abrochar"
"acabada","Wiktionary (Spanish_slang)","Wiktionary","es","ES","acabada"
"acabadura","Wiktionary (Spanish_slang)","Wiktionary","es","ES","acabadura"
"acabar","Wiktionary (Spanish_slang)","Wiktionary","es","ES","acabar"
"acelerado","Wiktionary (Spanish_slang)","Wiktionary","es","ES","acelerado"
"acere","Wiktionary (Spanish_slang)","Wiktionary","es","ES","acere"
"acovachar","Wiktionary (Spanish_slang)","Wiktionary","es","ES","acovachar"
"adió","Wiktionary (Spanish_slang)","Wiktionary","es","ES","adió"
"adornar","Wiktionary (Spanish_slang)","Wiktionary","es","ES","adornar"
"afilar","Wiktionary (Spanish_slang)","Wiktionary","es","ES","afilar"
"agua","Wiktionary (Spanish_slang)","Wiktionary","es","ES","agua"
"aguado","Wiktionary (Spanish_slang)","Wiktionary","es","ES","aguado"
"agüevar","Wiktionary (Spanish_slang)","Wiktionary","es","ES","agüevar"
"agustín","Wiktionary (Spanish_slang)","Wiktionary","es","ES","agustín"
"ahí nos vidrios","Wiktionary (Spanish_slang)","Wiktionary","es","ES","ahínosvidrios"
"ahre","Wiktionary (Spanish_slang)","Wiktionary","es","ES","ahre"
"alcornoque","Wiktionary (Spanish_slang)","Wiktionary","es","ES","alcornoque"
"almeja","Wiktionary (Spanish_slang)","Wiktionary","es","ES","almeja"
"alucín","Wiktionary (Spanish_slang)","Wiktionary","es","ES","alucín"
"amasijar","Wiktionary (Spanish_slang)","Wiktionary","es","ES","amasijar"
"amigo","Wiktionary (Spanish_slang)","Wiktionary","es","ES","amigo"
"amigui","Wiktionary (Spanish_slang)","Wiktionary","es","ES","amigui"
"amiguis","Wiktionary (Spanish_slang)","Wiktionary","es","ES","amiguis"
"anaconda","Wiktionary (Spanish_slang)","Wiktionary","es","ES","anaconda"
"anal","Wiktionary (Spanish_slang)","Wiktionary","es","ES","anal"
"ancha","Wiktionary (Spanish_slang)","Wiktionary","es","ES","ancha"
"apio","Wiktionary (Spanish_slang)","Wiktionary","es","ES","apio"
"arepera","Wiktionary (Spanish_slang)","Wiktionary","es","ES","arepera"
"arrimón","Wiktionary (Spanish_slang)","Wiktionary","es","ES","arrimón"
"arrocero","Wiktionary (Spanish_slang)","Wiktionary","es","ES","arrocero"
"asaltacunas","Wiktionary (Spanish_slang)","Wiktionary","es","ES","asaltacunas"
"asno","Wiktionary (Spanish_slang)","Wiktionary","es","ES","asno"
"asterisco","Wiktionary (Spanish_slang)","Wiktionary","es","ES","asterisco"
"aweonao","Wiktionary (Spanish_slang)","Wiktionary","es","ES","aweonao"
"baby","Wiktionary (Spanish_slang)","Wiktionary","es","ES","baby"
"baica","Wiktionary (Spanish_slang)","Wiktionary","es","ES","baica"
"bajón","Wiktionary (Spanish_slang)","Wiktionary","es","ES","bajón"
"bajonear","Wiktionary (Spanish_slang)","Wiktionary","es","ES","bajonear"
"banana","Wiktionary (Spanish_slang)","Wiktionary","es","ES","banana"
"bancar","Wiktionary (Spanish_slang)","Wiktionary","es","ES","bancar"
"bando","Wiktionary (Spanish_slang)","Wiktionary","es","ES","bando"
"barbaro","Wiktionary (Spanish_slang)","Wiktionary","es","ES","barbaro"
"bardear","Wiktionary (Spanish_slang)","Wiktionary","es","ES","bardear"
"bate","Wiktionary (Spanish_slang)","Wiktionary","es","ES","bate"
"bato","Wiktionary (Spanish_slang)","Wiktionary","es","ES","bato"
"bebiernes","Wiktionary (Spanish_slang)","Wiktionary","es","ES","bebiernes"
"bellaco","Wiktionary (Spanish_slang)","Wiktionary","es","ES","bellaco"
"bemba","Wiktionary (Spanish_slang)","Wiktionary","es","ES","bemba"
"berraco","Wiktionary (Spanish_slang)","Wiktionary","es","ES","berraco"
"beta","Wiktionary (Spanish_slang)","Wiktionary","es","ES","beta"
"bichote","Wiktionary (Spanish_slang)","Wiktionary","es","ES","bichote"
"bicicleta","Wiktionary (Spanish_slang)","Wiktionary","es","ES","bicicleta"
"billullo","Wiktionary (Spanish_slang)","Wiktionary","es","ES","billullo"
"birlo","Wiktionary (Spanish_slang)","Wiktionary","es","ES","birlo"
"bironga","Wiktionary (Spanish_slang)","Wiktionary","es","ES","bironga"
"bividí","Wiktionary (Spanish_slang)","Wiktionary","es","ES","bividí"
"bocado","Wiktionary (Spanish_slang)","Wiktionary","es","ES","bocado"
"bodega","Wiktionary (Spanish_slang)","Wiktionary","es","ES","bodega"
"bola","Wiktionary (Spanish_slang)","Wiktionary","es","ES","bola"
"boleta","Wiktionary (Spanish_slang)","Wiktionary","es","ES","boleta"
"bolichico","Wiktionary (Spanish_slang)","Wiktionary","es","ES","bolichico"
"boligarca","Wiktionary (Spanish_slang)","Wiktionary","es","ES","boligarca"
"bolleo","Wiktionary (Spanish_slang)","Wiktionary","es","ES","bolleo"
"bollera","Wiktionary (Spanish_slang)","Wiktionary","es","ES","bollera"
"bolo","Wiktionary (Spanish_slang)","Wiktionary","es","ES","bolo"
"bondi","Wiktionary (Spanish_slang)","Wiktionary","es","ES","bondi"
"botón","Wiktionary (Spanish_slang)","Wiktionary","es","ES","botón"
"brasuca","Wiktionary (Spanish_slang)","Wiktionary","es","ES","brasuca"
"bro","Wiktionary (Spanish_slang)","Wiktionary","es","ES","bro"
"bróder","Wiktionary (Spanish_slang)","Wiktionary","es","ES","bróder"
"bucear","Wiktionary (Spanish_slang)","Wiktionary","es","ES","bucear"
"buenón","Wiktionary (Spanish_slang)","Wiktionary","es","ES","buenón"
"buenrollero","Wiktionary (Spanish_slang)","Wiktionary","es","ES","buenrollero"
"buey","Wiktionary (Spanish_slang)","Wiktionary","es","ES","buey"
"burro","Wiktionary (Spanish_slang)","Wiktionary","es","ES","burro"
"cabalgar","Wiktionary (Spanish_slang)","Wiktionary","es","ES","cabalgar"
"caballo","Wiktionary (Spanish_slang)","Wiktionary","es","ES","caballo"
"caballote","Wiktionary (Spanish_slang)","Wiktionary","es","ES","caballote"
"cabrita","Wiktionary (Spanish_slang)","Wiktionary","es","ES","cabrita"
"cabrón","Wiktionary (Spanish_slang)","Wiktionary","es","ES","cabrón"
"caca de luna","Wiktionary (Spanish_slang)","Wiktionary","es","ES","cacadeluna"
"cachapera","Wiktionary (Spanish_slang)","Wiktionary","es","ES","cachapera"
"cafiolo","Wiktionary (Spanish_slang)","Wiktionary","es","ES","cafiolo"
"cagado","Wiktionary (Spanish_slang)","Wiktionary","es","ES","cagado"
"cagante","Wiktionary (Spanish_slang)","Wiktionary","es","ES","cagante"
"cagazo","Wiktionary (Spanish_slang)","Wiktionary","es","ES","cagazo"
"caguama","Wiktionary (Spanish_slang)","Wiktionary","es","ES","caguama"
"cajeta","Wiktionary (Spanish_slang)","Wiktionary","es","ES","cajeta"
"caleta","Wiktionary (Spanish_slang)","Wiktionary","es","ES","caleta"
"calientapijas","Wiktionary (Spanish_slang)","Wiktionary","es","ES","calientapijas"
"caliente","Wiktionary (Spanish_slang)","Wiktionary","es","ES","caliente"
"calocha","Wiktionary (Spanish_slang)","Wiktionary","es","ES","calocha"
"calzar","Wiktionary (Spanish_slang)","Wiktionary","es","ES","calzar"
"camboyana","Wiktionary (Spanish_slang)","Wiktionary","es","ES","camboyana"
"campo de nabos","Wiktionary (Spanish_slang)","Wiktionary","es","ES","campodenabos"
"canchar","Wiktionary (Spanish_slang)","Wiktionary","es","ES","canchar"
"canuto","Wiktionary (Spanish_slang)","Wiktionary","es","ES","canuto"
"canyac","Wiktionary (Spanish_slang)","Wiktionary","es","ES","canyac"
"capanga","Wiktionary (Spanish_slang)","Wiktionary","es","ES","capanga"
"capichi","Wiktionary (Spanish_slang)","Wiktionary","es","ES","capichi"
"capital golondrina","Wiktionary (Spanish_slang)","Wiktionary","es","ES","capitalgolondrina"
"capital golondrino","Wiktionary (Spanish_slang)","Wiktionary","es","ES","capitalgolondrino"
"carajo","Wiktionary (Spanish_slang)","Wiktionary","es","ES","carajo"
"cariñosa","Wiktionary (Spanish_slang)","Wiktionary","es","ES","cariñosa"
"carro","Wiktionary (Spanish_slang)","Wiktionary","es","ES","carro"
"carrucha","Wiktionary (Spanish_slang)","Wiktionary","es","ES","carrucha"
"carrujo","Wiktionary (Spanish_slang)","Wiktionary","es","ES","carrujo"
"casaquear","Wiktionary (Spanish_slang)","Wiktionary","es","ES","casaquear"
"castroso","Wiktionary (Spanish_slang)","Wiktionary","es","ES","castroso"
"catalufo","Wiktionary (Spanish_slang)","Wiktionary","es","ES","catalufo"
"causa","Wiktionary (Spanish_slang)","Wiktionary","es","ES","causa"
"celu","Wiktionary (Spanish_slang)","Wiktionary","es","ES","celu"
"chabelear","Wiktionary (Spanish_slang)","Wiktionary","es","ES","chabelear"
"chacal","Wiktionary (Spanish_slang)","Wiktionary","es","ES","chacal"
"chachi","Wiktionary (Spanish_slang)","Wiktionary","es","ES","chachi"
"chairo","Wiktionary (Spanish_slang)","Wiktionary","es","ES","chairo"
"chale","Wiktionary (Spanish_slang)","Wiktionary","es","ES","chale"
"chales","Wiktionary (Spanish_slang)","Wiktionary","es","ES","chales"
"chalupa","Wiktionary (Spanish_slang)","Wiktionary","es","ES","chalupa"
"chambear","Wiktionary (Spanish_slang)","Wiktionary","es","ES","chambear"
"chana","Wiktionary (Spanish_slang)","Wiktionary","es","ES","chana"
"chantar","Wiktionary (Spanish_slang)","Wiktionary","es","ES","chantar"
"chanti","Wiktionary (Spanish_slang)","Wiktionary","es","ES","chanti"
"chapar","Wiktionary (Spanish_slang)","Wiktionary","es","ES","chapar"
"chaquetear","Wiktionary (Spanish_slang)","Wiktionary","es","ES","chaquetear"
"charca","Wiktionary (Spanish_slang)","Wiktionary","es","ES","charca"
"charcha","Wiktionary (Spanish_slang)","Wiktionary","es","ES","charcha"
"charo","Wiktionary (Spanish_slang)","Wiktionary","es","ES","charo"
"charro","Wiktionary (Spanish_slang)","Wiktionary","es","ES","charro"
"chaucha","Wiktionary (Spanish_slang)","Wiktionary","es","ES","chaucha"
"chauchas","Wiktionary (Spanish_slang)","Wiktionary","es","ES","chauchas"
"chavo","Wiktionary (Spanish_slang)","Wiktionary","es","ES","chavo"
"checo","Wiktionary (Spanish_slang)","Wiktionary","es","ES","checo"
"chela","Wiktionary (Spanish_slang)","Wiktionary","es","ES","chela"
"chelo","Wiktionary (Spanish_slang)","Wiktionary","es","ES","chelo"
"chemi","Wiktionary (Spanish_slang)","Wiktionary","es","ES","chemi"
"chepa","Wiktionary (Spanish_slang)","Wiktionary","es","ES","chepa"
"chesco","Wiktionary (Spanish_slang)","Wiktionary","es","ES","chesco"
"chetado","Wiktionary (Spanish_slang)","Wiktionary","es","ES","chetado"
"cheto","Wiktionary (Spanish_slang)","Wiktionary","es","ES","cheto"
"cheve","Wiktionary (Spanish_slang)","Wiktionary","es","ES","cheve"
"chévere","Wiktionary (Spanish_slang)","Wiktionary","es","ES","chévere"
"chicote","Wiktionary (Spanish_slang)","Wiktionary","es","ES","chicote"
"chilango","Wiktionary (Spanish_slang)","Wiktionary","es","ES","chilango"
"chilote","Wiktionary (Spanish_slang)","Wiktionary","es","ES","chilote"
"chingada","Wiktionary (Spanish_slang)","Wiktionary","es","ES","chingada"
"chingonería","Wiktionary (Spanish_slang)","Wiktionary","es","ES","chingonería"
"chirola","Wiktionary (Spanish_slang)","Wiktionary","es","ES","chirola"
"chirri","Wiktionary (Spanish_slang)","Wiktionary","es","ES","chirri"
"chiva","Wiktionary (Spanish_slang)","Wiktionary","es","ES","chiva"
"chiviento","Wiktionary (Spanish_slang)","Wiktionary","es","ES","chiviento"
"chivo","Wiktionary (Spanish_slang)","Wiktionary","es","ES","chivo"
"chocha","Wiktionary (Spanish_slang)","Wiktionary","es","ES","chocha"
"chochete","Wiktionary (Spanish_slang)","Wiktionary","es","ES","chochete"
"chocho","Wiktionary (Spanish_slang)","Wiktionary","es","ES","chocho"
"chochos","Wiktionary (Spanish_slang)","Wiktionary","es","ES","chochos"
"chocolate","Wiktionary (Spanish_slang)","Wiktionary","es","ES","chocolate"
"chorizo","Wiktionary (Spanish_slang)","Wiktionary","es","ES","chorizo"
"chorizote","Wiktionary (Spanish_slang)","Wiktionary","es","ES","chorizote"
"chorro","Wiktionary (Spanish_slang)","Wiktionary","es","ES","chorro"
"chota","Wiktionary (Spanish_slang)","Wiktionary","es","ES","chota"
"chotear","Wiktionary (Spanish_slang)","Wiktionary","es","ES","chotear"
"chucha","Wiktionary (Spanish_slang)","Wiktionary","es","ES","chucha"
"chuchada","Wiktionary (Spanish_slang)","Wiktionary","es","ES","chuchada"
"chuchaqui","Wiktionary (Spanish_slang)","Wiktionary","es","ES","chuchaqui"
"chuchi","Wiktionary (Spanish_slang)","Wiktionary","es","ES","chuchi"
"chueco","Wiktionary (Spanish_slang)","Wiktionary","es","ES","chueco"
"chuleta","Wiktionary (Spanish_slang)","Wiktionary","es","ES","chuleta"
"chumbo","Wiktionary (Spanish_slang)","Wiktionary","es","ES","chumbo"
"chupada","Wiktionary (Spanish_slang)","Wiktionary","es","ES","chupada"
"chupamangas","Wiktionary (Spanish_slang)","Wiktionary","es","ES","chupamangas"
"chupar","Wiktionary (Spanish_slang)","Wiktionary","es","ES","chupar"
"chutar","Wiktionary (Spanish_slang)","Wiktionary","es","ES","chutar"
"chute","Wiktionary (Spanish_slang)","Wiktionary","es","ES","chute"
"cipote","Wiktionary (Spanish_slang)","Wiktionary","es","ES","cipote"
"ciruja","Wiktionary (Spanish_slang)","Wiktionary","es","ES","ciruja"
"clavo","Wiktionary (Spanish_slang)","Wiktionary","es","ES","clavo"
"clica","Wiktionary (Spanish_slang)","Wiktionary","es","ES","clica"
"coche","Wiktionary (Spanish_slang)","Wiktionary","es","ES","coche"
"cocina","Wiktionary (Spanish_slang)","Wiktionary","es","ES","cocina"
"cocoliche","Wiktionary (Spanish_slang)","Wiktionary","es","ES","cocoliche"
"cocotazo","Wiktionary (Spanish_slang)","Wiktionary","es","ES","cocotazo"
"coger por los huevos","Wiktionary (Spanish_slang)","Wiktionary","es","ES","cogerporloshuevos"
"cojones","Wiktionary (Spanish_slang)","Wiktionary","es","ES","cojones"
"colada","Wiktionary (Spanish_slang)","Wiktionary","es","ES","colada"
"coladito","Wiktionary (Spanish_slang)","Wiktionary","es","ES","coladito"
"colágeno","Wiktionary (Spanish_slang)","Wiktionary","es","ES","colágeno"
"colihue","Wiktionary (Spanish_slang)","Wiktionary","es","ES","colihue"
"colín","Wiktionary (Spanish_slang)","Wiktionary","es","ES","colín"
"colita","Wiktionary (Spanish_slang)","Wiktionary","es","ES","colita"
"colocado","Wiktionary (Spanish_slang)","Wiktionary","es","ES","colocado"
"colocar","Wiktionary (Spanish_slang)","Wiktionary","es","ES","colocar"
"comeaños","Wiktionary (Spanish_slang)","Wiktionary","es","ES","comeaños"
"comelón","Wiktionary (Spanish_slang)","Wiktionary","es","ES","comelón"
"comida","Wiktionary (Spanish_slang)","Wiktionary","es","ES","comida"
"compa","Wiktionary (Spanish_slang)","Wiktionary","es","ES","compa"
"comunacho","Wiktionary (Spanish_slang)","Wiktionary","es","ES","comunacho"
"Portuguese cant","Wiktionary (Portuguese_slang)","Wiktionary","pt","PT","portuguesecant"
"Portuguese criminal slang","Wiktionary (Portuguese_slang)","Wiktionary","pt","PT","portuguesecriminalslang"
"Portuguese fandom slang","Wiktionary (Portuguese_slang)","Wiktionary","pt","PT","portuguesefandomslang"
"Portuguese graffiti slang","Wiktionary (Portuguese_slang)","Wiktionary","pt","PT","portuguesegraffitislang"
"Portuguese internet slang","Wiktionary (Portuguese_slang)","Wiktionary","pt","PT","portugueseinternetslang"
"Portuguese LGBTQ slang","Wiktionary (Portuguese_slang)","Wiktionary","pt","PT","portugueselgbtqslang"
"Portuguese military slang","Wiktionary (Portuguese_slang)","Wiktionary","pt","PT","portuguesemilitaryslang"
"Portuguese prison slang","Wiktionary (Portuguese_slang)","Wiktionary","pt","PT","portugueseprisonslang"
"Portuguese school slang","Wiktionary (Portuguese_slang)","Wiktionary","pt","PT","portugueseschoolslang"
"Portuguese student slang","Wiktionary (Portuguese_slang)","Wiktionary","pt","PT","portuguesestudentslang"
"Portuguese text messaging slang","Wiktionary (Portuguese_slang)","Wiktionary","pt","PT","portuguesetextmessagingslang"
"+QD+","Wiktionary (Portuguese_slang)","Wiktionary","pt","PT","qd"
"171","Wiktionary (Portuguese_slang)","Wiktionary","pt","PT","171"
"24","Wiktionary (Portuguese_slang)","Wiktionary","pt","PT","24"
"-a","Wiktionary (Portuguese_slang)","Wiktionary","pt","PT","a"
"a jiripoca vai piar","Wiktionary (Portuguese_slang)","Wiktionary","pt","PT","ajiripocavaipiar"
"abafado","Wiktionary (Portuguese_slang)","Wiktionary","pt","PT","abafado"
"abafador","Wiktionary (Portuguese_slang)","Wiktionary","pt","PT","abafador"
"abatedouro","Wiktionary (Portuguese_slang)","Wiktionary","pt","PT","abatedouro"
"achar","Wiktionary (Portuguese_slang)","Wiktionary","pt","PT","achar"
"ácido","Wiktionary (Portuguese_slang)","Wiktionary","pt","PT","ácido"
"advogado de porta de cadeia","Wiktionary (Portuguese_slang)","Wiktionary","pt","PT","advogadodeportadecadeia"
"aeroporto de mosquito","Wiktionary (Portuguese_slang)","Wiktionary","pt","PT","aeroportodemosquito"
"afanar","Wiktionary (Portuguese_slang)","Wiktionary","pt","PT","afanar"
"afu","Wiktionary (Portuguese_slang)","Wiktionary","pt","PT","afu"
"agarramento","Wiktionary (Portuguese_slang)","Wiktionary","pt","PT","agarramento"
"aguante","Wiktionary (Portuguese_slang)","Wiktionary","pt","PT","aguante"
"aí sim","Wiktionary (Portuguese_slang)","Wiktionary","pt","PT","aísim"
"alecrim dourado","Wiktionary (Portuguese_slang)","Wiktionary","pt","PT","alecrimdourado"
"alemão","Wiktionary (Portuguese_slang)","Wiktionary","pt","PT","alemão"
"almofadinha","Wiktionary (Portuguese_slang)","Wiktionary","pt","PT","almofadinha"
"amarelão","Wiktionary (Portuguese_slang)","Wiktionary","pt","PT","amarelão"
"amarelar","Wiktionary (Portuguese_slang)","Wiktionary","pt","PT","amarelar"
"antenação","Wiktionary (Portuguese_slang)","Wiktionary","pt","PT","antenação"
"antenado","Wiktionary (Portuguese_slang)","Wiktionary","pt","PT","antenado"
"-ão","Wiktionary (Portuguese_slang)","Wiktionary","pt","PT","ão"
"apertar","Wiktionary (Portuguese_slang)","Wiktionary","pt","PT","apertar"
"apurar","Wiktionary (Portuguese_slang)","Wiktionary","pt","PT","apurar"
"aqui","Wiktionary (Portuguese_slang)","Wiktionary","pt","PT","aqui"
"aranha","Wiktionary (Portuguese_slang)","Wiktionary","pt","PT","aranha"
"araponga","Wiktionary (Portuguese_slang)","Wiktionary","pt","PT","araponga"
"armação","Wiktionary (Portuguese_slang)","Wiktionary","pt","PT","armação"
"armar a barraca","Wiktionary (Portuguese_slang)","Wiktionary","pt","PT","armarabarraca"
"arrasar","Wiktionary (Portuguese_slang)","Wiktionary","pt","PT","arrasar"
"arregaçar","Wiktionary (Portuguese_slang)","Wiktionary","pt","PT","arregaçar"
"assado","Wiktionary (Portuguese_slang)","Wiktionary","pt","PT","assado"
"atirado","Wiktionary (Portuguese_slang)","Wiktionary","pt","PT","atirado"
"ativo","Wiktionary (Portuguese_slang)","Wiktionary","pt","PT","ativo"
"atropelar","Wiktionary (Portuguese_slang)","Wiktionary","pt","PT","atropelar"
"auê","Wiktionary (Portuguese_slang)","Wiktionary","pt","PT","auê"
"automágico","Wiktionary (Portuguese_slang)","Wiktionary","pt","PT","automágico"
"avantajado","Wiktionary (Portuguese_slang)","Wiktionary","pt","PT","avantajado"
"avisa","Wiktionary (Portuguese_slang)","Wiktionary","pt","PT","avisa"
"babado","Wiktionary (Portuguese_slang)","Wiktionary","pt","PT","babado"
"babão","Wiktionary (Portuguese_slang)","Wiktionary","pt","PT","babão"
"bacana","Wiktionary (Portuguese_slang)","Wiktionary","pt","PT","bacana"
"badalhoca","Wiktionary (Portuguese_slang)","Wiktionary","pt","PT","badalhoca"
"badalo","Wiktionary (Portuguese_slang)","Wiktionary","pt","PT","badalo"
"bafo","Wiktionary (Portuguese_slang)","Wiktionary","pt","PT","bafo"
"bagaça","Wiktionary (Portuguese_slang)","Wiktionary","pt","PT","bagaça"
"bago","Wiktionary (Portuguese_slang)","Wiktionary","pt","PT","bago"
"bagos","Wiktionary (Portuguese_slang)","Wiktionary","pt","PT","bagos"
"baitar","Wiktionary (Portuguese_slang)","Wiktionary","pt","PT","baitar"
"baixar","Wiktionary (Portuguese_slang)","Wiktionary","pt","PT","baixar"
"bala","Wiktionary (Portuguese_slang)","Wiktionary","pt","PT","bala"
"bala na agulha","Wiktionary (Portuguese_slang)","Wiktionary","pt","PT","balanaagulha"
"baldada","Wiktionary (Portuguese_slang)","Wiktionary","pt","PT","baldada"
"baldar","Wiktionary (Portuguese_slang)","Wiktionary","pt","PT","baldar"
"baleado","Wiktionary (Portuguese_slang)","Wiktionary","pt","PT","baleado"
"balela","Wiktionary (Portuguese_slang)","Wiktionary","pt","PT","balela"
"bambi","Wiktionary (Portuguese_slang)","Wiktionary","pt","PT","bambi"
"banana","Wiktionary (Portuguese_slang)","Wiktionary","pt","PT","banana"
"bangue","Wiktionary (Portuguese_slang)","Wiktionary","pt","PT","bangue"
"banguela","Wiktionary (Portuguese_slang)","Wiktionary","pt","PT","banguela"
"baranga","Wiktionary (Portuguese_slang)","Wiktionary","pt","PT","baranga"
"baratex","Wiktionary (Portuguese_slang)","Wiktionary","pt","PT","baratex"
"baratinar","Wiktionary (Portuguese_slang)","Wiktionary","pt","PT","baratinar"
"bárbaro","Wiktionary (Portuguese_slang)","Wiktionary","pt","PT","bárbaro"
"barbeiro","Wiktionary (Portuguese_slang)","Wiktionary","pt","PT","barbeiro"
"bater","Wiktionary (Portuguese_slang)","Wiktionary","pt","PT","bater"
"bater punheta","Wiktionary (Portuguese_slang)","Wiktionary","pt","PT","baterpunheta"
"bater um fio","Wiktionary (Portuguese_slang)","Wiktionary","pt","PT","baterumfio"
"beleléu","Wiktionary (Portuguese_slang)","Wiktionary","pt","PT","beleléu"
"bem bolado","Wiktionary (Portuguese_slang)","Wiktionary","pt","PT","bembolado"
"benga","Wiktionary (Portuguese_slang)","Wiktionary","pt","PT","benga"
"bi","Wiktionary (Portuguese_slang)","Wiktionary","pt","PT","bi"
"biba","Wiktionary (Portuguese_slang)","Wiktionary","pt","PT","biba"
"bica","Wiktionary (Portuguese_slang)","Wiktionary","pt","PT","bica"
"bicho","Wiktionary (Portuguese_slang)","Wiktionary","pt","PT","bicho"
"bicuda","Wiktionary (Portuguese_slang)","Wiktionary","pt","PT","bicuda"
"bidu","Wiktionary (Portuguese_slang)","Wiktionary","pt","PT","bidu"
"bike","Wiktionary (Portuguese_slang)","Wiktionary","pt","PT","bike"
"biqueira","Wiktionary (Portuguese_slang)","Wiktionary","pt","PT","biqueira"
"birita","Wiktionary (Portuguese_slang)","Wiktionary","pt","PT","birita"
"boa-noite-cinderela","Wiktionary (Portuguese_slang)","Wiktionary","pt","PT","boanoitecinderela"
"boca","Wiktionary (Portuguese_slang)","Wiktionary","pt","PT","boca"
"bocada","Wiktionary (Portuguese_slang)","Wiktionary","pt","PT","bocada"
"Boche","Wiktionary (Portuguese_slang)","Wiktionary","pt","PT","boche"
"bode","Wiktionary (Portuguese_slang)","Wiktionary","pt","PT","bode"
"boiar","Wiktionary (Portuguese_slang)","Wiktionary","pt","PT","boiar"
"bola","Wiktionary (Portuguese_slang)","Wiktionary","pt","PT","bola"
"bola gato","Wiktionary (Portuguese_slang)","Wiktionary","pt","PT","bolagato"
"bolado","Wiktionary (Portuguese_slang)","Wiktionary","pt","PT","bolado"
"bolar","Wiktionary (Portuguese_slang)","Wiktionary","pt","PT","bolar"
"bolha","Wiktionary (Portuguese_slang)","Wiktionary","pt","PT","bolha"
"bolo","Wiktionary (Portuguese_slang)","Wiktionary","pt","PT","bolo"
"bolonha","Wiktionary (Portuguese_slang)","Wiktionary","pt","PT","bolonha"
"bomba","Wiktionary (Portuguese_slang)","Wiktionary","pt","PT","bomba"
"bonde","Wiktionary (Portuguese_slang)","Wiktionary","pt","PT","bonde"
"boot","Wiktionary (Portuguese_slang)","Wiktionary","pt","PT","boot"
"borogodó","Wiktionary (Portuguese_slang)","Wiktionary","pt","PT","borogodó"
"botinar","Wiktionary (Portuguese_slang)","Wiktionary","pt","PT","botinar"
"boy","Wiktionary (Portuguese_slang)","Wiktionary","pt","PT","boy"
"boy magia","Wiktionary (Portuguese_slang)","Wiktionary","pt","PT","boymagia"
"bravo","Wiktionary (Portuguese_slang)","Wiktionary","pt","PT","bravo"
"breja","Wiktionary (Portuguese_slang)","Wiktionary","pt","PT","breja"
"brenfa","Wiktionary (Portuguese_slang)","Wiktionary","pt","PT","brenfa"
"brigadeironha","Wiktionary (Portuguese_slang)","Wiktionary","pt","PT","brigadeironha"
"brisa","Wiktionary (Portuguese_slang)","Wiktionary","pt","PT","brisa"
"brisadeiro","Wiktionary (Portuguese_slang)","Wiktionary","pt","PT","brisadeiro"
"brisamelo","Wiktionary (Portuguese_slang)","Wiktionary","pt","PT","brisamelo"
"brisar","Wiktionary (Portuguese_slang)","Wiktionary","pt","PT","brisar"
"broderagem","Wiktionary (Portuguese_slang)","Wiktionary","pt","PT","broderagem"
"bronha","Wiktionary (Portuguese_slang)","Wiktionary","pt","PT","bronha"
"brother","Wiktionary (Portuguese_slang)","Wiktionary","pt","PT","brother"
"buceido","Wiktionary (Portuguese_slang)","Wiktionary","pt","PT","buceido"
"bug","Wiktionary (Portuguese_slang)","Wiktionary","pt","PT","bug"
"bugado","Wiktionary (Portuguese_slang)","Wiktionary","pt","PT","bugado"
"buraco","Wiktionary (Portuguese_slang)","Wiktionary","pt","PT","buraco"
"busão","Wiktionary (Portuguese_slang)","Wiktionary","pt","PT","busão"
"BV","Wiktionary (Portuguese_slang)","Wiktionary","pt","PT","bv"
"cabaço","Wiktionary (Portuguese_slang)","Wiktionary","pt","PT","cabaço"
"cabreiro","Wiktionary (Portuguese_slang)","Wiktionary","pt","PT","cabreiro"
"caçar o que fazer","Wiktionary (Portuguese_slang)","Wiktionary","pt","PT","caçaroquefazer"
"cacau","Wiktionary (Portuguese_slang)","Wiktionary","pt","PT","cacau"
"cachimbo da paz","Wiktionary (Portuguese_slang)","Wiktionary","pt","PT","cachimbodapaz"
"cachoeira","Wiktionary (Portuguese_slang)","Wiktionary","pt","PT","cachoeira"
"cafetina","Wiktionary (Portuguese_slang)","Wiktionary","pt","PT","cafetina"
"cagando e andando","Wiktionary (Portuguese_slang)","Wiktionary","pt","PT","cagandoeandando"
"cagar","Wiktionary (Portuguese_slang)","Wiktionary","pt","PT","cagar"
"cagar no pau","Wiktionary (Portuguese_slang)","Wiktionary","pt","PT","cagarnopau"
"caguei","Wiktionary (Portuguese_slang)","Wiktionary","pt","PT","caguei"
"cagueta","Wiktionary (Portuguese_slang)","Wiktionary","pt","PT","cagueta"
"caguete","Wiktionary (Portuguese_slang)","Wiktionary","pt","PT","caguete"
"cair o cu da bunda","Wiktionary (Portuguese_slang)","Wiktionary","pt","PT","cairocudabunda"
"caixinha","Wiktionary (Portuguese_slang)","Wiktionary","pt","PT","caixinha"
"cana","Wiktionary (Portuguese_slang)","Wiktionary","pt","PT","cana"
"canastrão","Wiktionary (Portuguese_slang)","Wiktionary","pt","PT","canastrão"
"candonga","Wiktionary (Portuguese_slang)","Wiktionary","pt","PT","candonga"
"caneco","Wiktionary (Portuguese_slang)","Wiktionary","pt","PT","caneco"
"canetar","Wiktionary (Portuguese_slang)","Wiktionary","pt","PT","canetar"
"canhão","Wiktionary (Portuguese_slang)","Wiktionary","pt","PT","canhão"
"cantante","Wiktionary (Portuguese_slang)","Wiktionary","pt","PT","cantante"
"capivara","Wiktionary (Portuguese_slang)","Wiktionary","pt","PT","capivara"
"cara de lata","Wiktionary (Portuguese_slang)","Wiktionary","pt","PT","caradelata"
"caranga","Wiktionary (Portuguese_slang)","Wiktionary","pt","PT","caranga"
"carapau","Wiktionary (Portuguese_slang)","Wiktionary","pt","PT","carapau"
"careta","Wiktionary (Portuguese_slang)","Wiktionary","pt","PT","careta"
"carimbador","Wiktionary (Portuguese_slang)","Wiktionary","pt","PT","carimbador"
"carimbar","Wiktionary (Portuguese_slang)","Wiktionary","pt","PT","carimbar"
"cartucho","Wiktionary (Portuguese_slang)","Wiktionary","pt","PT","cartucho"
"casa","Wiktionary (Portuguese_slang)","Wiktionary","pt","PT","casa"
"cascalho","Wiktionary (Portuguese_slang)","Wiktionary","pt","PT","cascalho"
"castelar","Wiktionary (Portuguese_slang)","Wiktionary","pt","PT","castelar"
"catar","Wiktionary (Portuguese_slang)","Wiktionary","pt","PT","catar"
"causar","Wiktionary (Portuguese_slang)","Wiktionary","pt","PT","causar"
"cavala","Wiktionary (Portuguese_slang)","Wiktionary","pt","PT","cavala"
"cavalo","Wiktionary (Portuguese_slang)","Wiktionary","pt","PT","cavalo"
"caveira","Wiktionary (Portuguese_slang)","Wiktionary","pt","PT","caveira"
"caveirão","Wiktionary (Portuguese_slang)","Wiktionary","pt","PT","caveirão"
"CDF","Wiktionary (Portuguese_slang)","Wiktionary","pt","PT","cdf"
"cê é louco","Wiktionary (Portuguese_slang)","Wiktionary","pt","PT","cêélouco"
"cerva","Wiktionary (Portuguese_slang)","Wiktionary","pt","PT","cerva"
"cervejada","Wiktionary (Portuguese_slang)","Wiktionary","pt","PT","cervejada"
"chá","Wiktionary (Portuguese_slang)","Wiktionary","pt","PT","chá"
"chamar o hugo","Wiktionary (Portuguese_slang)","Wiktionary","pt","PT","chamarohugo"
"chapa-branca","Wiktionary (Portuguese_slang)","Wiktionary","pt","PT","chapabranca"
"chapado","Wiktionary (Portuguese_slang)","Wiktionary","pt","PT","chapado"
"chapar","Wiktionary (Portuguese_slang)","Wiktionary","pt","PT","chapar"
"chatonildo","Wiktionary (Portuguese_slang)","Wiktionary","pt","PT","chatonildo"
"chave de cadeia","Wiktionary (Portuguese_slang)","Wiktionary","pt","PT","chavedecadeia"
"chaveirinho","Wiktionary (Portuguese_slang)","Wiktionary","pt","PT","chaveirinho"
"chavoso","Wiktionary (Portuguese_slang)","Wiktionary","pt","PT","chavoso"
"chegar chegando","Wiktionary (Portuguese_slang)","Wiktionary","pt","PT","chegarchegando"
"chibata","Wiktionary (Portuguese_slang)","Wiktionary","pt","PT","chibata"
"chifrar","Wiktionary (Portuguese_slang)","Wiktionary","pt","PT","chifrar"
"chocar","Wiktionary (Portuguese_slang)","Wiktionary","pt","PT","chocar"
"choldra","Wiktionary (Portuguese_slang)","Wiktionary","pt","PT","choldra"
"chouriço","Wiktionary (Portuguese_slang)","Wiktionary","pt","PT","chouriço"
"chulca","Wiktionary (Portuguese_slang)","Wiktionary","pt","PT","chulca"
"chupa-cabra","Wiktionary (Portuguese_slang)","Wiktionary","pt","PT","chupacabra"
"chupado","Wiktionary (Portuguese_slang)","Wiktionary","pt","PT","chupado"
"chupisco","Wiktionary (Portuguese_slang)","Wiktionary","pt","PT","chupisco"
"chupista","Wiktionary (Portuguese_slang)","Wiktionary","pt","PT","chupista"
"churras","Wiktionary (Portuguese_slang)","Wiktionary","pt","PT","churras"
"chutar","Wiktionary (Portuguese_slang)","Wiktionary","pt","PT","chutar"
"chuva dourada","Wiktionary (Portuguese_slang)","Wiktionary","pt","PT","chuvadourada"
"ciclar","Wiktionary (Portuguese_slang)","Wiktionary","pt","PT","ciclar"
"cobra","Wiktionary (Portuguese_slang)","Wiktionary","pt","PT","cobra"
"coca","Wiktionary (Portuguese_slang)","Wiktionary","pt","PT","coca"
"código de barras","Wiktionary (Portuguese_slang)","Wiktionary","pt","PT","códigodebarras"
"coé","Wiktionary (Portuguese_slang)","Wiktionary","pt","PT","coé"
"cola","Wiktionary (Portuguese_slang)","Wiktionary","pt","PT","cola"
"conto","Wiktionary (Portuguese_slang)","Wiktionary","pt","PT","conto"
"conversante","Wiktionary (Portuguese_slang)","Wiktionary","pt","PT","conversante"
"corre","Wiktionary (Portuguese_slang)","Wiktionary","pt","PT","corre"
"correria","Wiktionary (Portuguese_slang)","Wiktionary","pt","PT","correria"
"coxa-branca","Wiktionary (Portuguese_slang)","Wiktionary","pt","PT","coxabranca"
"coxinha","Wiktionary (Portuguese_slang)","Wiktionary","pt","PT","coxinha"
"créu","Wiktionary (Portuguese_slang)","Wiktionary","pt","PT","créu"
"cria","Wiktionary (Portuguese_slang)","Wiktionary","pt","PT","cria"
"Italian fandom slang","Wiktionary (Italian_slang)","Wiktionary","it","IT","italianfandomslang"
"Italian internet slang","Wiktionary (Italian_slang)","Wiktionary","it","IT","italianinternetslang"
"Italian military slang","Wiktionary (Italian_slang)","Wiktionary","it","IT","italianmilitaryslang"
"Italian text messaging slang","Wiktionary (Italian_slang)","Wiktionary","it","IT","italiantextmessagingslang"
"6","Wiktionary (Italian_slang)","Wiktionary","it","IT","6"
"abatino","Wiktionary (Italian_slang)","Wiktionary","it","IT","abatino"
"acido","Wiktionary (Italian_slang)","Wiktionary","it","IT","acido"
"al fresco","Wiktionary (Italian_slang)","Wiktionary","it","IT","alfresco"
"alla cazzo di cane","Wiktionary (Italian_slang)","Wiktionary","it","IT","allacazzodicane"
"allappare","Wiktionary (Italian_slang)","Wiktionary","it","IT","allappare"
"alzabandiera","Wiktionary (Italian_slang)","Wiktionary","it","IT","alzabandiera"
"ammosciare","Wiktionary (Italian_slang)","Wiktionary","it","IT","ammosciare"
"andare a mignotte","Wiktionary (Italian_slang)","Wiktionary","it","IT","andareamignotte"
"andare a puttane","Wiktionary (Italian_slang)","Wiktionary","it","IT","andareaputtane"
"andare a troie","Wiktionary (Italian_slang)","Wiktionary","it","IT","andareatroie"
"annaffiare","Wiktionary (Italian_slang)","Wiktionary","it","IT","annaffiare"
"aperitivare","Wiktionary (Italian_slang)","Wiktionary","it","IT","aperitivare"
"arare","Wiktionary (Italian_slang)","Wiktionary","it","IT","arare"
"arrapamento","Wiktionary (Italian_slang)","Wiktionary","it","IT","arrapamento"
"arrapatura","Wiktionary (Italian_slang)","Wiktionary","it","IT","arrapatura"
"arrazzamento","Wiktionary (Italian_slang)","Wiktionary","it","IT","arrazzamento"
"asciugare","Wiktionary (Italian_slang)","Wiktionary","it","IT","asciugare"
"asciugone","Wiktionary (Italian_slang)","Wiktionary","it","IT","asciugone"
"autopompino","Wiktionary (Italian_slang)","Wiktionary","it","IT","autopompino"
"avercelo dritto","Wiktionary (Italian_slang)","Wiktionary","it","IT","avercelodritto"
"avercelo duro","Wiktionary (Italian_slang)","Wiktionary","it","IT","averceloduro"
"avercelo in tiro","Wiktionary (Italian_slang)","Wiktionary","it","IT","avercelointiro"
"azzeccare","Wiktionary (Italian_slang)","Wiktionary","it","IT","azzeccare"
"baccagliare","Wiktionary (Italian_slang)","Wiktionary","it","IT","baccagliare"
"baciccia","Wiktionary (Italian_slang)","Wiktionary","it","IT","baciccia"
"baiocco","Wiktionary (Italian_slang)","Wiktionary","it","IT","baiocco"
"baldracca","Wiktionary (Italian_slang)","Wiktionary","it","IT","baldracca"
"bamba","Wiktionary (Italian_slang)","Wiktionary","it","IT","bamba"
"barzotto","Wiktionary (Italian_slang)","Wiktionary","it","IT","barzotto"
"bazzotto","Wiktionary (Italian_slang)","Wiktionary","it","IT","bazzotto"
"belino","Wiktionary (Italian_slang)","Wiktionary","it","IT","belino"
"berlengo","Wiktionary (Italian_slang)","Wiktionary","it","IT","berlengo"
"bianca","Wiktionary (Italian_slang)","Wiktionary","it","IT","bianca"
"biascia","Wiktionary (Italian_slang)","Wiktionary","it","IT","biascia"
"biscotto","Wiktionary (Italian_slang)","Wiktionary","it","IT","biscotto"
"blastare","Wiktionary (Italian_slang)","Wiktionary","it","IT","blastare"
"boccaciccio","Wiktionary (Italian_slang)","Wiktionary","it","IT","boccaciccio"
"bocchinaro","Wiktionary (Italian_slang)","Wiktionary","it","IT","bocchinaro"
"bocchino","Wiktionary (Italian_slang)","Wiktionary","it","IT","bocchino"
"boccia","Wiktionary (Italian_slang)","Wiktionary","it","IT","boccia"
"bombare","Wiktionary (Italian_slang)","Wiktionary","it","IT","bombare"
"bombata","Wiktionary (Italian_slang)","Wiktionary","it","IT","bombata"
"bro","Wiktionary (Italian_slang)","Wiktionary","it","IT","bro"
"broda","Wiktionary (Italian_slang)","Wiktionary","it","IT","broda"
"bruciare","Wiktionary (Italian_slang)","Wiktionary","it","IT","bruciare"
"bruciare il culo","Wiktionary (Italian_slang)","Wiktionary","it","IT","bruciareilculo"
"bucaiolo","Wiktionary (Italian_slang)","Wiktionary","it","IT","bucaiolo"
"buco","Wiktionary (Italian_slang)","Wiktionary","it","IT","buco"
"bustinara","Wiktionary (Italian_slang)","Wiktionary","it","IT","bustinara"
"bustinaro","Wiktionary (Italian_slang)","Wiktionary","it","IT","bustinaro"
"buttare","Wiktionary (Italian_slang)","Wiktionary","it","IT","buttare"
"cacacazzo","Wiktionary (Italian_slang)","Wiktionary","it","IT","cacacazzo"
"cacacoglioni","Wiktionary (Italian_slang)","Wiktionary","it","IT","cacacoglioni"
"cacaminchia","Wiktionary (Italian_slang)","Wiktionary","it","IT","cacaminchia"
"cacapalle","Wiktionary (Italian_slang)","Wiktionary","it","IT","cacapalle"
"cacare","Wiktionary (Italian_slang)","Wiktionary","it","IT","cacare"
"cacasotto","Wiktionary (Italian_slang)","Wiktionary","it","IT","cacasotto"
"cacatura","Wiktionary (Italian_slang)","Wiktionary","it","IT","cacatura"
"caciocappella","Wiktionary (Italian_slang)","Wiktionary","it","IT","caciocappella"
"cadere le palle","Wiktionary (Italian_slang)","Wiktionary","it","IT","caderelepalle"
"cagacazzo","Wiktionary (Italian_slang)","Wiktionary","it","IT","cagacazzo"
"cagacoglioni","Wiktionary (Italian_slang)","Wiktionary","it","IT","cagacoglioni"
"cagaminchia","Wiktionary (Italian_slang)","Wiktionary","it","IT","cagaminchia"
"cagapalle","Wiktionary (Italian_slang)","Wiktionary","it","IT","cagapalle"
"cagasburrare","Wiktionary (Italian_slang)","Wiktionary","it","IT","cagasburrare"
"cagna","Wiktionary (Italian_slang)","Wiktionary","it","IT","cagna"
"cagotto","Wiktionary (Italian_slang)","Wiktionary","it","IT","cagotto"
"calippo","Wiktionary (Italian_slang)","Wiktionary","it","IT","calippo"
"candela","Wiktionary (Italian_slang)","Wiktionary","it","IT","candela"
"canna","Wiktionary (Italian_slang)","Wiktionary","it","IT","canna"
"cannone","Wiktionary (Italian_slang)","Wiktionary","it","IT","cannone"
"cantare","Wiktionary (Italian_slang)","Wiktionary","it","IT","cantare"
"capocchia","Wiktionary (Italian_slang)","Wiktionary","it","IT","capocchia"
"cappare","Wiktionary (Italian_slang)","Wiktionary","it","IT","cappare"
"cappero","Wiktionary (Italian_slang)","Wiktionary","it","IT","cappero"
"cappuccino","Wiktionary (Italian_slang)","Wiktionary","it","IT","cappuccino"
"carabba","Wiktionary (Italian_slang)","Wiktionary","it","IT","carabba"
"caramba","Wiktionary (Italian_slang)","Wiktionary","it","IT","caramba"
"cavalcare","Wiktionary (Italian_slang)","Wiktionary","it","IT","cavalcare"
"cazzabubbolo","Wiktionary (Italian_slang)","Wiktionary","it","IT","cazzabubbolo"
"cazzaro","Wiktionary (Italian_slang)","Wiktionary","it","IT","cazzaro"
"cazzeggiare","Wiktionary (Italian_slang)","Wiktionary","it","IT","cazzeggiare"
"cazzeggio","Wiktionary (Italian_slang)","Wiktionary","it","IT","cazzeggio"
"cazzi acidi","Wiktionary (Italian_slang)","Wiktionary","it","IT","cazziacidi"
"cazzi amari","Wiktionary (Italian_slang)","Wiktionary","it","IT","cazziamari"
"cazzi da cacare","Wiktionary (Italian_slang)","Wiktionary","it","IT","cazzidacacare"
"cazzi da cagare","Wiktionary (Italian_slang)","Wiktionary","it","IT","cazzidacagare"
"cazziare","Wiktionary (Italian_slang)","Wiktionary","it","IT","cazziare"
"cazziata","Wiktionary (Italian_slang)","Wiktionary","it","IT","cazziata"
"cazziatone","Wiktionary (Italian_slang)","Wiktionary","it","IT","cazziatone"
"cerbiatta","Wiktionary (Italian_slang)","Wiktionary","it","IT","cerbiatta"
"ceste","Wiktionary (Italian_slang)","Wiktionary","it","IT","ceste"
"checca","Wiktionary (Italian_slang)","Wiktionary","it","IT","checca"
"chiavata","Wiktionary (Italian_slang)","Wiktionary","it","IT","chiavata"
"chiavatore","Wiktionary (Italian_slang)","Wiktionary","it","IT","chiavatore"
"chinotto","Wiktionary (Italian_slang)","Wiktionary","it","IT","chinotto"
"cicca","Wiktionary (Italian_slang)","Wiktionary","it","IT","cicca"
"ciospa","Wiktionary (Italian_slang)","Wiktionary","it","IT","ciospa"
"ciotto","Wiktionary (Italian_slang)","Wiktionary","it","IT","ciotto"
"ciucciare","Wiktionary (Italian_slang)","Wiktionary","it","IT","ciucciare"
"ciulare","Wiktionary (Italian_slang)","Wiktionary","it","IT","ciulare"
"ciulata","Wiktionary (Italian_slang)","Wiktionary","it","IT","ciulata"
"clacsonare","Wiktionary (Italian_slang)","Wiktionary","it","IT","clacsonare"
"cocco","Wiktionary (Italian_slang)","Wiktionary","it","IT","cocco"
"coglionaggine","Wiktionary (Italian_slang)","Wiktionary","it","IT","coglionaggine"
"coglionazzo","Wiktionary (Italian_slang)","Wiktionary","it","IT","coglionazzo"
"collassare","Wiktionary (Italian_slang)","Wiktionary","it","IT","collassare"
"combo","Wiktionary (Italian_slang)","Wiktionary","it","IT","combo"
"conno","Wiktionary (Italian_slang)","Wiktionary","it","IT","conno"
"controcazzi","Wiktionary (Italian_slang)","Wiktionary","it","IT","controcazzi"
"controcoglioni","Wiktionary (Italian_slang)","Wiktionary","it","IT","controcoglioni"
"coso","Wiktionary (Italian_slang)","Wiktionary","it","IT","coso"
"cozza","Wiktionary (Italian_slang)","Wiktionary","it","IT","cozza"
"craccare","Wiktionary (Italian_slang)","Wiktionary","it","IT","craccare"
"cringe","Wiktionary (Italian_slang)","Wiktionary","it","IT","cringe"
"cringiata","Wiktionary (Italian_slang)","Wiktionary","it","IT","cringiata"
"crush","Wiktionary (Italian_slang)","Wiktionary","it","IT","crush"
"cuccare","Wiktionary (Italian_slang)","Wiktionary","it","IT","cuccare"
"culata","Wiktionary (Italian_slang)","Wiktionary","it","IT","culata"
"culo","Wiktionary (Italian_slang)","Wiktionary","it","IT","culo"
"Culonia","Wiktionary (Italian_slang)","Wiktionary","it","IT","culonia"
"da paura","Wiktionary (Italian_slang)","Wiktionary","it","IT","dapaura"
"dare","Wiktionary (Italian_slang)","Wiktionary","it","IT","dare"
"dare un colpo","Wiktionary (Italian_slang)","Wiktionary","it","IT","dareuncolpo"
"dare una botta","Wiktionary (Italian_slang)","Wiktionary","it","IT","dareunabotta"
"di brutto","Wiktionary (Italian_slang)","Wiktionary","it","IT","dibrutto"
"Dio porco","Wiktionary (Italian_slang)","Wiktionary","it","IT","dioporco"
"disboscare","Wiktionary (Italian_slang)","Wiktionary","it","IT","disboscare"
"ditaculo","Wiktionary (Italian_slang)","Wiktionary","it","IT","ditaculo"
"ditale","Wiktionary (Italian_slang)","Wiktionary","it","IT","ditale"
"ditalino","Wiktionary (Italian_slang)","Wiktionary","it","IT","ditalino"
"drip","Wiktionary (Italian_slang)","Wiktionary","it","IT","drip"
"drizzare","Wiktionary (Italian_slang)","Wiktionary","it","IT","drizzare"
"durello","Wiktionary (Italian_slang)","Wiktionary","it","IT","durello"
"duro","Wiktionary (Italian_slang)","Wiktionary","it","IT","duro"
"erba","Wiktionary (Italian_slang)","Wiktionary","it","IT","erba"
"ero","Wiktionary (Italian_slang)","Wiktionary","it","IT","ero"
"eunuco","Wiktionary (Italian_slang)","Wiktionary","it","IT","eunuco"
"faccia di merda","Wiktionary (Italian_slang)","Wiktionary","it","IT","facciadimerda"
"fancazzismo","Wiktionary (Italian_slang)","Wiktionary","it","IT","fancazzismo"
"fancazzista","Wiktionary (Italian_slang)","Wiktionary","it","IT","fancazzista"
"fanculo","Wiktionary (Italian_slang)","Wiktionary","it","IT","fanculo"
"far cacare al cazzo","Wiktionary (Italian_slang)","Wiktionary","it","IT","farcacarealcazzo"
"far cagare al cazzo","Wiktionary (Italian_slang)","Wiktionary","it","IT","farcagarealcazzo"
"farcire","Wiktionary (Italian_slang)","Wiktionary","it","IT","farcire"
"fare fuori","Wiktionary (Italian_slang)","Wiktionary","it","IT","farefuori"
"fare schifo al cazzo","Wiktionary (Italian_slang)","Wiktionary","it","IT","fareschifoalcazzo"
"farsi","Wiktionary (Italian_slang)","Wiktionary","it","IT","farsi"
"farsi un mazzo","Wiktionary (Italian_slang)","Wiktionary","it","IT","farsiunmazzo"
"fascio","Wiktionary (Italian_slang)","Wiktionary","it","IT","fascio"
"fatto","Wiktionary (Italian_slang)","Wiktionary","it","IT","fatto"
"fattone","Wiktionary (Italian_slang)","Wiktionary","it","IT","fattone"
"fava","Wiktionary (Italian_slang)","Wiktionary","it","IT","fava"
"fella","Wiktionary (Italian_slang)","Wiktionary","it","IT","fella"
"fica","Wiktionary (Italian_slang)","Wiktionary","it","IT","fica"
"ficata","Wiktionary (Italian_slang)","Wiktionary","it","IT","ficata"
"ficcare","Wiktionary (Italian_slang)","Wiktionary","it","IT","ficcare"
"fichissimo","Wiktionary (Italian_slang)","Wiktionary","it","IT","fichissimo"
"fico","Wiktionary (Italian_slang)","Wiktionary","it","IT","fico"
"fighissimo","Wiktionary (Italian_slang)","Wiktionary","it","IT","fighissimo"
"figlia di puttana","Wiktionary (Italian_slang)","Wiktionary","it","IT","figliadiputtana"
"figlio di puttana","Wiktionary (Italian_slang)","Wiktionary","it","IT","figliodiputtana"
"figo","Wiktionary (Italian_slang)","Wiktionary","it","IT","figo"
"finocchio","Wiktionary (Italian_slang)","Wiktionary","it","IT","finocchio"
"fluo","Wiktionary (Italian_slang)","Wiktionary","it","IT","fluo"
"fottere","Wiktionary (Italian_slang)","Wiktionary","it","IT","fottere"
"fottersene","Wiktionary (Italian_slang)","Wiktionary","it","IT","fottersene"
"fottersi","Wiktionary (Italian_slang)","Wiktionary","it","IT","fottersi"
"fottesega","Wiktionary (Italian_slang)","Wiktionary","it","IT","fottesega"
"fottio","Wiktionary (Italian_slang)","Wiktionary","it","IT","fottio"
"fottitore","Wiktionary (Italian_slang)","Wiktionary","it","IT","fottitore"
"fottutamente","Wiktionary (Italian_slang)","Wiktionary","it","IT","fottutamente"
"fottuto","Wiktionary (Italian_slang)","Wiktionary","it","IT","fottuto"
"fra","Wiktionary (Italian_slang)","Wiktionary","it","IT","fra"
"fregare","Wiktionary (Italian_slang)","Wiktionary","it","IT","fregare"
"fregata","Wiktionary (Italian_slang)","Wiktionary","it","IT","fregata"
"fregnaccia","Wiktionary (Italian_slang)","Wiktionary","it","IT","fregnaccia"
"fregneggia","Wiktionary (Italian_slang)","Wiktionary","it","IT","fregneggia"
"fregnone","Wiktionary (Italian_slang)","Wiktionary","it","IT","fregnone"
"frizzarsi","Wiktionary (Italian_slang)","Wiktionary","it","IT","frizzarsi"
"fumo","Wiktionary (Italian_slang)","Wiktionary","it","IT","fumo"
"fuso","Wiktionary (Italian_slang)","Wiktionary","it","IT","fuso"
"gabbio","Wiktionary (Italian_slang)","Wiktionary","it","IT","gabbio"
"gangia","Wiktionary (Italian_slang)","Wiktionary","it","IT","gangia"
"gasare","Wiktionary (Italian_slang)","Wiktionary","it","IT","gasare"
"gasato","Wiktionary (Italian_slang)","Wiktionary","it","IT","gasato"
"ghisa","Wiktionary (Italian_slang)","Wiktionary","it","IT","ghisa"
"ghostare","Wiktionary (Italian_slang)","Wiktionary","it","IT","ghostare"
"gnocco","Wiktionary (Italian_slang)","Wiktionary","it","IT","gnocco"
"godere","Wiktionary (Italian_slang)","Wiktionary","it","IT","godere"
"grabbare","Wiktionary (Italian_slang)","Wiktionary","it","IT","grabbare"
"grilletto","Wiktionary (Italian_slang)","Wiktionary","it","IT","grilletto"
"guanto","Wiktionary (Italian_slang)","Wiktionary","it","IT","guanto"
"gufare","Wiktionary (Italian_slang)","Wiktionary","it","IT","gufare"
"imboccare da","Wiktionary (Italian_slang)","Wiktionary","it","IT","imboccareda"
"imbrasare","Wiktionary (Italian_slang)","Wiktionary","it","IT","imbrasare"
"imbustare","Wiktionary (Italian_slang)","Wiktionary","it","IT","imbustare"
"impacchettare","Wiktionary (Italian_slang)","Wiktionary","it","IT","impacchettare"
"impalare","Wiktionary (Italian_slang)","Wiktionary","it","IT","impalare"
"2 girls 1 cup","Imported from Open Source Blacklist","GitHub_Raw_List","en","Global","2girls1cup"
"2g1c","Imported from Open Source Blacklist","GitHub_Raw_List","en","Global","2g1c"
"4r5e","Imported from Open Source Blacklist","GitHub_Raw_List","en","Global","4r5e"
"5h1t","Imported from Open Source Blacklist","GitHub_Raw_List","en","Global","5h1t"
"5hit","Imported from Open Source Blacklist","GitHub_Raw_List","en","Global","5hit"
"5ht","Imported from Open Source Blacklist","GitHub_Raw_List","en","Global","5ht"
"a s s","Imported from Open Source Blacklist","GitHub_Raw_List","en","Global","ass"
"a s shole","Imported from Open Source Blacklist","GitHub_Raw_List","en","Global","asshole"
"a55","Imported from Open Source Blacklist","GitHub_Raw_List","en","Global","a55"
"a55hole","Imported from Open Source Blacklist","GitHub_Raw_List","en","Global","a55hole"
"a_s_s","Imported from Open Source Blacklist","GitHub_Raw_List","en","Global","a_s_s"
"abbo","Imported from Open Source Blacklist","GitHub_Raw_List","en","Global","abbo"
"abeed","Imported from Open Source Blacklist","GitHub_Raw_List","en","Global","abeed"
"abuse","Imported from Open Source Blacklist","GitHub_Raw_List","en","Global","abuse"
"acrotomophilia","Imported from Open Source Blacklist","GitHub_Raw_List","en","Global","acrotomophilia"
"africoon","Imported from Open Source Blacklist","GitHub_Raw_List","en","Global","africoon"
"ahole","Imported from Open Source Blacklist","GitHub_Raw_List","en","Global","ahole"
"alabama hot pocket","Imported from Open Source Blacklist","GitHub_Raw_List","en","Global","alabamahotpocket"
"alaskan pipeline","Imported from Open Source Blacklist","GitHub_Raw_List","en","Global","alaskanpipeline"
"alligator bait","Imported from Open Source Blacklist","GitHub_Raw_List","en","Global","alligatorbait"
"amcik","Imported from Open Source Blacklist","GitHub_Raw_List","en","Global","amcik"
"anal","Imported from Open Source Blacklist","GitHub_Raw_List","en","Global","anal"
"analannie","Imported from Open Source Blacklist","GitHub_Raw_List","en","Global","analannie"
"analprobe","Imported from Open Source Blacklist","GitHub_Raw_List","en","Global","analprobe"
"analsex","Imported from Open Source Blacklist","GitHub_Raw_List","en","Global","analsex"
"andskota","Imported from Open Source Blacklist","GitHub_Raw_List","en","Global","andskota"
"anilingus","Imported from Open Source Blacklist","GitHub_Raw_List","en","Global","anilingus"
"anus","Imported from Open Source Blacklist","GitHub_Raw_List","en","Global","anus"
"apeshit","Imported from Open Source Blacklist","GitHub_Raw_List","en","Global","apeshit"
"ar5e","Imported from Open Source Blacklist","GitHub_Raw_List","en","Global","ar5e"
"arabush","Imported from Open Source Blacklist","GitHub_Raw_List","en","Global","arabush"
"arabushs","Imported from Open Source Blacklist","GitHub_Raw_List","en","Global","arabushs"
"areola","Imported from Open Source Blacklist","GitHub_Raw_List","en","Global","areola"
"areole","Imported from Open Source Blacklist","GitHub_Raw_List","en","Global","areole"
"argie","Imported from Open Source Blacklist","GitHub_Raw_List","en","Global","argie"
"armo","Imported from Open Source Blacklist","GitHub_Raw_List","en","Global","armo"
"armos","Imported from Open Source Blacklist","GitHub_Raw_List","en","Global","armos"
"arrse","Imported from Open Source Blacklist","GitHub_Raw_List","en","Global","arrse"
"arschloch","Imported from Open Source Blacklist","GitHub_Raw_List","en","Global","arschloch"
"arse","Imported from Open Source Blacklist","GitHub_Raw_List","en","Global","arse"
"arsehole","Imported from Open Source Blacklist","GitHub_Raw_List","en","Global","arsehole"
"aryan","Imported from Open Source Blacklist","GitHub_Raw_List","en","Global","aryan"
"ash0le","Imported from Open Source Blacklist","GitHub_Raw_List","en","Global","ash0le"
"ash0les","Imported from Open Source Blacklist","GitHub_Raw_List","en","Global","ash0les"
"asholes","Imported from Open Source Blacklist","GitHub_Raw_List","en","Global","asholes"
"ass monkey","Imported from Open Source Blacklist","GitHub_Raw_List","en","Global","assmonkey"
"ass-fucker","Imported from Open Source Blacklist","GitHub_Raw_List","en","Global","assfucker"
"ass-hat","Imported from Open Source Blacklist","GitHub_Raw_List","en","Global","asshat"
"ass-pirate","Imported from Open Source Blacklist","GitHub_Raw_List","en","Global","asspirate"
"assbag","Imported from Open Source Blacklist","GitHub_Raw_List","en","Global","assbag"
"assbagger","Imported from Open Source Blacklist","GitHub_Raw_List","en","Global","assbagger"
"assbandit","Imported from Open Source Blacklist","GitHub_Raw_List","en","Global","assbandit"
"assbang","Imported from Open Source Blacklist","GitHub_Raw_List","en","Global","assbang"
"assbanged","Imported from Open Source Blacklist","GitHub_Raw_List","en","Global","assbanged"
"assbanger","Imported from Open Source Blacklist","GitHub_Raw_List","en","Global","assbanger"
"assbangs","Imported from Open Source Blacklist","GitHub_Raw_List","en","Global","assbangs"
"assbite","Imported from Open Source Blacklist","GitHub_Raw_List","en","Global","assbite"
"assblaster","Imported from Open Source Blacklist","GitHub_Raw_List","en","Global","assblaster"
"assclown","Imported from Open Source Blacklist","GitHub_Raw_List","en","Global","assclown"
"asscock","Imported from Open Source Blacklist","GitHub_Raw_List","en","Global","asscock"
"asscowboy","Imported from Open Source Blacklist","GitHub_Raw_List","en","Global","asscowboy"
"asscracker","Imported from Open Source Blacklist","GitHub_Raw_List","en","Global","asscracker"
"asses","Imported from Open Source Blacklist","GitHub_Raw_List","en","Global","asses"
"assface","Imported from Open Source Blacklist","GitHub_Raw_List","en","Global","assface"
"assfuck","Imported from Open Source Blacklist","GitHub_Raw_List","en","Global","assfuck"
"assfukka","Imported from Open Source Blacklist","GitHub_Raw_List","en","Global","assfukka"
"assgoblin","Imported from Open Source Blacklist","GitHub_Raw_List","en","Global","assgoblin"
"assh0le","Imported from Open Source Blacklist","GitHub_Raw_List","en","Global","assh0le"
"assh0lez","Imported from Open Source Blacklist","GitHub_Raw_List","en","Global","assh0lez"
"asshead","Imported from Open Source Blacklist","GitHub_Raw_List","en","Global","asshead"
"assho1e","Imported from Open Source Blacklist","GitHub_Raw_List","en","Global","assho1e"
"assholes","Imported from Open Source Blacklist","GitHub_Raw_List","en","Global","assholes"
"assholz","Imported from Open Source Blacklist","GitHub_Raw_List","en","Global","assholz"
"asshopper","Imported from Open Source Blacklist","GitHub_Raw_List","en","Global","asshopper"
"asshore","Imported from Open Source Blacklist","GitHub_Raw_List","en","Global","asshore"
"assjacker","Imported from Open Source Blacklist","GitHub_Raw_List","en","Global","assjacker"
"assjockey","Imported from Open Source Blacklist","GitHub_Raw_List","en","Global","assjockey"
"asskiss","Imported from Open Source Blacklist","GitHub_Raw_List","en","Global","asskiss"
"asskisser","Imported from Open Source Blacklist","GitHub_Raw_List","en","Global","asskisser"
"assklown","Imported from Open Source Blacklist","GitHub_Raw_List","en","Global","assklown"
"asslick","Imported from Open Source Blacklist","GitHub_Raw_List","en","Global","asslick"
"asslicker","Imported from Open Source Blacklist","GitHub_Raw_List","en","Global","asslicker"
"asslover","Imported from Open Source Blacklist","GitHub_Raw_List","en","Global","asslover"
"assman","Imported from Open Source Blacklist","GitHub_Raw_List","en","Global","assman"
"assmaster","Imported from Open Source Blacklist","GitHub_Raw_List","en","Global","assmaster"
"assmunch","Imported from Open Source Blacklist","GitHub_Raw_List","en","Global","assmunch"
"assmuncher","Imported from Open Source Blacklist","GitHub_Raw_List","en","Global","assmuncher"
"assnigger","Imported from Open Source Blacklist","GitHub_Raw_List","en","Global","assnigger"
"asspacker","Imported from Open Source Blacklist","GitHub_Raw_List","en","Global","asspacker"
"asspuppies","Imported from Open Source Blacklist","GitHub_Raw_List","en","Global","asspuppies"
"assrammer","Imported from Open Source Blacklist","GitHub_Raw_List","en","Global","assrammer"
"assranger","Imported from Open Source Blacklist","GitHub_Raw_List","en","Global","assranger"
"assshit","Imported from Open Source Blacklist","GitHub_Raw_List","en","Global","assshit"
"assshole","Imported from Open Source Blacklist","GitHub_Raw_List","en","Global","assshole"
"asssucker","Imported from Open Source Blacklist","GitHub_Raw_List","en","Global","asssucker"
"asswad","Imported from Open Source Blacklist","GitHub_Raw_List","en","Global","asswad"
"asswhole","Imported from Open Source Blacklist","GitHub_Raw_List","en","Global","asswhole"
"asswhore","Imported from Open Source Blacklist","GitHub_Raw_List","en","Global","asswhore"
"asswipe","Imported from Open Source Blacklist","GitHub_Raw_List","en","Global","asswipe"
"asswipes","Imported from Open Source Blacklist","GitHub_Raw_List","en","Global","asswipes"
"auto erotic","Imported from Open Source Blacklist","GitHub_Raw_List","en","Global","autoerotic"
"ayir","Imported from Open Source Blacklist","GitHub_Raw_List","en","Global","ayir"
"azazel","Imported from Open Source Blacklist","GitHub_Raw_List","en","Global","azazel"
"azz","Imported from Open Source Blacklist","GitHub_Raw_List","en","Global","azz"
"azzhole","Imported from Open Source Blacklist","GitHub_Raw_List","en","Global","azzhole"
"b a s t a r d","Imported from Open Source Blacklist","GitHub_Raw_List","en","Global","bastard"
"b i t c h","Imported from Open Source Blacklist","GitHub_Raw_List","en","Global","bitch"
"b o o b","Imported from Open Source Blacklist","GitHub_Raw_List","en","Global","boob"
"b!+ch","Imported from Open Source Blacklist","GitHub_Raw_List","en","Global","bch"
"b!tch","Imported from Open Source Blacklist","GitHub_Raw_List","en","Global","btch"
"b!tchin","Imported from Open Source Blacklist","GitHub_Raw_List","en","Global","btchin"
"b00b","Imported from Open Source Blacklist","GitHub_Raw_List","en","Global","b00b"
"b00bies","Imported from Open Source Blacklist","GitHub_Raw_List","en","Global","b00bies"
"b00biez","Imported from Open Source Blacklist","GitHub_Raw_List","en","Global","b00biez"
"b00bs","Imported from Open Source Blacklist","GitHub_Raw_List","en","Global","b00bs"
"b00bz","Imported from Open Source Blacklist","GitHub_Raw_List","en","Global","b00bz"
"b17ch","Imported from Open Source Blacklist","GitHub_Raw_List","en","Global","b17ch"
"b1tch","Imported from Open Source Blacklist","GitHub_Raw_List","en","Global","b1tch"
"b7ch","Imported from Open Source Blacklist","GitHub_Raw_List","en","Global","b7ch"
"babeland","Imported from Open Source Blacklist","GitHub_Raw_List","en","Global","babeland"
"babes","Imported from Open Source Blacklist","GitHub_Raw_List","en","Global","babes"
"baby batter","Imported from Open Source Blacklist","GitHub_Raw_List","en","Global","babybatter"
"baby juice","Imported from Open Source Blacklist","GitHub_Raw_List","en","Global","babyjuice"
"backdoorman","Imported from Open Source Blacklist","GitHub_Raw_List","en","Global","backdoorman"
"badfuck","Imported from Open Source Blacklist","GitHub_Raw_List","en","Global","badfuck"
"ball gag","Imported from Open Source Blacklist","GitHub_Raw_List","en","Global","ballgag"
"ball gravy","Imported from Open Source Blacklist","GitHub_Raw_List","en","Global","ballgravy"
"ball kicking","Imported from Open Source Blacklist","GitHub_Raw_List","en","Global","ballkicking"
"ball licking","Imported from Open Source Blacklist","GitHub_Raw_List","en","Global","balllicking"
"ball sack","Imported from Open Source Blacklist","GitHub_Raw_List","en","Global","ballsack"
"ball sucking","Imported from Open Source Blacklist","GitHub_Raw_List","en","Global","ballsucking"
"ballbag","Imported from Open Source Blacklist","GitHub_Raw_List","en","Global","ballbag"
"balllicker","Imported from Open Source Blacklist","GitHub_Raw_List","en","Global","balllicker"
"bampot","Imported from Open Source Blacklist","GitHub_Raw_List","en","Global","bampot"
"bangbro","Imported from Open Source Blacklist","GitHub_Raw_List","en","Global","bangbro"
"bangbros","Imported from Open Source Blacklist","GitHub_Raw_List","en","Global","bangbros"
"bangbus","Imported from Open Source Blacklist","GitHub_Raw_List","en","Global","bangbus"
"bareback","Imported from Open Source Blacklist","GitHub_Raw_List","en","Global","bareback"
"barely legal","Imported from Open Source Blacklist","GitHub_Raw_List","en","Global","barelylegal"
"barenaked","Imported from Open Source Blacklist","GitHub_Raw_List","en","Global","barenaked"
"barface","Imported from Open Source Blacklist","GitHub_Raw_List","en","Global","barface"
"barfface","Imported from Open Source Blacklist","GitHub_Raw_List","en","Global","barfface"
"bassterd","Imported from Open Source Blacklist","GitHub_Raw_List","en","Global","bassterd"
"bassterds","Imported from Open Source Blacklist","GitHub_Raw_List","en","Global","bassterds"
"bastardo","Imported from Open Source Blacklist","GitHub_Raw_List","en","Global","bastardo"
"bastards","Imported from Open Source Blacklist","GitHub_Raw_List","en","Global","bastards"
"bastardz","Imported from Open Source Blacklist","GitHub_Raw_List","en","Global","bastardz"
"basterds","Imported from Open Source Blacklist","GitHub_Raw_List","en","Global","basterds"
"basterdz","Imported from Open Source Blacklist","GitHub_Raw_List","en","Global","basterdz"
"bastinado","Imported from Open Source Blacklist","GitHub_Raw_List","en","Global","bastinado"
"bazongas","Imported from Open Source Blacklist","GitHub_Raw_List","en","Global","bazongas"
"bazooms","Imported from Open Source Blacklist","GitHub_Raw_List","en","Global","bazooms"
"bbw","Imported from Open Source Blacklist","GitHub_Raw_List","en","Global","bbw"
"bdsm","Imported from Open Source Blacklist","GitHub_Raw_List","en","Global","bdsm"
"beaner","Imported from Open Source Blacklist","GitHub_Raw_List","en","Global","beaner"
"beaners","Imported from Open Source Blacklist","GitHub_Raw_List","en","Global","beaners"
"beaney","Imported from Open Source Blacklist","GitHub_Raw_List","en","Global","beaney"
"beaneys","Imported from Open Source Blacklist","GitHub_Raw_List","en","Global","beaneys"
"beardedclam","Imported from Open Source Blacklist","GitHub_Raw_List","en","Global","beardedclam"
"beastality","Imported from Open Source Blacklist","GitHub_Raw_List","en","Global","beastality"
"beastial","Imported from Open Source Blacklist","GitHub_Raw_List","en","Global","beastial"
"beastiality","Imported from Open Source Blacklist","GitHub_Raw_List","en","Global","beastiality"
"beastility","Imported from Open Source Blacklist","GitHub_Raw_List","en","Global","beastility"
"beatch","Imported from Open Source Blacklist","GitHub_Raw_List","en","Global","beatch"
"beatoff","Imported from Open Source Blacklist","GitHub_Raw_List","en","Global","beatoff"
"beatyourmeat","Imported from Open Source Blacklist","GitHub_Raw_List","en","Global","beatyourmeat"
"beaver cleaver","Imported from Open Source Blacklist","GitHub_Raw_List","en","Global","beavercleaver"
"beaver lips","Imported from Open Source Blacklist","GitHub_Raw_List","en","Global","beaverlips"
"beef curtains","Imported from Open Source Blacklist","GitHub_Raw_List","en","Global","beefcurtains"
"beeyotch","Imported from Open Source Blacklist","GitHub_Raw_List","en","Global","beeyotch"
"bellend","Imported from Open Source Blacklist","GitHub_Raw_List","en","Global","bellend"
"beotch","Imported from Open Source Blacklist","GitHub_Raw_List","en","Global","beotch"
"bestial","Imported from Open Source Blacklist","GitHub_Raw_List","en","Global","bestial"
"bestiality","Imported from Open Source Blacklist","GitHub_Raw_List","en","Global","bestiality"
"bi curious","Imported from Open Source Blacklist","GitHub_Raw_List","en","Global","bicurious"
"bi+ch","Imported from Open Source Blacklist","GitHub_Raw_List","en","Global","bich"
"bi7ch","Imported from Open Source Blacklist","GitHub_Raw_List","en","Global","bi7ch"
"biatch","Imported from Open Source Blacklist","GitHub_Raw_List","en","Global","biatch"
"big black","Imported from Open Source Blacklist","GitHub_Raw_List","en","Global","bigblack"
"big breasts","Imported from Open Source Blacklist","GitHub_Raw_List","en","Global","bigbreasts"
"big knockers","Imported from Open Source Blacklist","GitHub_Raw_List","en","Global","bigknockers"
"big tits","Imported from Open Source Blacklist","GitHub_Raw_List","en","Global","bigtits"
"bigass","Imported from Open Source Blacklist","GitHub_Raw_List","en","Global","bigass"
"bigbastard","Imported from Open Source Blacklist","GitHub_Raw_List","en","Global","bigbastard"
"bigbutt","Imported from Open Source Blacklist","GitHub_Raw_List","en","Global","bigbutt"
"bimbo","Imported from Open Source Blacklist","GitHub_Raw_List","en","Global","bimbo"
"bimbos","Imported from Open Source Blacklist","GitHub_Raw_List","en","Global","bimbos"
"bint","Imported from Open Source Blacklist","GitHub_Raw_List","en","Global","bint"
"birdlock","Imported from Open Source Blacklist","GitHub_Raw_List","en","Global","birdlock"
"bitchass","Imported from Open Source Blacklist","GitHub_Raw_List","en","Global","bitchass"
"bitched","Imported from Open Source Blacklist","GitHub_Raw_List","en","Global","bitched"
"bitcher","Imported from Open Source Blacklist","GitHub_Raw_List","en","Global","bitcher"
"bitchers","Imported from Open Source Blacklist","GitHub_Raw_List","en","Global","bitchers"
"bitches","Imported from Open Source Blacklist","GitHub_Raw_List","en","Global","bitches"
"bitchez","Imported from Open Source Blacklist","GitHub_Raw_List","en","Global","bitchez"
"bitchin","Imported from Open Source Blacklist","GitHub_Raw_List","en","Global","bitchin"
"bitching","Imported from Open Source Blacklist","GitHub_Raw_List","en","Global","bitching"
"bitchslap","Imported from Open Source Blacklist","GitHub_Raw_List","en","Global","bitchslap"
"bitchtit","Imported from Open Source Blacklist","GitHub_Raw_List","en","Global","bitchtit"
"bitchy","Imported from Open Source Blacklist","GitHub_Raw_List","en","Global","bitchy"
"biteme","Imported from Open Source Blacklist","GitHub_Raw_List","en","Global","biteme"
"bitties","Imported from Open Source Blacklist","GitHub_Raw_List","en","Global","bitties"
"black cock","Imported from Open Source Blacklist","GitHub_Raw_List","en","Global","blackcock"
"blackman","Imported from Open Source Blacklist","GitHub_Raw_List","en","Global","blackman"
"blacks","Imported from Open Source Blacklist","GitHub_Raw_List","en","Global","blacks"
"blonde action","Imported from Open Source Blacklist","GitHub_Raw_List","en","Global","blondeaction"
"blonde on blonde action","Imported from Open Source Blacklist","GitHub_Raw_List","en","Global","blondeonblondeaction"
"blonde on blonde","Imported from Open Source Blacklist","GitHub_Raw_List","en","Global","blondeonblonde"
"bloodclaat","Imported from Open Source Blacklist","GitHub_Raw_List","en","Global","bloodclaat"
"blow j","Imported from Open Source Blacklist","GitHub_Raw_List","en","Global","blowj"
"blow job","Imported from Open Source Blacklist","GitHub_Raw_List","en","Global","blowjob"
"blow your l","Imported from Open Source Blacklist","GitHub_Raw_List","en","Global","blowyourl"
"blow your load","Imported from Open Source Blacklist","GitHub_Raw_List","en","Global","blowyourload"
"blowjobs","Imported from Open Source Blacklist","GitHub_Raw_List","en","Global","blowjobs"
"blue waffle","Imported from Open Source Blacklist","GitHub_Raw_List","en","Global","bluewaffle"
"bluegum","Imported from Open Source Blacklist","GitHub_Raw_List","en","Global","bluegum"
"bluegums","Imported from Open Source Blacklist","GitHub_Raw_List","en","Global","bluegums"
"blumpkin","Imported from Open Source Blacklist","GitHub_Raw_List","en","Global","blumpkin"
"bo obs","Imported from Open Source Blacklist","GitHub_Raw_List","en","Global","boobs"
"boang","Imported from Open Source Blacklist","GitHub_Raw_List","en","Global","boang"
"boche","Imported from Open Source Blacklist","GitHub_Raw_List","en","Global","boche"
"boches","Imported from Open Source Blacklist","GitHub_Raw_List","en","Global","boches"
"boffing","Imported from Open Source Blacklist","GitHub_Raw_List","en","Global","boffing"
"bogan","Imported from Open Source Blacklist","GitHub_Raw_List","en","Global","bogan"
"bohunk","Imported from Open Source Blacklist","GitHub_Raw_List","en","Global","bohunk"
"boink","Imported from Open Source Blacklist","GitHub_Raw_List","en","Global","boink"
"boiolas","Imported from Open Source Blacklist","GitHub_Raw_List","en","Global","boiolas"
"bollick","Imported from Open Source Blacklist","GitHub_Raw_List","en","Global","bollick"
"bollock","Imported from Open Source Blacklist","GitHub_Raw_List","en","Global","bollock"
"bollocks","Imported from Open Source Blacklist","GitHub_Raw_List","en","Global","bollocks"
"bollok","Imported from Open Source Blacklist","GitHub_Raw_List","en","Global","bollok"
"bollox","Imported from Open Source Blacklist","GitHub_Raw_List","en","Global","bollox"
"bombers","Imported from Open Source Blacklist","GitHub_Raw_List","en","Global","bombers"
"bomd","Imported from Open Source Blacklist","GitHub_Raw_List","en","Global","bomd"
"bondage","Imported from Open Source Blacklist","GitHub_Raw_List","en","Global","bondage"
"boned","Imported from Open Source Blacklist","GitHub_Raw_List","en","Global","boned"
"boner","Imported from Open Source Blacklist","GitHub_Raw_List","en","Global","boner"
"boners","Imported from Open Source Blacklist","GitHub_Raw_List","en","Global","boners"
"bong","Imported from Open Source Blacklist","GitHub_Raw_List","en","Global","bong"
"boong","Imported from Open Source Blacklist","GitHub_Raw_List","en","Global","boong"
"boonga","Imported from Open Source Blacklist","GitHub_Raw_List","en","Global","boonga"
"boongas","Imported from Open Source Blacklist","GitHub_Raw_List","en","Global","boongas"
"boongs","Imported from Open Source Blacklist","GitHub_Raw_List","en","Global","boongs"
"boonie","Imported from Open Source Blacklist","GitHub_Raw_List","en","Global","boonie"
"boonies","Imported from Open Source Blacklist","GitHub_Raw_List","en","Global","boonies"
"booobs","Imported from Open Source Blacklist","GitHub_Raw_List","en","Global","booobs"
"boooobs","Imported from Open Source Blacklist","GitHub_Raw_List","en","Global","boooobs"
"booooobs","Imported from Open Source Blacklist","GitHub_Raw_List","en","Global","booooobs"
"booooooobs","Imported from Open Source Blacklist","GitHub_Raw_List","en","Global","booooooobs"
"bootee","Imported from Open Source Blacklist","GitHub_Raw_List","en","Global","bootee"
"bootlip","Imported from Open Source Blacklist","GitHub_Raw_List","en","Global","bootlip"
"bootlips","Imported from Open Source Blacklist","GitHub_Raw_List","en","Global","bootlips"
"boozer","Imported from Open Source Blacklist","GitHub_Raw_List","en","Global","boozer"
"bosch","Imported from Open Source Blacklist","GitHub_Raw_List","en","Global","bosch"
"bosche","Imported from Open Source Blacklist","GitHub_Raw_List","en","Global","bosche"
"bosches","Imported from Open Source Blacklist","GitHub_Raw_List","en","Global","bosches"
"boschs","Imported from Open Source Blacklist","GitHub_Raw_List","en","Global","boschs"
"bosomy","Imported from Open Source Blacklist","GitHub_Raw_List","en","Global","bosomy"
"bounty bar","Imported from Open Source Blacklist","GitHub_Raw_List","en","Global","bountybar"
"bounty bars","Imported from Open Source Blacklist","GitHub_Raw_List","en","Global","bountybars"
"brea5t","Imported from Open Source Blacklist","GitHub_Raw_List","en","Global","brea5t"
"breastjob","Imported from Open Source Blacklist","GitHub_Raw_List","en","Global","breastjob"
"breastlover","Imported from Open Source Blacklist","GitHub_Raw_List","en","Global","breastlover"
"breastman","Imported from Open Source Blacklist","GitHub_Raw_List","en","Global","breastman"
"brown shower","Imported from Open Source Blacklist","GitHub_Raw_List","en","Global","brownshower"
"brown showers","Imported from Open Source Blacklist","GitHub_Raw_List","en","Global","brownshowers"
"brunette action","Imported from Open Source Blacklist","GitHub_Raw_List","en","Global","brunetteaction"
"buceta","Imported from Open Source Blacklist","GitHub_Raw_List","en","Global","buceta"
"buddhahead","Imported from Open Source Blacklist","GitHub_Raw_List","en","Global","buddhahead"
"buddhaheads","Imported from Open Source Blacklist","GitHub_Raw_List","en","Global","buddhaheads"
"buffies","Imported from Open Source Blacklist","GitHub_Raw_List","en","Global","buffies"
"bugger","Imported from Open Source Blacklist","GitHub_Raw_List","en","Global","bugger"
"buggered","Imported from Open Source Blacklist","GitHub_Raw_List","en","Global","buggered"
"buggery","Imported from Open Source Blacklist","GitHub_Raw_List","en","Global","buggery"
"bukake","Imported from Open Source Blacklist","GitHub_Raw_List","en","Global","bukake"
"bukkake","Imported from Open Source Blacklist","GitHub_Raw_List","en","Global","bukkake"
"bullcrap","Imported from Open Source Blacklist","GitHub_Raw_List","en","Global","bullcrap"
"bulldike","Imported from Open Source Blacklist","GitHub_Raw_List","en","Global","bulldike"
"bulldyke","Imported from Open Source Blacklist","GitHub_Raw_List","en","Global","bulldyke"
"bullet vibe","Imported from Open Source Blacklist","GitHub_Raw_List","en","Global","bulletvibe"
"bullshits","Imported from Open Source Blacklist","GitHub_Raw_List","en","Global","bullshits"
"bullshitted","Imported from Open Source Blacklist","GitHub_Raw_List","en","Global","bullshitted"
"bullturds","Imported from Open Source Blacklist","GitHub_Raw_List","en","Global","bullturds"
"bumblefuck","Imported from Open Source Blacklist","GitHub_Raw_List","en","Global","bumblefuck"
"bumfuck","Imported from Open Source Blacklist","GitHub_Raw_List","en","Global","bumfuck"
"bung hole","Imported from Open Source Blacklist","GitHub_Raw_List","en","Global","bunghole"
"bung","Imported from Open Source Blacklist","GitHub_Raw_List","en","Global","bung"
"bunga","Imported from Open Source Blacklist","GitHub_Raw_List","en","Global","bunga"
"bungas","Imported from Open Source Blacklist","GitHub_Raw_List","en","Global","bungas"
"bunny fucker","Imported from Open Source Blacklist","GitHub_Raw_List","en","Global","bunnyfucker"
"burr head","Imported from Open Source Blacklist","GitHub_Raw_List","en","Global","burrhead"
"burr heads","Imported from Open Source Blacklist","GitHub_Raw_List","en","Global","burrheads"
"butchbabes","Imported from Open Source Blacklist","GitHub_Raw_List","en","Global","butchbabes"
"butchdike","Imported from Open Source Blacklist","GitHub_Raw_List","en","Global","butchdike"
"butchdyke","Imported from Open Source Blacklist","GitHub_Raw_List","en","Global","butchdyke"
"butt plug","Imported from Open Source Blacklist","GitHub_Raw_List","en","Global","buttplug"
"butt-pirate","Imported from Open Source Blacklist","GitHub_Raw_List","en","Global","buttpirate"
"buttbang","Imported from Open Source Blacklist","GitHub_Raw_List","en","Global","buttbang"
"buttcheeks","Imported from Open Source Blacklist","GitHub_Raw_List","en","Global","buttcheeks"
"buttface","Imported from Open Source Blacklist","GitHub_Raw_List","en","Global","buttface"
"buttfuck","Imported from Open Source Blacklist","GitHub_Raw_List","en","Global","buttfuck"
"buttfucker","Imported from Open Source Blacklist","GitHub_Raw_List","en","Global","buttfucker"
"buttfuckers","Imported from Open Source Blacklist","GitHub_Raw_List","en","Global","buttfuckers"
"butthead","Imported from Open Source Blacklist","GitHub_Raw_List","en","Global","butthead"
"butthole","Imported from Open Source Blacklist","GitHub_Raw_List","en","Global","butthole"
"buttman","Imported from Open Source Blacklist","GitHub_Raw_List","en","Global","buttman"
"buttmuch","Imported from Open Source Blacklist","GitHub_Raw_List","en","Global","buttmuch"
"buttmunch","Imported from Open Source Blacklist","GitHub_Raw_List","en","Global","buttmunch"
"buttmuncher","Imported from Open Source Blacklist","GitHub_Raw_List","en","Global","buttmuncher"
"buttstain","Imported from Open Source Blacklist","GitHub_Raw_List","en","Global","buttstain"
"buttwipe","Imported from Open Source Blacklist","GitHub_Raw_List","en","Global","buttwipe"
"byatch","Imported from Open Source Blacklist","GitHub_Raw_List","en","Global","byatch"
"c-0-c-k","Imported from Open Source Blacklist","GitHub_Raw_List","en","Global","c0ck"
"c-o-c-k","Imported from Open Source Blacklist","GitHub_Raw_List","en","Global","cock"
"c0cks","Imported from Open Source Blacklist","GitHub_Raw_List","en","Global","c0cks"
"c0cksucker","Imported from Open Source Blacklist","GitHub_Raw_List","en","Global","c0cksucker"
"c0k","Imported from Open Source Blacklist","GitHub_Raw_List","en","Global","c0k"
"cabron","Imported from Open Source Blacklist","GitHub_Raw_List","en","Global","cabron"
"caca","Imported from Open Source Blacklist","GitHub_Raw_List","en","Global","caca"
"cacker","Imported from Open Source Blacklist","GitHub_Raw_List","en","Global","cacker"
"cahone","Imported from Open Source Blacklist","GitHub_Raw_List","en","Global","cahone"
"camel jockey","Imported from Open Source Blacklist","GitHub_Raw_List","en","Global","cameljockey"
"camel jockeys","Imported from Open Source Blacklist","GitHub_Raw_List","en","Global","cameljockeys"
"camel toe","Imported from Open Source Blacklist","GitHub_Raw_List","en","Global","cameltoe"
"camgirl","Imported from Open Source Blacklist","GitHub_Raw_List","en","Global","camgirl"
"camslut","Imported from Open Source Blacklist","GitHub_Raw_List","en","Global","camslut"
"camwhore","Imported from Open Source Blacklist","GitHub_Raw_List","en","Global","camwhore"
"carpet muncher","Imported from Open Source Blacklist","GitHub_Raw_List","en","Global","carpetmuncher"
"carruth","Imported from Open Source Blacklist","GitHub_Raw_List","en","Global","carruth"
"cawk","Imported from Open Source Blacklist","GitHub_Raw_List","en","Global","cawk"
"cawks","Imported from Open Source Blacklist","GitHub_Raw_List","en","Global","cawks"
"cazzo","Imported from Open Source Blacklist","GitHub_Raw_List","en","Global","cazzo"
"chav","Imported from Open Source Blacklist","GitHub_Raw_List","en","Global","chav"
"cheese eating surrender monkey","Imported from Open Source Blacklist","GitHub_Raw_List","en","Global","cheeseeatingsurrendermonkey"
"cheese eating surrender monkies","Imported from Open Source Blacklist","GitHub_Raw_List","en","Global","cheeseeatingsurrendermonkies"
"cheesehead","Imported from Open Source Blacklist","GitHub_Raw_List","en","Global","cheesehead"
"cheeseheads","Imported from Open Source Blacklist","GitHub_Raw_List","en","Global","cheeseheads"
"cherrypopper","Imported from Open Source Blacklist","GitHub_Raw_List","en","Global","cherrypopper"
"chickslick","Imported from Open Source Blacklist","GitHub_Raw_List","en","Global","chickslick"
"china swede","Imported from Open Source Blacklist","GitHub_Raw_List","en","Global","chinaswede"
"china swedes","Imported from Open Source Blacklist","GitHub_Raw_List","en","Global","chinaswedes"
"chinaman","Imported from Open Source Blacklist","GitHub_Raw_List","en","Global","chinaman"
"chinamen","Imported from Open Source Blacklist","GitHub_Raw_List","en","Global","chinamen"
"chinc","Imported from Open Source Blacklist","GitHub_Raw_List","en","Global","chinc"
"chincs","Imported from Open Source Blacklist","GitHub_Raw_List","en","Global","chincs"
"ching chong","Imported from Open Source Blacklist","GitHub_Raw_List","en","Global","chingchong"
"ching chongs","Imported from Open Source Blacklist","GitHub_Raw_List","en","Global","chingchongs"
"chinga","Imported from Open Source Blacklist","GitHub_Raw_List","en","Global","chinga"
"chink","Imported from Open Source Blacklist","GitHub_Raw_List","en","Global","chink"
"chinks","Imported from Open Source Blacklist","GitHub_Raw_List","en","Global","chinks"
"chinky","Imported from Open Source Blacklist","GitHub_Raw_List","en","Global","chinky"
"choad","Imported from Open Source Blacklist","GitHub_Raw_List","en","Global","choad"
"chocolate rosebuds","Imported from Open Source Blacklist","GitHub_Raw_List","en","Global","chocolaterosebuds"
"chode","Imported from Open Source Blacklist","GitHub_Raw_List","en","Global","chode"
"chodes","Imported from Open Source Blacklist","GitHub_Raw_List","en","Global","chodes"
"chonkies","Imported from Open Source Blacklist","GitHub_Raw_List","en","Global","chonkies"
"chonky","Imported from Open Source Blacklist","GitHub_Raw_List","en","Global","chonky"
"chonkys","Imported from Open Source Blacklist","GitHub_Raw_List","en","Global","chonkys"
"chraa","Imported from Open Source Blacklist","GitHub_Raw_List","en","Global","chraa"
"christ killer","Imported from Open Source Blacklist","GitHub_Raw_List","en","Global","christkiller"
"christ killers","Imported from Open Source Blacklist","GitHub_Raw_List","en","Global","christkillers"
"chug","Imported from Open Source Blacklist","GitHub_Raw_List","en","Global","chug"
"chugs","Imported from Open Source Blacklist","GitHub_Raw_List","en","Global","chugs"
"chuj","Imported from Open Source Blacklist","GitHub_Raw_List","en","Global","chuj"
"chunger","Imported from Open Source Blacklist","GitHub_Raw_List","en","Global","chunger"
"chungers","Imported from Open Source Blacklist","GitHub_Raw_List","en","Global","chungers"
"chunkies","Imported from Open Source Blacklist","GitHub_Raw_List","en","Global","chunkies"
"chunkys","Imported from Open Source Blacklist","GitHub_Raw_List","en","Global","chunkys"
"cipa","Imported from Open Source Blacklist","GitHub_Raw_List","en","Global","cipa"
"circlejerk","Imported from Open Source Blacklist","GitHub_Raw_List","en","Global","circlejerk"
"cl1t","Imported from Open Source Blacklist","GitHub_Raw_List","en","Global","cl1t"
"clamdigger","Imported from Open Source Blacklist","GitHub_Raw_List","en","Global","clamdigger"
"clamdiver","Imported from Open Source Blacklist","GitHub_Raw_List","en","Global","clamdiver"
"clamps","Imported from Open Source Blacklist","GitHub_Raw_List","en","Global","clamps"
"clansman","Imported from Open Source Blacklist","GitHub_Raw_List","en","Global","clansman"
"clansmen","Imported from Open Source Blacklist","GitHub_Raw_List","en","Global","clansmen"
"clanswoman","Imported from Open Source Blacklist","GitHub_Raw_List","en","Global","clanswoman"
"clanswomen","Imported from Open Source Blacklist","GitHub_Raw_List","en","Global","clanswomen"
"cleveland steamer","Imported from Open Source Blacklist","GitHub_Raw_List","en","Global","clevelandsteamer"
"clit","Imported from Open Source Blacklist","GitHub_Raw_List","en","Global","clit"
"clitface","Imported from Open Source Blacklist","GitHub_Raw_List","en","Global","clitface"
"clitfuck","Imported from Open Source Blacklist","GitHub_Raw_List","en","Global","clitfuck"
"clitoris","Imported from Open Source Blacklist","GitHub_Raw_List","en","Global","clitoris"
"clitorus","Imported from Open Source Blacklist","GitHub_Raw_List","en","Global","clitorus"
"clits","Imported from Open Source Blacklist","GitHub_Raw_List","en","Global","clits"
"clitty","Imported from Open Source Blacklist","GitHub_Raw_List","en","Global","clitty"
"clogwog","Imported from Open Source Blacklist","GitHub_Raw_List","en","Global","clogwog"
"clover clamps","Imported from Open Source Blacklist","GitHub_Raw_List","en","Global","cloverclamps"
"clusterfuck","Imported from Open Source Blacklist","GitHub_Raw_List","en","Global","clusterfuck"
"cnts","Imported from Open Source Blacklist","GitHub_Raw_List","en","Global","cnts"
"cntz","Imported from Open Source Blacklist","GitHub_Raw_List","en","Global","cntz"
"cnut","Imported from Open Source Blacklist","GitHub_Raw_List","en","Global","cnut"
"cocain","Imported from Open Source Blacklist","GitHub_Raw_List","en","Global","cocain"
"cocaine","Imported from Open Source Blacklist","GitHub_Raw_List","en","Global","cocaine"
"cock-head","Imported from Open Source Blacklist","GitHub_Raw_List","en","Global","cockhead"
"cock-sucker","Imported from Open Source Blacklist","GitHub_Raw_List","en","Global","cocksucker"
"cockbite","Imported from Open Source Blacklist","GitHub_Raw_List","en","Global","cockbite"
"cockblock","Imported from Open Source Blacklist","GitHub_Raw_List","en","Global","cockblock"
"cockblocker","Imported from Open Source Blacklist","GitHub_Raw_List","en","Global","cockblocker"
"cockburger","Imported from Open Source Blacklist","GitHub_Raw_List","en","Global","cockburger"
"cockcowboy","Imported from Open Source Blacklist","GitHub_Raw_List","en","Global","cockcowboy"
"cockface","Imported from Open Source Blacklist","GitHub_Raw_List","en","Global","cockface"
"cockfight","Imported from Open Source Blacklist","GitHub_Raw_List","en","Global","cockfight"
"cockfucker","Imported from Open Source Blacklist","GitHub_Raw_List","en","Global","cockfucker"
"cockholster","Imported from Open Source Blacklist","GitHub_Raw_List","en","Global","cockholster"
"cockjockey","Imported from Open Source Blacklist","GitHub_Raw_List","en","Global","cockjockey"
"cockknob","Imported from Open Source Blacklist","GitHub_Raw_List","en","Global","cockknob"
"cockknocker","Imported from Open Source Blacklist","GitHub_Raw_List","en","Global","cockknocker"
"cockknoker","Imported from Open Source Blacklist","GitHub_Raw_List","en","Global","cockknoker"
"cocklicker","Imported from Open Source Blacklist","GitHub_Raw_List","en","Global","cocklicker"
"cocklover","Imported from Open Source Blacklist","GitHub_Raw_List","en","Global","cocklover"
"cockmaster","Imported from Open Source Blacklist","GitHub_Raw_List","en","Global","cockmaster"
"cockmongler","Imported from Open Source Blacklist","GitHub_Raw_List","en","Global","cockmongler"
"cockmongruel","Imported from Open Source Blacklist","GitHub_Raw_List","en","Global","cockmongruel"
"cockmonkey","Imported from Open Source Blacklist","GitHub_Raw_List","en","Global","cockmonkey"
"cockmunch","Imported from Open Source Blacklist","GitHub_Raw_List","en","Global","cockmunch"
"cockmuncher","Imported from Open Source Blacklist","GitHub_Raw_List","en","Global","cockmuncher"
"cocknob","Imported from Open Source Blacklist","GitHub_Raw_List","en","Global","cocknob"
"cocknose","Imported from Open Source Blacklist","GitHub_Raw_List","en","Global","cocknose"
"cocknugget","Imported from Open Source Blacklist","GitHub_Raw_List","en","Global","cocknugget"
"cockqueen","Imported from Open Source Blacklist","GitHub_Raw_List","en","Global","cockqueen"
"cockrider","Imported from Open Source Blacklist","GitHub_Raw_List","en","Global","cockrider"
"cocks","Imported from Open Source Blacklist","GitHub_Raw_List","en","Global","cocks"
"cockshit","Imported from Open Source Blacklist","GitHub_Raw_List","en","Global","cockshit"
"cocksman","Imported from Open Source Blacklist","GitHub_Raw_List","en","Global","cocksman"
"cocksmith","Imported from Open Source Blacklist","GitHub_Raw_List","en","Global","cocksmith"
"cocksmoker","Imported from Open Source Blacklist","GitHub_Raw_List","en","Global","cocksmoker"
"cocksucer","Imported from Open Source Blacklist","GitHub_Raw_List","en","Global","cocksucer"
"cocksuck","Imported from Open Source Blacklist","GitHub_Raw_List","en","Global","cocksuck"
"cocksucked","Imported from Open Source Blacklist","GitHub_Raw_List","en","Global","cocksucked"
"cocksucking","Imported from Open Source Blacklist","GitHub_Raw_List","en","Global","cocksucking"
"cocksucks","Imported from Open Source Blacklist","GitHub_Raw_List","en","Global","cocksucks"
"cocksuka","Imported from Open Source Blacklist","GitHub_Raw_List","en","Global","cocksuka"
"cocksukka","Imported from Open Source Blacklist","GitHub_Raw_List","en","Global","cocksukka"
"cocktease","Imported from Open Source Blacklist","GitHub_Raw_List","en","Global","cocktease"
"cocky","Imported from Open Source Blacklist","GitHub_Raw_List","en","Global","cocky"
"cohee","Imported from Open Source Blacklist","GitHub_Raw_List","en","Global","cohee"
"coital","Imported from Open Source Blacklist","GitHub_Raw_List","en","Global","coital"
"coitus","Imported from Open Source Blacklist","GitHub_Raw_List","en","Global","coitus"
"cok","Imported from Open Source Blacklist","GitHub_Raw_List","en","Global","cok"
"cokmuncher","Imported from Open Source Blacklist","GitHub_Raw_List","en","Global","cokmuncher"
"coksucka","Imported from Open Source Blacklist","GitHub_Raw_List","en","Global","coksucka"
"condom","Imported from Open Source Blacklist","GitHub_Raw_List","en","Global","condom"
"coochie","Imported from Open Source Blacklist","GitHub_Raw_List","en","Global","coochie"
"coochy","Imported from Open Source Blacklist","GitHub_Raw_List","en","Global","coochy"
"coolie","Imported from Open Source Blacklist","GitHub_Raw_List","en","Global","coolie"
"coolies","Imported from Open Source Blacklist","GitHub_Raw_List","en","Global","coolies"
"cooly","Imported from Open Source Blacklist","GitHub_Raw_List","en","Global","cooly"
"coon ass","Imported from Open Source Blacklist","GitHub_Raw_List","en","Global","coonass"
"coon asses","Imported from Open Source Blacklist","GitHub_Raw_List","en","Global","coonasses"
"coondog","Imported from Open Source Blacklist","GitHub_Raw_List","en","Global","coondog"
"coons","Imported from Open Source Blacklist","GitHub_Raw_List","en","Global","coons"
"cooter","Imported from Open Source Blacklist","GitHub_Raw_List","en","Global","cooter"
"coprolagnia","Imported from Open Source Blacklist","GitHub_Raw_List","en","Global","coprolagnia"
"coprophilia","Imported from Open Source Blacklist","GitHub_Raw_List","en","Global","coprophilia"
"copulate","Imported from Open Source Blacklist","GitHub_Raw_List","en","Global","copulate"
"corksucker","Imported from Open Source Blacklist","GitHub_Raw_List","en","Global","corksucker"
"cornhole","Imported from Open Source Blacklist","GitHub_Raw_List","en","Global","cornhole"
"cra5h","Imported from Open Source Blacklist","GitHub_Raw_List","en","Global","cra5h"
"crackcocain","Imported from Open Source Blacklist","GitHub_Raw_List","en","Global","crackcocain"
"crackpipe","Imported from Open Source Blacklist","GitHub_Raw_List","en","Global","crackpipe"
"crackwhore","Imported from Open Source Blacklist","GitHub_Raw_List","en","Global","crackwhore"
"crap","Imported from Open Source Blacklist","GitHub_Raw_List","en","Global","crap"
"crapola","Imported from Open Source Blacklist","GitHub_Raw_List","en","Global","crapola"
"crapper","Imported from Open Source Blacklist","GitHub_Raw_List","en","Global","crapper"
"crappy","Imported from Open Source Blacklist","GitHub_Raw_List","en","Global","crappy"
"creampie","Imported from Open Source Blacklist","GitHub_Raw_List","en","Global","creampie"
"crotchjockey","Imported from Open Source Blacklist","GitHub_Raw_List","en","Global","crotchjockey"
"crotchmonkey","Imported from Open Source Blacklist","GitHub_Raw_List","en","Global","crotchmonkey"
"crotchrot","Imported from Open Source Blacklist","GitHub_Raw_List","en","Global","crotchrot"
"cuck","Imported from Open Source Blacklist","GitHub_Raw_List","en","Global","cuck"
"cum face","Imported from Open Source Blacklist","GitHub_Raw_List","en","Global","cumface"
"cum licker","Imported from Open Source Blacklist","GitHub_Raw_List","en","Global","cumlicker"
"cum","Imported from Open Source Blacklist","GitHub_Raw_List","en","Global","cum"
"cumbubble","Imported from Open Source Blacklist","GitHub_Raw_List","en","Global","cumbubble"
"cumdumpster","Imported from Open Source Blacklist","GitHub_Raw_List","en","Global","cumdumpster"
"cumfest","Imported from Open Source Blacklist","GitHub_Raw_List","en","Global","cumfest"
"cumguzzler","Imported from Open Source Blacklist","GitHub_Raw_List","en","Global","cumguzzler"
"cuming","Imported from Open Source Blacklist","GitHub_Raw_List","en","Global","cuming"
"cumjockey","Imported from Open Source Blacklist","GitHub_Raw_List","en","Global","cumjockey"
"cumlickr","Imported from Open Source Blacklist","GitHub_Raw_List","en","Global","cumlickr"
"cumm","Imported from Open Source Blacklist","GitHub_Raw_List","en","Global","cumm"
"cummer","Imported from Open Source Blacklist","GitHub_Raw_List","en","Global","cummer"
"cummin","Imported from Open Source Blacklist","GitHub_Raw_List","en","Global","cummin"
"cumming","Imported from Open Source Blacklist","GitHub_Raw_List","en","Global","cumming"
"cumquat","Imported from Open Source Blacklist","GitHub_Raw_List","en","Global","cumquat"
"cumqueen","Imported from Open Source Blacklist","GitHub_Raw_List","en","Global","cumqueen"
"cums","Imported from Open Source Blacklist","GitHub_Raw_List","en","Global","cums"
"cumshot","Imported from Open Source Blacklist","GitHub_Raw_List","en","Global","cumshot"
"cumshots","Imported from Open Source Blacklist","GitHub_Raw_List","en","Global","cumshots"
"cumslut","Imported from Open Source Blacklist","GitHub_Raw_List","en","Global","cumslut"
"cumstain","Imported from Open Source Blacklist","GitHub_Raw_List","en","Global","cumstain"
"cumsucker","Imported from Open Source Blacklist","GitHub_Raw_List","en","Global","cumsucker"
"cumtart","Imported from Open Source Blacklist","GitHub_Raw_List","en","Global","cumtart"
"cunilingus","Imported from Open Source Blacklist","GitHub_Raw_List","en","Global","cunilingus"
"cunillingus","Imported from Open Source Blacklist","GitHub_Raw_List","en","Global","cunillingus"
"cunn","Imported from Open Source Blacklist","GitHub_Raw_List","en","Global","cunn"
"cunnie","Imported from Open Source Blacklist","GitHub_Raw_List","en","Global","cunnie"
"cunnilingus","Imported from Open Source Blacklist","GitHub_Raw_List","en","Global","cunnilingus"
"cunntt","Imported from Open Source Blacklist","GitHub_Raw_List","en","Global","cunntt"
"cunny","Imported from Open Source Blacklist","GitHub_Raw_List","en","Global","cunny"
"cunteyed","Imported from Open Source Blacklist","GitHub_Raw_List","en","Global","cunteyed"
"cuntface","Imported from Open Source Blacklist","GitHub_Raw_List","en","Global","cuntface"
"cuntfuck","Imported from Open Source Blacklist","GitHub_Raw_List","en","Global","cuntfuck"
"cuntfucker","Imported from Open Source Blacklist","GitHub_Raw_List","en","Global","cuntfucker"
"cunthole","Imported from Open Source Blacklist","GitHub_Raw_List","en","Global","cunthole"
"cunthunter","Imported from Open Source Blacklist","GitHub_Raw_List","en","Global","cunthunter"
"cuntlick","Imported from Open Source Blacklist","GitHub_Raw_List","en","Global","cuntlick"
"cuntlicker","Imported from Open Source Blacklist","GitHub_Raw_List","en","Global","cuntlicker"
"cuntlicking","Imported from Open Source Blacklist","GitHub_Raw_List","en","Global","cuntlicking"
"cuntrag","Imported from Open Source Blacklist","GitHub_Raw_List","en","Global","cuntrag"
"cunts","Imported from Open Source Blacklist","GitHub_Raw_List","en","Global","cunts"
"cuntslut","Imported from Open Source Blacklist","GitHub_Raw_List","en","Global","cuntslut"
"cuntsucker","Imported from Open Source Blacklist","GitHub_Raw_List","en","Global","cuntsucker"
"cuntz","Imported from Open Source Blacklist","GitHub_Raw_List","en","Global","cuntz"
"curry muncher","Imported from Open Source Blacklist","GitHub_Raw_List","en","Global","currymuncher"
"curry munchers","Imported from Open Source Blacklist","GitHub_Raw_List","en","Global","currymunchers"
"cushi","Imported from Open Source Blacklist","GitHub_Raw_List","en","Global","cushi"
"cushis","Imported from Open Source Blacklist","GitHub_Raw_List","en","Global","cushis"
"cyalis","Imported from Open Source Blacklist","GitHub_Raw_List","en","Global","cyalis"
"cyberfuc","Imported from Open Source Blacklist","GitHub_Raw_List","en","Global","cyberfuc"
"cyberfuck","Imported from Open Source Blacklist","GitHub_Raw_List","en","Global","cyberfuck"
"cyberfucked","Imported from Open Source Blacklist","GitHub_Raw_List","en","Global","cyberfucked"
"cyberfucker","Imported from Open Source Blacklist","GitHub_Raw_List","en","Global","cyberfucker"
"cyberfuckers","Imported from Open Source Blacklist","GitHub_Raw_List","en","Global","cyberfuckers"
"cyberfucking","Imported from Open Source Blacklist","GitHub_Raw_List","en","Global","cyberfucking"
"cybersex","Imported from Open Source Blacklist","GitHub_Raw_List","en","Global","cybersex"
"cyberslimer","Imported from Open Source Blacklist","GitHub_Raw_List","en","Global","cyberslimer"
"d0ng","Imported from Open Source Blacklist","GitHub_Raw_List","en","Global","d0ng"
"d0uch3","Imported from Open Source Blacklist","GitHub_Raw_List","en","Global","d0uch3"
"d0uche","Imported from Open Source Blacklist","GitHub_Raw_List","en","Global","d0uche"
"d1ck","Imported from Open Source Blacklist","GitHub_Raw_List","en","Global","d1ck"
"d1ld0","Imported from Open Source Blacklist","GitHub_Raw_List","en","Global","d1ld0"
"d1ldo","Imported from Open Source Blacklist","GitHub_Raw_List","en","Global","d1ldo"
"d4mn","Imported from Open Source Blacklist","GitHub_Raw_List","en","Global","d4mn"
"dago","Imported from Open Source Blacklist","GitHub_Raw_List","en","Global","dago"
"dagos","Imported from Open Source Blacklist","GitHub_Raw_List","en","Global","dagos"
"dahmer","Imported from Open Source Blacklist","GitHub_Raw_List","en","Global","dahmer"
"damm","Imported from Open Source Blacklist","GitHub_Raw_List","en","Global","damm"
"dammit","Imported from Open Source Blacklist","GitHub_Raw_List","en","Global","dammit"
"damn","Imported from Open Source Blacklist","GitHub_Raw_List","en","Global","damn"
"damnit","Imported from Open Source Blacklist","GitHub_Raw_List","en","Global","damnit"
"darkey","Imported from Open Source Blacklist","GitHub_Raw_List","en","Global","darkey"
"darkeys","Imported from Open Source Blacklist","GitHub_Raw_List","en","Global","darkeys"
"darkie","Imported from Open Source Blacklist","GitHub_Raw_List","en","Global","darkie"
"darkies","Imported from Open Source Blacklist","GitHub_Raw_List","en","Global","darkies"
"darky","Imported from Open Source Blacklist","GitHub_Raw_List","en","Global","darky"
"date rape","Imported from Open Source Blacklist","GitHub_Raw_List","en","Global","daterape"
"datnigga","Imported from Open Source Blacklist","GitHub_Raw_List","en","Global","datnigga"
"dawgie style","Imported from Open Source Blacklist","GitHub_Raw_List","en","Global","dawgiestyle"
"daygo","Imported from Open Source Blacklist","GitHub_Raw_List","en","Global","daygo"
"deapthroat","Imported from Open Source Blacklist","GitHub_Raw_List","en","Global","deapthroat"
"deep throat","Imported from Open Source Blacklist","GitHub_Raw_List","en","Global","deepthroat"
"deep throating","Imported from Open Source Blacklist","GitHub_Raw_List","en","Global","deepthroating"
"deepaction","Imported from Open Source Blacklist","GitHub_Raw_List","en","Global","deepaction"
"defecate","Imported from Open Source Blacklist","GitHub_Raw_List","en","Global","defecate"
"deggo","Imported from Open Source Blacklist","GitHub_Raw_List","en","Global","deggo"
"dego","Imported from Open Source Blacklist","GitHub_Raw_List","en","Global","dego"
"degos","Imported from Open Source Blacklist","GitHub_Raw_List","en","Global","degos"
"dendrophilia","Imported from Open Source Blacklist","GitHub_Raw_List","en","Global","dendrophilia"
"destroyyourpussy","Imported from Open Source Blacklist","GitHub_Raw_List","en","Global","destroyyourpussy"
"deth","Imported from Open Source Blacklist","GitHub_Raw_List","en","Global","deth"
"diaper daddy","Imported from Open Source Blacklist","GitHub_Raw_List","en","Global","diaperdaddy"
"diaper head","Imported from Open Source Blacklist","GitHub_Raw_List","en","Global","diaperhead"
"diaper heads","Imported from Open Source Blacklist","GitHub_Raw_List","en","Global","diaperheads"
"dick pic","Imported from Open Source Blacklist","GitHub_Raw_List","en","Global","dickpic"
"dick","Imported from Open Source Blacklist","GitHub_Raw_List","en","Global","dick"
"dick-ish","Imported from Open Source Blacklist","GitHub_Raw_List","en","Global","dickish"
"dickbag","Imported from Open Source Blacklist","GitHub_Raw_List","en","Global","dickbag"
"dickbeater","Imported from Open Source Blacklist","GitHub_Raw_List","en","Global","dickbeater"
"dickbeaters","Imported from Open Source Blacklist","GitHub_Raw_List","en","Global","dickbeaters"
"dickbrain","Imported from Open Source Blacklist","GitHub_Raw_List","en","Global","dickbrain"
"dickdipper","Imported from Open Source Blacklist","GitHub_Raw_List","en","Global","dickdipper"
"dickface","Imported from Open Source Blacklist","GitHub_Raw_List","en","Global","dickface"
"dickflipper","Imported from Open Source Blacklist","GitHub_Raw_List","en","Global","dickflipper"
"dickforbrains","Imported from Open Source Blacklist","GitHub_Raw_List","en","Global","dickforbrains"
"dickfuck","Imported from Open Source Blacklist","GitHub_Raw_List","en","Global","dickfuck"
"dickhead","Imported from Open Source Blacklist","GitHub_Raw_List","en","Global","dickhead"
"dickheads","Imported from Open Source Blacklist","GitHub_Raw_List","en","Global","dickheads"
"dickhole","Imported from Open Source Blacklist","GitHub_Raw_List","en","Global","dickhole"
"dickjuice","Imported from Open Source Blacklist","GitHub_Raw_List","en","Global","dickjuice"
"dickless","Imported from Open Source Blacklist","GitHub_Raw_List","en","Global","dickless"
"dicklick","Imported from Open Source Blacklist","GitHub_Raw_List","en","Global","dicklick"
"dicklicker","Imported from Open Source Blacklist","GitHub_Raw_List","en","Global","dicklicker"
"dickman","Imported from Open Source Blacklist","GitHub_Raw_List","en","Global","dickman"
"dickmilk","Imported from Open Source Blacklist","GitHub_Raw_List","en","Global","dickmilk"
"dickmonger","Imported from Open Source Blacklist","GitHub_Raw_List","en","Global","dickmonger"
"dickripper","Imported from Open Source Blacklist","GitHub_Raw_List","en","Global","dickripper"
"dicks","Imported from Open Source Blacklist","GitHub_Raw_List","en","Global","dicks"
"dicksipper","Imported from Open Source Blacklist","GitHub_Raw_List","en","Global","dicksipper"
"dickslap","Imported from Open Source Blacklist","GitHub_Raw_List","en","Global","dickslap"
"dickslicker","Imported from Open Source Blacklist","GitHub_Raw_List","en","Global","dickslicker"
"dicksucker","Imported from Open Source Blacklist","GitHub_Raw_List","en","Global","dicksucker"
"dickwad","Imported from Open Source Blacklist","GitHub_Raw_List","en","Global","dickwad"
"dickweasel","Imported from Open Source Blacklist","GitHub_Raw_List","en","Global","dickweasel"
"dickweed","Imported from Open Source Blacklist","GitHub_Raw_List","en","Global","dickweed"
"dickwhipper","Imported from Open Source Blacklist","GitHub_Raw_List","en","Global","dickwhipper"
"dickwod","Imported from Open Source Blacklist","GitHub_Raw_List","en","Global","dickwod"
"dickzipper","Imported from Open Source Blacklist","GitHub_Raw_List","en","Global","dickzipper"
"diddle","Imported from Open Source Blacklist","GitHub_Raw_List","en","Global","diddle"
"dike","Imported from Open Source Blacklist","GitHub_Raw_List","en","Global","dike"
"dild0","Imported from Open Source Blacklist","GitHub_Raw_List","en","Global","dild0"
"dild0s","Imported from Open Source Blacklist","GitHub_Raw_List","en","Global","dild0s"
"dildo","Imported from Open Source Blacklist","GitHub_Raw_List","en","Global","dildo"
"dildos","Imported from Open Source Blacklist","GitHub_Raw_List","en","Global","dildos"
"dilf","Imported from Open Source Blacklist","GitHub_Raw_List","en","Global","dilf"
"diligaf","Imported from Open Source Blacklist","GitHub_Raw_List","en","Global","diligaf"
"dilld0","Imported from Open Source Blacklist","GitHub_Raw_List","en","Global","dilld0"
"dilld0s","Imported from Open Source Blacklist","GitHub_Raw_List","en","Global","dilld0s"
"dillweed","Imported from Open Source Blacklist","GitHub_Raw_List","en","Global","dillweed"
"dimwit","Imported from Open Source Blacklist","GitHub_Raw_List","en","Global","dimwit"
"dingle","Imported from Open Source Blacklist","GitHub_Raw_List","en","Global","dingle"
"dingleberries","Imported from Open Source Blacklist","GitHub_Raw_List","en","Global","dingleberries"
"dingleberry","Imported from Open Source Blacklist","GitHub_Raw_List","en","Global","dingleberry"
"dink","Imported from Open Source Blacklist","GitHub_Raw_List","en","Global","dink"
"dinks","Imported from Open Source Blacklist","GitHub_Raw_List","en","Global","dinks"
"dipship","Imported from Open Source Blacklist","GitHub_Raw_List","en","Global","dipship"
"dipshit","Imported from Open Source Blacklist","GitHub_Raw_List","en","Global","dipshit"
"dipstick","Imported from Open Source Blacklist","GitHub_Raw_List","en","Global","dipstick"
"dirsa","Imported from Open Source Blacklist","GitHub_Raw_List","en","Global","dirsa"
"dirty pillows","Imported from Open Source Blacklist","GitHub_Raw_List","en","Global","dirtypillows"
"dirty sanchez","Imported from Open Source Blacklist","GitHub_Raw_List","en","Global","dirtysanchez"
"dix","Imported from Open Source Blacklist","GitHub_Raw_List","en","Global","dix"
"dixiedike","Imported from Open Source Blacklist","GitHub_Raw_List","en","Global","dixiedike"
"dixiedyke","Imported from Open Source Blacklist","GitHub_Raw_List","en","Global","dixiedyke"
"dlck","Imported from Open Source Blacklist","GitHub_Raw_List","en","Global","dlck"
"dog style","Imported from Open Source Blacklist","GitHub_Raw_List","en","Global","dogstyle"
"dog-fucker","Imported from Open Source Blacklist","GitHub_Raw_List","en","Global","dogfucker"
"doggie style","Imported from Open Source Blacklist","GitHub_Raw_List","en","Global","doggiestyle"
"doggie","Imported from Open Source Blacklist","GitHub_Raw_List","en","Global","doggie"
"doggin","Imported from Open Source Blacklist","GitHub_Raw_List","en","Global","doggin"
"dogging","Imported from Open Source Blacklist","GitHub_Raw_List","en","Global","dogging"
"doggy style","Imported from Open Source Blacklist","GitHub_Raw_List","en","Global","doggystyle"
"dolcett","Imported from Open Source Blacklist","GitHub_Raw_List","en","Global","dolcett"
"dominatricks","Imported from Open Source Blacklist","GitHub_Raw_List","en","Global","dominatricks"
"dominatrics","Imported from Open Source Blacklist","GitHub_Raw_List","en","Global","dominatrics"
"dominatrix","Imported from Open Source Blacklist","GitHub_Raw_List","en","Global","dominatrix"
"dommes","Imported from Open Source Blacklist","GitHub_Raw_List","en","Global","dommes"
"dong","Imported from Open Source Blacklist","GitHub_Raw_List","en","Global","dong"
"donkey punch","Imported from Open Source Blacklist","GitHub_Raw_List","en","Global","donkeypunch"
"donkeyribber","Imported from Open Source Blacklist","GitHub_Raw_List","en","Global","donkeyribber"
"doochbag","Imported from Open Source Blacklist","GitHub_Raw_List","en","Global","doochbag"
"doodoo","Imported from Open Source Blacklist","GitHub_Raw_List","en","Global","doodoo"
"doofus","Imported from Open Source Blacklist","GitHub_Raw_List","en","Global","doofus"
"dookie","Imported from Open Source Blacklist","GitHub_Raw_List","en","Global","dookie"
"doosh","Imported from Open Source Blacklist","GitHub_Raw_List","en","Global","doosh"
"dot head","Imported from Open Source Blacklist","GitHub_Raw_List","en","Global","dothead"
"dot heads","Imported from Open Source Blacklist","GitHub_Raw_List","en","Global","dotheads"
"double dong","Imported from Open Source Blacklist","GitHub_Raw_List","en","Global","doubledong"
"double penetration","Imported from Open Source Blacklist","GitHub_Raw_List","en","Global","doublepenetration"
"douch3","Imported from Open Source Blacklist","GitHub_Raw_List","en","Global","douch3"
"douche bag","Imported from Open Source Blacklist","GitHub_Raw_List","en","Global","douchebag"
"douche","Imported from Open Source Blacklist","GitHub_Raw_List","en","Global","douche"
"douche-fag","Imported from Open Source Blacklist","GitHub_Raw_List","en","Global","douchefag"
"douchebags","Imported from Open Source Blacklist","GitHub_Raw_List","en","Global","douchebags"
"douchewaffle","Imported from Open Source Blacklist","GitHub_Raw_List","en","Global","douchewaffle"
"douchey","Imported from Open Source Blacklist","GitHub_Raw_List","en","Global","douchey"
"dp action","Imported from Open Source Blacklist","GitHub_Raw_List","en","Global","dpaction"
"dragqueen","Imported from Open Source Blacklist","GitHub_Raw_List","en","Global","dragqueen"
"dragqween","Imported from Open Source Blacklist","GitHub_Raw_List","en","Global","dragqween"
"dripdick","Imported from Open Source Blacklist","GitHub_Raw_List","en","Global","dripdick"
"dry hump","Imported from Open Source Blacklist","GitHub_Raw_List","en","Global","dryhump"
"duche","Imported from Open Source Blacklist","GitHub_Raw_List","en","Global","duche"
"dudette","Imported from Open Source Blacklist","GitHub_Raw_List","en","Global","dudette"
"dumass","Imported from Open Source Blacklist","GitHub_Raw_List","en","Global","dumass"
"dumb ass","Imported from Open Source Blacklist","GitHub_Raw_List","en","Global","dumbass"
"dumbasses","Imported from Open Source Blacklist","GitHub_Raw_List","en","Global","dumbasses"
"dumbbitch","Imported from Open Source Blacklist","GitHub_Raw_List","en","Global","dumbbitch"
"dumbfuck","Imported from Open Source Blacklist","GitHub_Raw_List","en","Global","dumbfuck"
"dumbshit","Imported from Open Source Blacklist","GitHub_Raw_List","en","Global","dumbshit"
"dumshit","Imported from Open Source Blacklist","GitHub_Raw_List","en","Global","dumshit"
"dune coon","Imported from Open Source Blacklist","GitHub_Raw_List","en","Global","dunecoon"
"dune coons","Imported from Open Source Blacklist","GitHub_Raw_List","en","Global","dunecoons"
"dupa","Imported from Open Source Blacklist","GitHub_Raw_List","en","Global","dupa"
"dvda","Imported from Open Source Blacklist","GitHub_Raw_List","en","Global","dvda"
"dyefly","Imported from Open Source Blacklist","GitHub_Raw_List","en","Global","dyefly"
"dyke","Imported from Open Source Blacklist","GitHub_Raw_List","en","Global","dyke"
"dykes","Imported from Open Source Blacklist","GitHub_Raw_List","en","Global","dykes"
"dziwka","Imported from Open Source Blacklist","GitHub_Raw_List","en","Global","dziwka"
"earotics","Imported from Open Source Blacklist","GitHub_Raw_List","en","Global","earotics"
"easyslut","Imported from Open Source Blacklist","GitHub_Raw_List","en","Global","easyslut"
"eat my ass","Imported from Open Source Blacklist","GitHub_Raw_List","en","Global","eatmyass"
"eat my","Imported from Open Source Blacklist","GitHub_Raw_List","en","Global","eatmy"
"eatadick","Imported from Open Source Blacklist","GitHub_Raw_List","en","Global","eatadick"
"eatballs","Imported from Open Source Blacklist","GitHub_Raw_List","en","Global","eatballs"
"eathairpie","Imported from Open Source Blacklist","GitHub_Raw_List","en","Global","eathairpie"
"eatme","Imported from Open Source Blacklist","GitHub_Raw_List","en","Global","eatme"
"eatpussy","Imported from Open Source Blacklist","GitHub_Raw_List","en","Global","eatpussy"
"ecchi","Imported from Open Source Blacklist","GitHub_Raw_List","en","Global","ecchi"
"ejackulate","Imported from Open Source Blacklist","GitHub_Raw_List","en","Global","ejackulate"
"ejakulate","Imported from Open Source Blacklist","GitHub_Raw_List","en","Global","ejakulate"
"ekrem","Imported from Open Source Blacklist","GitHub_Raw_List","en","Global","ekrem"
"ekto","Imported from Open Source Blacklist","GitHub_Raw_List","en","Global","ekto"
"enculer","Imported from Open Source Blacklist","GitHub_Raw_List","en","Global","enculer"
"enema","Imported from Open Source Blacklist","GitHub_Raw_List","en","Global","enema"
"erection","Imported from Open Source Blacklist","GitHub_Raw_List","en","Global","erection"
"ero","Imported from Open Source Blacklist","GitHub_Raw_List","en","Global","ero"
"erotic","Imported from Open Source Blacklist","GitHub_Raw_List","en","Global","erotic"
"erotism","Imported from Open Source Blacklist","GitHub_Raw_List","en","Global","erotism"
"esqua","Imported from Open Source Blacklist","GitHub_Raw_List","en","Global","esqua"
"essohbee","Imported from Open Source Blacklist","GitHub_Raw_List","en","Global","essohbee"
"ethical slut","Imported from Open Source Blacklist","GitHub_Raw_List","en","Global","ethicalslut"
"evl","Imported from Open Source Blacklist","GitHub_Raw_List","en","Global","evl"
"excrement","Imported from Open Source Blacklist","GitHub_Raw_List","en","Global","excrement"
"exkwew","Imported from Open Source Blacklist","GitHub_Raw_List","en","Global","exkwew"
"extacy","Imported from Open Source Blacklist","GitHub_Raw_List","en","Global","extacy"
"extasy","Imported from Open Source Blacklist","GitHub_Raw_List","en","Global","extasy"
"f u c k e r","Imported from Open Source Blacklist","GitHub_Raw_List","en","Global","fucker"
"f u c k e","Imported from Open Source Blacklist","GitHub_Raw_List","en","Global","fucke"
"f u c k","Imported from Open Source Blacklist","GitHub_Raw_List","en","Global","fuck"
"f u k","Imported from Open Source Blacklist","GitHub_Raw_List","en","Global","fuk"
"f*ck","Imported from Open Source Blacklist","GitHub_Raw_List","en","Global","fck"
"f4nny","Imported from Open Source Blacklist","GitHub_Raw_List","en","Global","f4nny"
"f_u_c_k","Imported from Open Source Blacklist","GitHub_Raw_List","en","Global","f_u_c_k"
"facefucker","Imported from Open Source Blacklist","GitHub_Raw_List","en","Global","facefucker"
"fack","Imported from Open Source Blacklist","GitHub_Raw_List","en","Global","fack"
"faeces","Imported from Open Source Blacklist","GitHub_Raw_List","en","Global","faeces"
"faen","Imported from Open Source Blacklist","GitHub_Raw_List","en","Global","faen"
"fag","Imported from Open Source Blacklist","GitHub_Raw_List","en","Global","fag"
"fag1t","Imported from Open Source Blacklist","GitHub_Raw_List","en","Global","fag1t"
"fagbag","Imported from Open Source Blacklist","GitHub_Raw_List","en","Global","fagbag"
"faget","Imported from Open Source Blacklist","GitHub_Raw_List","en","Global","faget"
"fagfucker","Imported from Open Source Blacklist","GitHub_Raw_List","en","Global","fagfucker"
"fagg","Imported from Open Source Blacklist","GitHub_Raw_List","en","Global","fagg"
"fagg1t","Imported from Open Source Blacklist","GitHub_Raw_List","en","Global","fagg1t"
"fagged","Imported from Open Source Blacklist","GitHub_Raw_List","en","Global","fagged"
"fagging","Imported from Open Source Blacklist","GitHub_Raw_List","en","Global","fagging"
"faggit","Imported from Open Source Blacklist","GitHub_Raw_List","en","Global","faggit"
"faggitt","Imported from Open Source Blacklist","GitHub_Raw_List","en","Global","faggitt"
"faggot","Imported from Open Source Blacklist","GitHub_Raw_List","en","Global","faggot"
"faggotcock","Imported from Open Source Blacklist","GitHub_Raw_List","en","Global","faggotcock"
"faggs","Imported from Open Source Blacklist","GitHub_Raw_List","en","Global","faggs"
"fagit","Imported from Open Source Blacklist","GitHub_Raw_List","en","Global","fagit"
"fagot","Imported from Open Source Blacklist","GitHub_Raw_List","en","Global","fagot"
"fagots","Imported from Open Source Blacklist","GitHub_Raw_List","en","Global","fagots"
"fags","Imported from Open Source Blacklist","GitHub_Raw_List","en","Global","fags"
"fagt","Imported from Open Source Blacklist","GitHub_Raw_List","en","Global","fagt"
"fagtard","Imported from Open Source Blacklist","GitHub_Raw_List","en","Global","fagtard"
"fagz","Imported from Open Source Blacklist","GitHub_Raw_List","en","Global","fagz"
"faig","Imported from Open Source Blacklist","GitHub_Raw_List","en","Global","faig"
"faigs","Imported from Open Source Blacklist","GitHub_Raw_List","en","Global","faigs"
"faigt","Imported from Open Source Blacklist","GitHub_Raw_List","en","Global","faigt"
"fanculo","Imported from Open Source Blacklist","GitHub_Raw_List","en","Global","fanculo"
"fannybandit","Imported from Open Source Blacklist","GitHub_Raw_List","en","Global","fannybandit"
"fannyflaps","Imported from Open Source Blacklist","GitHub_Raw_List","en","Global","fannyflaps"
"fannyfucker","Imported from Open Source Blacklist","GitHub_Raw_List","en","Global","fannyfucker"
"fanyy","Imported from Open Source Blacklist","GitHub_Raw_List","en","Global","fanyy"
"fartknocker","Imported from Open Source Blacklist","GitHub_Raw_List","en","Global","fartknocker"
"fastfuck","Imported from Open Source Blacklist","GitHub_Raw_List","en","Global","fastfuck"
"fatah","Imported from Open Source Blacklist","GitHub_Raw_List","en","Global","fatah"
"fatfuck","Imported from Open Source Blacklist","GitHub_Raw_List","en","Global","fatfuck"
"fatfucker","Imported from Open Source Blacklist","GitHub_Raw_List","en","Global","fatfucker"
"fatso","Imported from Open Source Blacklist","GitHub_Raw_List","en","Global","fatso"
"fckcum","Imported from Open Source Blacklist","GitHub_Raw_List","en","Global","fckcum"
"fckd","Imported from Open Source Blacklist","GitHub_Raw_List","en","Global","fckd"
"fcuk","Imported from Open Source Blacklist","GitHub_Raw_List","en","Global","fcuk"
"fcuker","Imported from Open Source Blacklist","GitHub_Raw_List","en","Global","fcuker"
"fcuking","Imported from Open Source Blacklist","GitHub_Raw_List","en","Global","fcuking"
"fecal","Imported from Open Source Blacklist","GitHub_Raw_List","en","Global","fecal"
"feck","Imported from Open Source Blacklist","GitHub_Raw_List","en","Global","feck"
"fecker","Imported from Open Source Blacklist","GitHub_Raw_List","en","Global","fecker"
"feg","Imported from Open Source Blacklist","GitHub_Raw_List","en","Global","feg"
"felatio","Imported from Open Source Blacklist","GitHub_Raw_List","en","Global","felatio"
"felch","Imported from Open Source Blacklist","GitHub_Raw_List","en","Global","felch"
"felcher","Imported from Open Source Blacklist","GitHub_Raw_List","en","Global","felcher"
"felching","Imported from Open Source Blacklist","GitHub_Raw_List","en","Global","felching"
"fellate","Imported from Open Source Blacklist","GitHub_Raw_List","en","Global","fellate"
"fellatio","Imported from Open Source Blacklist","GitHub_Raw_List","en","Global","fellatio"
"feltch","Imported from Open Source Blacklist","GitHub_Raw_List","en","Global","feltch"
"feltcher","Imported from Open Source Blacklist","GitHub_Raw_List","en","Global","feltcher"
"feltching","Imported from Open Source Blacklist","GitHub_Raw_List","en","Global","feltching"
"female squirting","Imported from Open Source Blacklist","GitHub_Raw_List","en","Global","femalesquirting"
"femalesquirtin","Imported from Open Source Blacklist","GitHub_Raw_List","en","Global","femalesquirtin"
"femdom","Imported from Open Source Blacklist","GitHub_Raw_List","en","Global","femdom"
"fetish","Imported from Open Source Blacklist","GitHub_Raw_List","en","Global","fetish"
"ficken","Imported from Open Source Blacklist","GitHub_Raw_List","en","Global","ficken"
"figging","Imported from Open Source Blacklist","GitHub_Raw_List","en","Global","figging"
"fingerbang","Imported from Open Source Blacklist","GitHub_Raw_List","en","Global","fingerbang"
"fingerfood","Imported from Open Source Blacklist","GitHub_Raw_List","en","Global","fingerfood"
"fingerfuck","Imported from Open Source Blacklist","GitHub_Raw_List","en","Global","fingerfuck"
"fingerfucked","Imported from Open Source Blacklist","GitHub_Raw_List","en","Global","fingerfucked"
"fingerfucker","Imported from Open Source Blacklist","GitHub_Raw_List","en","Global","fingerfucker"
"fingerfuckers","Imported from Open Source Blacklist","GitHub_Raw_List","en","Global","fingerfuckers"
"fingerfucking","Imported from Open Source Blacklist","GitHub_Raw_List","en","Global","fingerfucking"
"fingerfucks","Imported from Open Source Blacklist","GitHub_Raw_List","en","Global","fingerfucks"
"fingering","Imported from Open Source Blacklist","GitHub_Raw_List","en","Global","fingering"
"fisted","Imported from Open Source Blacklist","GitHub_Raw_List","en","Global","fisted"
"fister","Imported from Open Source Blacklist","GitHub_Raw_List","en","Global","fister"
"fistfuck","Imported from Open Source Blacklist","GitHub_Raw_List","en","Global","fistfuck"
"fistfucked","Imported from Open Source Blacklist","GitHub_Raw_List","en","Global","fistfucked"
"fistfucker","Imported from Open Source Blacklist","GitHub_Raw_List","en","Global","fistfucker"
"fistfuckers","Imported from Open Source Blacklist","GitHub_Raw_List","en","Global","fistfuckers"
"fistfucking","Imported from Open Source Blacklist","GitHub_Raw_List","en","Global","fistfucking"
"fistfuckings","Imported from Open Source Blacklist","GitHub_Raw_List","en","Global","fistfuckings"
"fistfucks","Imported from Open Source Blacklist","GitHub_Raw_List","en","Global","fistfucks"
"fisting","Imported from Open Source Blacklist","GitHub_Raw_List","en","Global","fisting"
"fisty","Imported from Open Source Blacklist","GitHub_Raw_List","en","Global","fisty"
"fitt","Imported from Open Source Blacklist","GitHub_Raw_List","en","Global","fitt"
"flamer","Imported from Open Source Blacklist","GitHub_Raw_List","en","Global","flamer"
"flasher","Imported from Open Source Blacklist","GitHub_Raw_List","en","Global","flasher"
"flikker","Imported from Open Source Blacklist","GitHub_Raw_List","en","Global","flikker"
"flipping the bird","Imported from Open Source Blacklist","GitHub_Raw_List","en","Global","flippingthebird"
"flogthelog","Imported from Open Source Blacklist","GitHub_Raw_List","en","Global","flogthelog"
"floo","Imported from Open Source Blacklist","GitHub_Raw_List","en","Global","floo"
"floozy","Imported from Open Source Blacklist","GitHub_Raw_List","en","Global","floozy"
"flydie","Imported from Open Source Blacklist","GitHub_Raw_List","en","Global","flydie"
"flydye","Imported from Open Source Blacklist","GitHub_Raw_List","en","Global","flydye"
"foad","Imported from Open Source Blacklist","GitHub_Raw_List","en","Global","foad"
"fok","Imported from Open Source Blacklist","GitHub_Raw_List","en","Global","fok"
"fondle","Imported from Open Source Blacklist","GitHub_Raw_List","en","Global","fondle"
"foobar","Imported from Open Source Blacklist","GitHub_Raw_List","en","Global","foobar"
"fook","Imported from Open Source Blacklist","GitHub_Raw_List","en","Global","fook"
"fooker","Imported from Open Source Blacklist","GitHub_Raw_List","en","Global","fooker"
"foot fetish","Imported from Open Source Blacklist","GitHub_Raw_List","en","Global","footfetish"
"footaction","Imported from Open Source Blacklist","GitHub_Raw_List","en","Global","footaction"
"footfuck","Imported from Open Source Blacklist","GitHub_Raw_List","en","Global","footfuck"
"footfucker","Imported from Open Source Blacklist","GitHub_Raw_List","en","Global","footfucker"
"footjob","Imported from Open Source Blacklist","GitHub_Raw_List","en","Global","footjob"
"footlicker","Imported from Open Source Blacklist","GitHub_Raw_List","en","Global","footlicker"
"footstar","Imported from Open Source Blacklist","GitHub_Raw_List","en","Global","footstar"
"foreskin","Imported from Open Source Blacklist","GitHub_Raw_List","en","Global","foreskin"
"forni","Imported from Open Source Blacklist","GitHub_Raw_List","en","Global","forni"
"fornicate","Imported from Open Source Blacklist","GitHub_Raw_List","en","Global","fornicate"
"fotze","Imported from Open Source Blacklist","GitHub_Raw_List","en","Global","fotze"
"foursome","Imported from Open Source Blacklist","GitHub_Raw_List","en","Global","foursome"
"fourtwenty","Imported from Open Source Blacklist","GitHub_Raw_List","en","Global","fourtwenty"
"freakfuck","Imported from Open Source Blacklist","GitHub_Raw_List","en","Global","freakfuck"
"freakyfucker","Imported from Open Source Blacklist","GitHub_Raw_List","en","Global","freakyfucker"
"freefuck","Imported from Open Source Blacklist","GitHub_Raw_List","en","Global","freefuck"
"freex","Imported from Open Source Blacklist","GitHub_Raw_List","en","Global","freex"
"frigg","Imported from Open Source Blacklist","GitHub_Raw_List","en","Global","frigg"
"frigga","Imported from Open Source Blacklist","GitHub_Raw_List","en","Global","frigga"
"frigger","Imported from Open Source Blacklist","GitHub_Raw_List","en","Global","frigger"
"frotting","Imported from Open Source Blacklist","GitHub_Raw_List","en","Global","frotting"
"fucck","Imported from Open Source Blacklist","GitHub_Raw_List","en","Global","fucck"
"fuck-tard","Imported from Open Source Blacklist","GitHub_Raw_List","en","Global","fucktard"
"fucka","Imported from Open Source Blacklist","GitHub_Raw_List","en","Global","fucka"
"fuckable","Imported from Open Source Blacklist","GitHub_Raw_List","en","Global","fuckable"
"fuckass","Imported from Open Source Blacklist","GitHub_Raw_List","en","Global","fuckass"
"fuckbag","Imported from Open Source Blacklist","GitHub_Raw_List","en","Global","fuckbag"
"fuckbitch","Imported from Open Source Blacklist","GitHub_Raw_List","en","Global","fuckbitch"
"fuckbook","Imported from Open Source Blacklist","GitHub_Raw_List","en","Global","fuckbook"
"fuckboy","Imported from Open Source Blacklist","GitHub_Raw_List","en","Global","fuckboy"
"fuckbrain","Imported from Open Source Blacklist","GitHub_Raw_List","en","Global","fuckbrain"
"fuckbuddy","Imported from Open Source Blacklist","GitHub_Raw_List","en","Global","fuckbuddy"
"fuckbutt","Imported from Open Source Blacklist","GitHub_Raw_List","en","Global","fuckbutt"
"fuckd","Imported from Open Source Blacklist","GitHub_Raw_List","en","Global","fuckd"
"fucked","Imported from Open Source Blacklist","GitHub_Raw_List","en","Global","fucked"
"fuckedup","Imported from Open Source Blacklist","GitHub_Raw_List","en","Global","fuckedup"
"fuckers","Imported from Open Source Blacklist","GitHub_Raw_List","en","Global","fuckers"
"fuckersucker","Imported from Open Source Blacklist","GitHub_Raw_List","en","Global","fuckersucker"
"fuckface","Imported from Open Source Blacklist","GitHub_Raw_List","en","Global","fuckface"
"fuckfest","Imported from Open Source Blacklist","GitHub_Raw_List","en","Global","fuckfest"
"fuckfreak","Imported from Open Source Blacklist","GitHub_Raw_List","en","Global","fuckfreak"
"fuckfriend","Imported from Open Source Blacklist","GitHub_Raw_List","en","Global","fuckfriend"
"fuckhead","Imported from Open Source Blacklist","GitHub_Raw_List","en","Global","fuckhead"
"fuckheads","Imported from Open Source Blacklist","GitHub_Raw_List","en","Global","fuckheads"
"fuckher","Imported from Open Source Blacklist","GitHub_Raw_List","en","Global","fuckher"
"fuckhole","Imported from Open Source Blacklist","GitHub_Raw_List","en","Global","fuckhole"
"fuckin","Imported from Open Source Blacklist","GitHub_Raw_List","en","Global","fuckin"
"fuckina","Imported from Open Source Blacklist","GitHub_Raw_List","en","Global","fuckina"
"fucking","Imported from Open Source Blacklist","GitHub_Raw_List","en","Global","fucking"
"fuckingbitch","Imported from Open Source Blacklist","GitHub_Raw_List","en","Global","fuckingbitch"
"fuckings","Imported from Open Source Blacklist","GitHub_Raw_List","en","Global","fuckings"
"fuckingshitmotherfucker","Imported from Open Source Blacklist","GitHub_Raw_List","en","Global","fuckingshitmotherfucker"
"fuckinnuts","Imported from Open Source Blacklist","GitHub_Raw_List","en","Global","fuckinnuts"
"fuckinright","Imported from Open Source Blacklist","GitHub_Raw_List","en","Global","fuckinright"
"fuckit","Imported from Open Source Blacklist","GitHub_Raw_List","en","Global","fuckit"
"fuckknob","Imported from Open Source Blacklist","GitHub_Raw_List","en","Global","fuckknob"
"fuckme","Imported from Open Source Blacklist","GitHub_Raw_List","en","Global","fuckme"
"fuckmeat","Imported from Open Source Blacklist","GitHub_Raw_List","en","Global","fuckmeat"
"fuckmehard","Imported from Open Source Blacklist","GitHub_Raw_List","en","Global","fuckmehard"
"fuckmonkey","Imported from Open Source Blacklist","GitHub_Raw_List","en","Global","fuckmonkey"
"fuckn","Imported from Open Source Blacklist","GitHub_Raw_List","en","Global","fuckn"
"fucknugget","Imported from Open Source Blacklist","GitHub_Raw_List","en","Global","fucknugget"
"fucknut","Imported from Open Source Blacklist","GitHub_Raw_List","en","Global","fucknut"
"fucknuts","Imported from Open Source Blacklist","GitHub_Raw_List","en","Global","fucknuts"
"fucknutt","Imported from Open Source Blacklist","GitHub_Raw_List","en","Global","fucknutt"
"fucknutz","Imported from Open Source Blacklist","GitHub_Raw_List","en","Global","fucknutz"
"fuckoff","Imported from Open Source Blacklist","GitHub_Raw_List","en","Global","fuckoff"
"fuckpig","Imported from Open Source Blacklist","GitHub_Raw_List","en","Global","fuckpig"
"fuckpuppet","Imported from Open Source Blacklist","GitHub_Raw_List","en","Global","fuckpuppet"
"fuckr","Imported from Open Source Blacklist","GitHub_Raw_List","en","Global","fuckr"
"fucks","Imported from Open Source Blacklist","GitHub_Raw_List","en","Global","fucks"
"fuckstick","Imported from Open Source Blacklist","GitHub_Raw_List","en","Global","fuckstick"
"fucktards","Imported from Open Source Blacklist","GitHub_Raw_List","en","Global","fucktards"
"fucktoy","Imported from Open Source Blacklist","GitHub_Raw_List","en","Global","fucktoy"
"fucktrophy","Imported from Open Source Blacklist","GitHub_Raw_List","en","Global","fucktrophy"
"fuckup","Imported from Open Source Blacklist","GitHub_Raw_List","en","Global","fuckup"
"fuckwad","Imported from Open Source Blacklist","GitHub_Raw_List","en","Global","fuckwad"
"fuckwhit","Imported from Open Source Blacklist","GitHub_Raw_List","en","Global","fuckwhit"
"fuckwhore","Imported from Open Source Blacklist","GitHub_Raw_List","en","Global","fuckwhore"
"fuckwit","Imported from Open Source Blacklist","GitHub_Raw_List","en","Global","fuckwit"
"fuckwitt","Imported from Open Source Blacklist","GitHub_Raw_List","en","Global","fuckwitt"
"fuckyomama","Imported from Open Source Blacklist","GitHub_Raw_List","en","Global","fuckyomama"
"fuckyou","Imported from Open Source Blacklist","GitHub_Raw_List","en","Global","fuckyou"
"fudge packer","Imported from Open Source Blacklist","GitHub_Raw_List","en","Global","fudgepacker"
"fugly","Imported from Open Source Blacklist","GitHub_Raw_List","en","Global","fugly"
"fukah","Imported from Open Source Blacklist","GitHub_Raw_List","en","Global","fukah"
"fuken","Imported from Open Source Blacklist","GitHub_Raw_List","en","Global","fuken"
"fuker","Imported from Open Source Blacklist","GitHub_Raw_List","en","Global","fuker"
"fukin","Imported from Open Source Blacklist","GitHub_Raw_List","en","Global","fukin"
"fuking","Imported from Open Source Blacklist","GitHub_Raw_List","en","Global","fuking"
"fukk","Imported from Open Source Blacklist","GitHub_Raw_List","en","Global","fukk"
"fukkah","Imported from Open Source Blacklist","GitHub_Raw_List","en","Global","fukkah"
"fukken","Imported from Open Source Blacklist","GitHub_Raw_List","en","Global","fukken"
"fukker","Imported from Open Source Blacklist","GitHub_Raw_List","en","Global","fukker"
"fukkin","Imported from Open Source Blacklist","GitHub_Raw_List","en","Global","fukkin"
"fukking","Imported from Open Source Blacklist","GitHub_Raw_List","en","Global","fukking"
"fuks","Imported from Open Source Blacklist","GitHub_Raw_List","en","Global","fuks"
"fuktard","Imported from Open Source Blacklist","GitHub_Raw_List","en","Global","fuktard"
"fuktards","Imported from Open Source Blacklist","GitHub_Raw_List","en","Global","fuktards"
"fukwhit","Imported from Open Source Blacklist","GitHub_Raw_List","en","Global","fukwhit"
"fukwit","Imported from Open Source Blacklist","GitHub_Raw_List","en","Global","fukwit"
"funfuck","Imported from Open Source Blacklist","GitHub_Raw_List","en","Global","funfuck"
"futanari","Imported from Open Source Blacklist","GitHub_Raw_List","en","Global","futanari"
"futanary","Imported from Open Source Blacklist","GitHub_Raw_List","en","Global","futanary"
"futkretzn","Imported from Open Source Blacklist","GitHub_Raw_List","en","Global","futkretzn"
"fuuck","Imported from Open Source Blacklist","GitHub_Raw_List","en","Global","fuuck"
"fux","Imported from Open Source Blacklist","GitHub_Raw_List","en","Global","fux"
"fux0r","Imported from Open Source Blacklist","GitHub_Raw_List","en","Global","fux0r"
"fuxor","Imported from Open Source Blacklist","GitHub_Raw_List","en","Global","fuxor"
"fvck","Imported from Open Source Blacklist","GitHub_Raw_List","en","Global","fvck"
"fvk","Imported from Open Source Blacklist","GitHub_Raw_List","en","Global","fvk"
"fxck","Imported from Open Source Blacklist","GitHub_Raw_List","en","Global","fxck"
"g-spot","Imported from Open Source Blacklist","GitHub_Raw_List","en","Global","gspot"
"g00k","Imported from Open Source Blacklist","GitHub_Raw_List","en","Global","g00k"
"gae","Imported from Open Source Blacklist","GitHub_Raw_List","en","Global","gae"
"gai","Imported from Open Source Blacklist","GitHub_Raw_List","en","Global","gai"
"gang bang","Imported from Open Source Blacklist","GitHub_Raw_List","en","Global","gangbang"
"gangbanged","Imported from Open Source Blacklist","GitHub_Raw_List","en","Global","gangbanged"
"gangbanger","Imported from Open Source Blacklist","GitHub_Raw_List","en","Global","gangbanger"
"gangbangs","Imported from Open Source Blacklist","GitHub_Raw_List","en","Global","gangbangs"
"ganja","Imported from Open Source Blacklist","GitHub_Raw_List","en","Global","ganja"
"gassyass","Imported from Open Source Blacklist","GitHub_Raw_List","en","Global","gassyass"
"gator bait","Imported from Open Source Blacklist","GitHub_Raw_List","en","Global","gatorbait"
"gay sex","Imported from Open Source Blacklist","GitHub_Raw_List","en","Global","gaysex"
"gayass","Imported from Open Source Blacklist","GitHub_Raw_List","en","Global","gayass"
"gaybob","Imported from Open Source Blacklist","GitHub_Raw_List","en","Global","gaybob"
"gayboy","Imported from Open Source Blacklist","GitHub_Raw_List","en","Global","gayboy"
"gaydo","Imported from Open Source Blacklist","GitHub_Raw_List","en","Global","gaydo"
"gaygirl","Imported from Open Source Blacklist","GitHub_Raw_List","en","Global","gaygirl"
"gaylord","Imported from Open Source Blacklist","GitHub_Raw_List","en","Global","gaylord"
"gaymuthafuckinwhore","Imported from Open Source Blacklist","GitHub_Raw_List","en","Global","gaymuthafuckinwhore"
"gays","Imported from Open Source Blacklist","GitHub_Raw_List","en","Global","gays"
"gaytard","Imported from Open Source Blacklist","GitHub_Raw_List","en","Global","gaytard"
"gaywad","Imported from Open Source Blacklist","GitHub_Raw_List","en","Global","gaywad"
"gayz","Imported from Open Source Blacklist","GitHub_Raw_List","en","Global","gayz"
"geezer","Imported from Open Source Blacklist","GitHub_Raw_List","en","Global","geezer"
"geni","Imported from Open Source Blacklist","GitHub_Raw_List","en","Global","geni"
"genital","Imported from Open Source Blacklist","GitHub_Raw_List","en","Global","genital"
"genitals","Imported from Open Source Blacklist","GitHub_Raw_List","en","Global","genitals"
"getiton","Imported from Open Source Blacklist","GitHub_Raw_List","en","Global","getiton"
"gey","Imported from Open Source Blacklist","GitHub_Raw_List","en","Global","gey"
"gfy","Imported from Open Source Blacklist","GitHub_Raw_List","en","Global","gfy"
"ghay","Imported from Open Source Blacklist","GitHub_Raw_List","en","Global","ghay"
"ghey","Imported from Open Source Blacklist","GitHub_Raw_List","en","Global","ghey"
"giant cock","Imported from Open Source Blacklist","GitHub_Raw_List","en","Global","giantcock"
"gigolo","Imported from Open Source Blacklist","GitHub_Raw_List","en","Global","gigolo"
"ginzo","Imported from Open Source Blacklist","GitHub_Raw_List","en","Global","ginzo"
"ginzos","Imported from Open Source Blacklist","GitHub_Raw_List","en","Global","ginzos"
"gipp","Imported from Open Source Blacklist","GitHub_Raw_List","en","Global","gipp"
"gippo","Imported from Open Source Blacklist","GitHub_Raw_List","en","Global","gippo"
"gippos","Imported from Open Source Blacklist","GitHub_Raw_List","en","Global","gippos"
"gipps","Imported from Open Source Blacklist","GitHub_Raw_List","en","Global","gipps"
"girl on top","Imported from Open Source Blacklist","GitHub_Raw_List","en","Global","girlontop"
"girl on","Imported from Open Source Blacklist","GitHub_Raw_List","en","Global","girlon"
"girls gone wild","Imported from Open Source Blacklist","GitHub_Raw_List","en","Global","girlsgonewild"
"givehead","Imported from Open Source Blacklist","GitHub_Raw_List","en","Global","givehead"
"glans","Imported from Open Source Blacklist","GitHub_Raw_List","en","Global","glans"
"glazeddonut","Imported from Open Source Blacklist","GitHub_Raw_List","en","Global","glazeddonut"
"goatcx","Imported from Open Source Blacklist","GitHub_Raw_List","en","Global","goatcx"
"goatse","Imported from Open Source Blacklist","GitHub_Raw_List","en","Global","goatse"
"god dammit","Imported from Open Source Blacklist","GitHub_Raw_List","en","Global","goddammit"
"god damn","Imported from Open Source Blacklist","GitHub_Raw_List","en","Global","goddamn"
"god damnit","Imported from Open Source Blacklist","GitHub_Raw_List","en","Global","goddamnit"
"god-dam","Imported from Open Source Blacklist","GitHub_Raw_List","en","Global","goddam"
"god-damned","Imported from Open Source Blacklist","GitHub_Raw_List","en","Global","goddamned"
"godam","Imported from Open Source Blacklist","GitHub_Raw_List","en","Global","godam"
"godammit","Imported from Open Source Blacklist","GitHub_Raw_List","en","Global","godammit"
"godamn","Imported from Open Source Blacklist","GitHub_Raw_List","en","Global","godamn"
"godamnit","Imported from Open Source Blacklist","GitHub_Raw_List","en","Global","godamnit"
"goddamit","Imported from Open Source Blacklist","GitHub_Raw_List","en","Global","goddamit"
"goddamm","Imported from Open Source Blacklist","GitHub_Raw_List","en","Global","goddamm"
"goddamnes","Imported from Open Source Blacklist","GitHub_Raw_List","en","Global","goddamnes"
"goddamnmuthafucker","Imported from Open Source Blacklist","GitHub_Raw_List","en","Global","goddamnmuthafucker"
"godsdamn","Imported from Open Source Blacklist","GitHub_Raw_List","en","Global","godsdamn"
"gokkun","Imported from Open Source Blacklist","GitHub_Raw_List","en","Global","gokkun"
"golden shower","Imported from Open Source Blacklist","GitHub_Raw_List","en","Global","goldenshower"
"golliwog","Imported from Open Source Blacklist","GitHub_Raw_List","en","Global","golliwog"
"golliwogs","Imported from Open Source Blacklist","GitHub_Raw_List","en","Global","golliwogs"
"gonad","Imported from Open Source Blacklist","GitHub_Raw_List","en","Global","gonad"
"gonads","Imported from Open Source Blacklist","GitHub_Raw_List","en","Global","gonads"
"gonorrehea","Imported from Open Source Blacklist","GitHub_Raw_List","en","Global","gonorrehea"
"gonzagas","Imported from Open Source Blacklist","GitHub_Raw_List","en","Global","gonzagas"
"goo girl","Imported from Open Source Blacklist","GitHub_Raw_List","en","Global","googirl"
"gooch","Imported from Open Source Blacklist","GitHub_Raw_List","en","Global","gooch"
"goodpoop","Imported from Open Source Blacklist","GitHub_Raw_List","en","Global","goodpoop"
"gook eye","Imported from Open Source Blacklist","GitHub_Raw_List","en","Global","gookeye"
"gook eyes","Imported from Open Source Blacklist","GitHub_Raw_List","en","Global","gookeyes"
"gook","Imported from Open Source Blacklist","GitHub_Raw_List","en","Global","gook"
"gookies","Imported from Open Source Blacklist","GitHub_Raw_List","en","Global","gookies"
"gooks","Imported from Open Source Blacklist","GitHub_Raw_List","en","Global","gooks"
"gooky","Imported from Open Source Blacklist","GitHub_Raw_List","en","Global","gooky"
"gora","Imported from Open Source Blacklist","GitHub_Raw_List","en","Global","gora"
"goras","Imported from Open Source Blacklist","GitHub_Raw_List","en","Global","goras"
"goregasm","Imported from Open Source Blacklist","GitHub_Raw_List","en","Global","goregasm"
"gotohell","Imported from Open Source Blacklist","GitHub_Raw_List","en","Global","gotohell"
"goy","Imported from Open Source Blacklist","GitHub_Raw_List","en","Global","goy"
"goyim","Imported from Open Source Blacklist","GitHub_Raw_List","en","Global","goyim"
"greaseball","Imported from Open Source Blacklist","GitHub_Raw_List","en","Global","greaseball"
"greaseballs","Imported from Open Source Blacklist","GitHub_Raw_List","en","Global","greaseballs"
"groe","Imported from Open Source Blacklist","GitHub_Raw_List","en","Global","groe"
"groid","Imported from Open Source Blacklist","GitHub_Raw_List","en","Global","groid"
"groids","Imported from Open Source Blacklist","GitHub_Raw_List","en","Global","groids"
"grope","Imported from Open Source Blacklist","GitHub_Raw_List","en","Global","grope"
"grostulation","Imported from Open Source Blacklist","GitHub_Raw_List","en","Global","grostulation"
"group sex","Imported from Open Source Blacklist","GitHub_Raw_List","en","Global","groupsex"
"gstring","Imported from Open Source Blacklist","GitHub_Raw_List","en","Global","gstring"
"gub","Imported from Open Source Blacklist","GitHub_Raw_List","en","Global","gub"
"gubba","Imported from Open Source Blacklist","GitHub_Raw_List","en","Global","gubba"
"gubbas","Imported from Open Source Blacklist","GitHub_Raw_List","en","Global","gubbas"
"gubs","Imported from Open Source Blacklist","GitHub_Raw_List","en","Global","gubs"
"guido","Imported from Open Source Blacklist","GitHub_Raw_List","en","Global","guido"
"guiena","Imported from Open Source Blacklist","GitHub_Raw_List","en","Global","guiena"
"guineas","Imported from Open Source Blacklist","GitHub_Raw_List","en","Global","guineas"
"guizi","Imported from Open Source Blacklist","GitHub_Raw_List","en","Global","guizi"
"gummer","Imported from Open Source Blacklist","GitHub_Raw_List","en","Global","gummer"
"guro","Imported from Open Source Blacklist","GitHub_Raw_List","en","Global","guro"
"gwailo","Imported from Open Source Blacklist","GitHub_Raw_List","en","Global","gwailo"
"gwailos","Imported from Open Source Blacklist","GitHub_Raw_List","en","Global","gwailos"
"gweilo","Imported from Open Source Blacklist","GitHub_Raw_List","en","Global","gweilo"
"gweilos","Imported from Open Source Blacklist","GitHub_Raw_List","en","Global","gweilos"
"gyopo","Imported from Open Source Blacklist","GitHub_Raw_List","en","Global","gyopo"
"gyopos","Imported from Open Source Blacklist","GitHub_Raw_List","en","Global","gyopos"
"gyp","Imported from Open Source Blacklist","GitHub_Raw_List","en","Global","gyp"
"gyped","Imported from Open Source Blacklist","GitHub_Raw_List","en","Global","gyped"
"gypo","Imported from Open Source Blacklist","GitHub_Raw_List","en","Global","gypo"
"gypos","Imported from Open Source Blacklist","GitHub_Raw_List","en","Global","gypos"
"gypp","Imported from Open Source Blacklist","GitHub_Raw_List","en","Global","gypp"
"gypped","Imported from Open Source Blacklist","GitHub_Raw_List","en","Global","gypped"
"gyppie","Imported from Open Source Blacklist","GitHub_Raw_List","en","Global","gyppie"
"gyppies","Imported from Open Source Blacklist","GitHub_Raw_List","en","Global","gyppies"
"gyppo","Imported from Open Source Blacklist","GitHub_Raw_List","en","Global","gyppo"
"gyppos","Imported from Open Source Blacklist","GitHub_Raw_List","en","Global","gyppos"
"gyppy","Imported from Open Source Blacklist","GitHub_Raw_List","en","Global","gyppy"
"gyppys","Imported from Open Source Blacklist","GitHub_Raw_List","en","Global","gyppys"
"gypsys","Imported from Open Source Blacklist","GitHub_Raw_List","en","Global","gypsys"
"h e l l","Imported from Open Source Blacklist","GitHub_Raw_List","en","Global","hell"
"h o m","Imported from Open Source Blacklist","GitHub_Raw_List","en","Global","hom"
"h00r","Imported from Open Source Blacklist","GitHub_Raw_List","en","Global","h00r"
"h0ar","Imported from Open Source Blacklist","GitHub_Raw_List","en","Global","h0ar"
"h0m0","Imported from Open Source Blacklist","GitHub_Raw_List","en","Global","h0m0"
"h0mo","Imported from Open Source Blacklist","GitHub_Raw_List","en","Global","h0mo"
"h0r","Imported from Open Source Blacklist","GitHub_Raw_List","en","Global","h0r"
"h0re","Imported from Open Source Blacklist","GitHub_Raw_List","en","Global","h0re"
"h4x0r","Imported from Open Source Blacklist","GitHub_Raw_List","en","Global","h4x0r"
"hadji","Imported from Open Source Blacklist","GitHub_Raw_List","en","Global","hadji"
"hadjis","Imported from Open Source Blacklist","GitHub_Raw_List","en","Global","hadjis"
"hairyback","Imported from Open Source Blacklist","GitHub_Raw_List","en","Global","hairyback"
"hairybacks","Imported from Open Source Blacklist","GitHub_Raw_List","en","Global","hairybacks"
"haji","Imported from Open Source Blacklist","GitHub_Raw_List","en","Global","haji"
"hajis","Imported from Open Source Blacklist","GitHub_Raw_List","en","Global","hajis"
"hajji","Imported from Open Source Blacklist","GitHub_Raw_List","en","Global","hajji"
"hajjis","Imported from Open Source Blacklist","GitHub_Raw_List","en","Global","hajjis"
"half breed","Imported from Open Source Blacklist","GitHub_Raw_List","en","Global","halfbreed"
"half caste","Imported from Open Source Blacklist","GitHub_Raw_List","en","Global","halfcaste"
"hamas","Imported from Open Source Blacklist","GitHub_Raw_List","en","Global","hamas"
"hamflap","Imported from Open Source Blacklist","GitHub_Raw_List","en","Global","hamflap"
"hand job","Imported from Open Source Blacklist","GitHub_Raw_List","en","Global","handjob"
"haole","Imported from Open Source Blacklist","GitHub_Raw_List","en","Global","haole"
"haoles","Imported from Open Source Blacklist","GitHub_Raw_List","en","Global","haoles"
"hapa","Imported from Open Source Blacklist","GitHub_Raw_List","en","Global","hapa"
"hard core","Imported from Open Source Blacklist","GitHub_Raw_List","en","Global","hardcore"
"hardcoresex","Imported from Open Source Blacklist","GitHub_Raw_List","en","Global","hardcoresex"
"hardon","Imported from Open Source Blacklist","GitHub_Raw_List","en","Global","hardon"
"he11","Imported from Open Source Blacklist","GitHub_Raw_List","en","Global","he11"
"headfuck","Imported from Open Source Blacklist","GitHub_Raw_List","en","Global","headfuck"
"hebe","Imported from Open Source Blacklist","GitHub_Raw_List","en","Global","hebe"
"hebes","Imported from Open Source Blacklist","GitHub_Raw_List","en","Global","hebes"
"heeb","Imported from Open Source Blacklist","GitHub_Raw_List","en","Global","heeb"
"heebs","Imported from Open Source Blacklist","GitHub_Raw_List","en","Global","heebs"
"hells","Imported from Open Source Blacklist","GitHub_Raw_List","en","Global","hells"
"helvete","Imported from Open Source Blacklist","GitHub_Raw_List","en","Global","helvete"
"hentai","Imported from Open Source Blacklist","GitHub_Raw_List","en","Global","hentai"
"heroin","Imported from Open Source Blacklist","GitHub_Raw_List","en","Global","heroin"
"herp","Imported from Open Source Blacklist","GitHub_Raw_List","en","Global","herp"
"herpes","Imported from Open Source Blacklist","GitHub_Raw_List","en","Global","herpes"
"herpy","Imported from Open Source Blacklist","GitHub_Raw_List","en","Global","herpy"
"heshe","Imported from Open Source Blacklist","GitHub_Raw_List","en","Global","heshe"
"hijacking","Imported from Open Source Blacklist","GitHub_Raw_List","en","Global","hijacking"
"hillbillies","Imported from Open Source Blacklist","GitHub_Raw_List","en","Global","hillbillies"
"hillbilly","Imported from Open Source Blacklist","GitHub_Raw_List","en","Global","hillbilly"
"hindoo","Imported from Open Source Blacklist","GitHub_Raw_List","en","Global","hindoo"
"hiscock","Imported from Open Source Blacklist","GitHub_Raw_List","en","Global","hiscock"
"hitler","Imported from Open Source Blacklist","GitHub_Raw_List","en","Global","hitler"
"hitlerism","Imported from Open Source Blacklist","GitHub_Raw_List","en","Global","hitlerism"
"hitlerist","Imported from Open Source Blacklist","GitHub_Raw_List","en","Global","hitlerist"
"hoare","Imported from Open Source Blacklist","GitHub_Raw_List","en","Global","hoare"
"hobag","Imported from Open Source Blacklist","GitHub_Raw_List","en","Global","hobag"
"hodgie","Imported from Open Source Blacklist","GitHub_Raw_List","en","Global","hodgie"
"hoer","Imported from Open Source Blacklist","GitHub_Raw_List","en","Global","hoer"
"hoes","Imported from Open Source Blacklist","GitHub_Raw_List","en","Global","hoes"
"holestuffer","Imported from Open Source Blacklist","GitHub_Raw_List","en","Global","holestuffer"
"hom0","Imported from Open Source Blacklist","GitHub_Raw_List","en","Global","hom0"
"homo","Imported from Open Source Blacklist","GitHub_Raw_List","en","Global","homo"
"homobangers","Imported from Open Source Blacklist","GitHub_Raw_List","en","Global","homobangers"
"homodumbshit","Imported from Open Source Blacklist","GitHub_Raw_List","en","Global","homodumbshit"
"homoey","Imported from Open Source Blacklist","GitHub_Raw_List","en","Global","homoey"
"honger","Imported from Open Source Blacklist","GitHub_Raw_List","en","Global","honger"
"honkers","Imported from Open Source Blacklist","GitHub_Raw_List","en","Global","honkers"
"honkey","Imported from Open Source Blacklist","GitHub_Raw_List","en","Global","honkey"
"honkeys","Imported from Open Source Blacklist","GitHub_Raw_List","en","Global","honkeys"
"honkie","Imported from Open Source Blacklist","GitHub_Raw_List","en","Global","honkie"
"honkies","Imported from Open Source Blacklist","GitHub_Raw_List","en","Global","honkies"
"honky","Imported from Open Source Blacklist","GitHub_Raw_List","en","Global","honky"
"hooch","Imported from Open Source Blacklist","GitHub_Raw_List","en","Global","hooch"
"hooker","Imported from Open Source Blacklist","GitHub_Raw_List","en","Global","hooker"
"hookers","Imported from Open Source Blacklist","GitHub_Raw_List","en","Global","hookers"
"hoor","Imported from Open Source Blacklist","GitHub_Raw_List","en","Global","hoor"
"hoore","Imported from Open Source Blacklist","GitHub_Raw_List","en","Global","hoore"
"hootch","Imported from Open Source Blacklist","GitHub_Raw_List","en","Global","hootch"
"hooter","Imported from Open Source Blacklist","GitHub_Raw_List","en","Global","hooter"
"hooters","Imported from Open Source Blacklist","GitHub_Raw_List","en","Global","hooters"
"hore","Imported from Open Source Blacklist","GitHub_Raw_List","en","Global","hore"
"hori","Imported from Open Source Blacklist","GitHub_Raw_List","en","Global","hori"
"horis","Imported from Open Source Blacklist","GitHub_Raw_List","en","Global","horis"
"hork","Imported from Open Source Blacklist","GitHub_Raw_List","en","Global","hork"
"horndawg","Imported from Open Source Blacklist","GitHub_Raw_List","en","Global","horndawg"
"horndog","Imported from Open Source Blacklist","GitHub_Raw_List","en","Global","horndog"
"horney","Imported from Open Source Blacklist","GitHub_Raw_List","en","Global","horney"
"horniest","Imported from Open Source Blacklist","GitHub_Raw_List","en","Global","horniest"
"horny","Imported from Open Source Blacklist","GitHub_Raw_List","en","Global","horny"
"horseshit","Imported from Open Source Blacklist","GitHub_Raw_List","en","Global","horseshit"
"hosejob","Imported from Open Source Blacklist","GitHub_Raw_List","en","Global","hosejob"
"hoser","Imported from Open Source Blacklist","GitHub_Raw_List","en","Global","hoser"
"hot carl","Imported from Open Source Blacklist","GitHub_Raw_List","en","Global","hotcarl"
"hot chick","Imported from Open Source Blacklist","GitHub_Raw_List","en","Global","hotchick"
"hotdamn","Imported from Open Source Blacklist","GitHub_Raw_List","en","Global","hotdamn"
"hotpussy","Imported from Open Source Blacklist","GitHub_Raw_List","en","Global","hotpussy"
"hotsex","Imported from Open Source Blacklist","GitHub_Raw_List","en","Global","hotsex"
"hottotrot","Imported from Open Source Blacklist","GitHub_Raw_List","en","Global","hottotrot"
"how to kill","Imported from Open Source Blacklist","GitHub_Raw_List","en","Global","howtokill"
"how to murder","Imported from Open Source Blacklist","GitHub_Raw_List","en","Global","howtomurder"
"howtomurdep","Imported from Open Source Blacklist","GitHub_Raw_List","en","Global","howtomurdep"
"huevon","Imported from Open Source Blacklist","GitHub_Raw_List","en","Global","huevon"
"huge fat","Imported from Open Source Blacklist","GitHub_Raw_List","en","Global","hugefat"
"hui","Imported from Open Source Blacklist","GitHub_Raw_List","en","Global","hui"
"hummer","Imported from Open Source Blacklist","GitHub_Raw_List","en","Global","hummer"
"humped","Imported from Open Source Blacklist","GitHub_Raw_List","en","Global","humped"
"humper","Imported from Open Source Blacklist","GitHub_Raw_List","en","Global","humper"
"humpher","Imported from Open Source Blacklist","GitHub_Raw_List","en","Global","humpher"
"humphim","Imported from Open Source Blacklist","GitHub_Raw_List","en","Global","humphim"
"humpin","Imported from Open Source Blacklist","GitHub_Raw_List","en","Global","humpin"
"humping","Imported from Open Source Blacklist","GitHub_Raw_List","en","Global","humping"
"hussy","Imported from Open Source Blacklist","GitHub_Raw_List","en","Global","hussy"
"hustler","Imported from Open Source Blacklist","GitHub_Raw_List","en","Global","hustler"
"hymen","Imported from Open Source Blacklist","GitHub_Raw_List","en","Global","hymen"
"hymie","Imported from Open Source Blacklist","GitHub_Raw_List","en","Global","hymie"
"hymies","Imported from Open Source Blacklist","GitHub_Raw_List","en","Global","hymies"
"iblowu","Imported from Open Source Blacklist","GitHub_Raw_List","en","Global","iblowu"
"ike","Imported from Open Source Blacklist","GitHub_Raw_List","en","Global","ike"
"ikes","Imported from Open Source Blacklist","GitHub_Raw_List","en","Global","ikes"
"ikey","Imported from Open Source Blacklist","GitHub_Raw_List","en","Global","ikey"
"ikeymo","Imported from Open Source Blacklist","GitHub_Raw_List","en","Global","ikeymo"
"ikeymos","Imported from Open Source Blacklist","GitHub_Raw_List","en","Global","ikeymos"
"ikwe","Imported from Open Source Blacklist","GitHub_Raw_List","en","Global","ikwe"
"illegals","Imported from Open Source Blacklist","GitHub_Raw_List","en","Global","illegals"
"incest","Imported from Open Source Blacklist","GitHub_Raw_List","en","Global","incest"
"indon","Imported from Open Source Blacklist","GitHub_Raw_List","en","Global","indon"
"indons","Imported from Open Source Blacklist","GitHub_Raw_List","en","Global","indons"
"injun","Imported from Open Source Blacklist","GitHub_Raw_List","en","Global","injun"
"injuns","Imported from Open Source Blacklist","GitHub_Raw_List","en","Global","injuns"
"insest","Imported from Open Source Blacklist","GitHub_Raw_List","en","Global","insest"
"intercourse","Imported from Open Source Blacklist","GitHub_Raw_List","en","Global","intercourse"
"intheass","Imported from Open Source Blacklist","GitHub_Raw_List","en","Global","intheass"
"inthebuff","Imported from Open Source Blacklist","GitHub_Raw_List","en","Global","inthebuff"
"israels","Imported from Open Source Blacklist","GitHub_Raw_List","en","Global","israels"
"j3rk0ff","Imported from Open Source Blacklist","GitHub_Raw_List","en","Global","j3rk0ff"
"jack off","Imported from Open Source Blacklist","GitHub_Raw_List","en","Global","jackoff"
"jackhole","Imported from Open Source Blacklist","GitHub_Raw_List","en","Global","jackhole"
"jackshit","Imported from Open Source Blacklist","GitHub_Raw_List","en","Global","jackshit"
"jacktheripper","Imported from Open Source Blacklist","GitHub_Raw_List","en","Global","jacktheripper"
"jail bait","Imported from Open Source Blacklist","GitHub_Raw_List","en","Global","jailbait"
"jap","Imported from Open Source Blacklist","GitHub_Raw_List","en","Global","jap"
"japcrap","Imported from Open Source Blacklist","GitHub_Raw_List","en","Global","japcrap"
"japie","Imported from Open Source Blacklist","GitHub_Raw_List","en","Global","japie"
"japies","Imported from Open Source Blacklist","GitHub_Raw_List","en","Global","japies"
"japs","Imported from Open Source Blacklist","GitHub_Raw_List","en","Global","japs"
"jebus","Imported from Open Source Blacklist","GitHub_Raw_List","en","Global","jebus"
"jelly donut","Imported from Open Source Blacklist","GitHub_Raw_List","en","Global","jellydonut"
"jerk off","Imported from Open Source Blacklist","GitHub_Raw_List","en","Global","jerkoff"
"jerk0ff","Imported from Open Source Blacklist","GitHub_Raw_List","en","Global","jerk0ff"
"jerked","Imported from Open Source Blacklist","GitHub_Raw_List","en","Global","jerked"
"jerries","Imported from Open Source Blacklist","GitHub_Raw_List","en","Global","jerries"
"jerry","Imported from Open Source Blacklist","GitHub_Raw_List","en","Global","jerry"
"jewboy","Imported from Open Source Blacklist","GitHub_Raw_List","en","Global","jewboy"
"jewed","Imported from Open Source Blacklist","GitHub_Raw_List","en","Global","jewed"
"jewess","Imported from Open Source Blacklist","GitHub_Raw_List","en","Global","jewess"
"jiga","Imported from Open Source Blacklist","GitHub_Raw_List","en","Global","jiga"
"jigaboo","Imported from Open Source Blacklist","GitHub_Raw_List","en","Global","jigaboo"
"jigaboos","Imported from Open Source Blacklist","GitHub_Raw_List","en","Global","jigaboos"
"jigarooni","Imported from Open Source Blacklist","GitHub_Raw_List","en","Global","jigarooni"
"jigaroonis","Imported from Open Source Blacklist","GitHub_Raw_List","en","Global","jigaroonis"
"jigg","Imported from Open Source Blacklist","GitHub_Raw_List","en","Global","jigg"
"jigga","Imported from Open Source Blacklist","GitHub_Raw_List","en","Global","jigga"
"jiggabo","Imported from Open Source Blacklist","GitHub_Raw_List","en","Global","jiggabo"
"jiggaboo","Imported from Open Source Blacklist","GitHub_Raw_List","en","Global","jiggaboo"
"jiggabos","Imported from Open Source Blacklist","GitHub_Raw_List","en","Global","jiggabos"
"jiggas","Imported from Open Source Blacklist","GitHub_Raw_List","en","Global","jiggas"
"jigger","Imported from Open Source Blacklist","GitHub_Raw_List","en","Global","jigger"
"jiggerboo","Imported from Open Source Blacklist","GitHub_Raw_List","en","Global","jiggerboo"
"jiggers","Imported from Open Source Blacklist","GitHub_Raw_List","en","Global","jiggers"
"jiggs","Imported from Open Source Blacklist","GitHub_Raw_List","en","Global","jiggs"
"jiggy","Imported from Open Source Blacklist","GitHub_Raw_List","en","Global","jiggy"
"jigs","Imported from Open Source Blacklist","GitHub_Raw_List","en","Global","jigs"
"jihad","Imported from Open Source Blacklist","GitHub_Raw_List","en","Global","jihad"
"jijjiboo","Imported from Open Source Blacklist","GitHub_Raw_List","en","Global","jijjiboo"
"jijjiboos","Imported from Open Source Blacklist","GitHub_Raw_List","en","Global","jijjiboos"
"jimfish","Imported from Open Source Blacklist","GitHub_Raw_List","en","Global","jimfish"
"jisim","Imported from Open Source Blacklist","GitHub_Raw_List","en","Global","jisim"
"jism","Imported from Open Source Blacklist","GitHub_Raw_List","en","Global","jism"
"jiss","Imported from Open Source Blacklist","GitHub_Raw_List","en","Global","jiss"
"jiz","Imported from Open Source Blacklist","GitHub_Raw_List","en","Global","jiz"
"jizim","Imported from Open Source Blacklist","GitHub_Raw_List","en","Global","jizim"
"jizin","Imported from Open Source Blacklist","GitHub_Raw_List","en","Global","jizin"
"jizjuice","Imported from Open Source Blacklist","GitHub_Raw_List","en","Global","jizjuice"
"jizm","Imported from Open Source Blacklist","GitHub_Raw_List","en","Global","jizm"
"jizn","Imported from Open Source Blacklist","GitHub_Raw_List","en","Global","jizn"
"jizz","Imported from Open Source Blacklist","GitHub_Raw_List","en","Global","jizz"
"jizzd","Imported from Open Source Blacklist","GitHub_Raw_List","en","Global","jizzd"
"jizzed","Imported from Open Source Blacklist","GitHub_Raw_List","en","Global","jizzed"
"jizzim","Imported from Open Source Blacklist","GitHub_Raw_List","en","Global","jizzim"
"jizzin","Imported from Open Source Blacklist","GitHub_Raw_List","en","Global","jizzin"
"jizzn","Imported from Open Source Blacklist","GitHub_Raw_List","en","Global","jizzn"
"jizzum","Imported from Open Source Blacklist","GitHub_Raw_List","en","Global","jizzum"
"jugg","Imported from Open Source Blacklist","GitHub_Raw_List","en","Global","jugg"
"juggs","Imported from Open Source Blacklist","GitHub_Raw_List","en","Global","juggs"
"jungle bunnies","Imported from Open Source Blacklist","GitHub_Raw_List","en","Global","junglebunnies"
"jungle bunny","Imported from Open Source Blacklist","GitHub_Raw_List","en","Global","junglebunny"
"junkie","Imported from Open Source Blacklist","GitHub_Raw_List","en","Global","junkie"
"junky","Imported from Open Source Blacklist","GitHub_Raw_List","en","Global","junky"
"kacap","Imported from Open Source Blacklist","GitHub_Raw_List","en","Global","kacap"
"kacapas","Imported from Open Source Blacklist","GitHub_Raw_List","en","Global","kacapas"
"kacaps","Imported from Open Source Blacklist","GitHub_Raw_List","en","Global","kacaps"
"kaffer","Imported from Open Source Blacklist","GitHub_Raw_List","en","Global","kaffer"
"kaffir","Imported from Open Source Blacklist","GitHub_Raw_List","en","Global","kaffir"
"kaffre","Imported from Open Source Blacklist","GitHub_Raw_List","en","Global","kaffre"
"kafir","Imported from Open Source Blacklist","GitHub_Raw_List","en","Global","kafir"
"kanake","Imported from Open Source Blacklist","GitHub_Raw_List","en","Global","kanake"
"kanker","Imported from Open Source Blacklist","GitHub_Raw_List","en","Global","kanker"
"katsap","Imported from Open Source Blacklist","GitHub_Raw_List","en","Global","katsap"
"katsaps","Imported from Open Source Blacklist","GitHub_Raw_List","en","Global","katsaps"
"kawk","Imported from Open Source Blacklist","GitHub_Raw_List","en","Global","kawk"
"khokhol","Imported from Open Source Blacklist","GitHub_Raw_List","en","Global","khokhol"
"khokhols","Imported from Open Source Blacklist","GitHub_Raw_List","en","Global","khokhols"
"kigger","Imported from Open Source Blacklist","GitHub_Raw_List","en","Global","kigger"
"kike","Imported from Open Source Blacklist","GitHub_Raw_List","en","Global","kike"
"kikes","Imported from Open Source Blacklist","GitHub_Raw_List","en","Global","kikes"
"kimchis","Imported from Open Source Blacklist","GitHub_Raw_List","en","Global","kimchis"
"kinbaku","Imported from Open Source Blacklist","GitHub_Raw_List","en","Global","kinbaku"
"kink","Imported from Open Source Blacklist","GitHub_Raw_List","en","Global","kink"
"kinkster","Imported from Open Source Blacklist","GitHub_Raw_List","en","Global","kinkster"
"kinky","Imported from Open Source Blacklist","GitHub_Raw_List","en","Global","kinky"
"kinkyJesus","Imported from Open Source Blacklist","GitHub_Raw_List","en","Global","kinkyjesus"
"kissass","Imported from Open Source Blacklist","GitHub_Raw_List","en","Global","kissass"
"kiunt","Imported from Open Source Blacklist","GitHub_Raw_List","en","Global","kiunt"
"kkk","Imported from Open Source Blacklist","GitHub_Raw_List","en","Global","kkk"
"klan","Imported from Open Source Blacklist","GitHub_Raw_List","en","Global","klan"
"klansman","Imported from Open Source Blacklist","GitHub_Raw_List","en","Global","klansman"
"klansmen","Imported from Open Source Blacklist","GitHub_Raw_List","en","Global","klansmen"
"klanswoman","Imported from Open Source Blacklist","GitHub_Raw_List","en","Global","klanswoman"
"klanswomen","Imported from Open Source Blacklist","GitHub_Raw_List","en","Global","klanswomen"
"klootzak","Imported from Open Source Blacklist","GitHub_Raw_List","en","Global","klootzak"
"knobbing","Imported from Open Source Blacklist","GitHub_Raw_List","en","Global","knobbing"
"knobead","Imported from Open Source Blacklist","GitHub_Raw_List","en","Global","knobead"
"knobed","Imported from Open Source Blacklist","GitHub_Raw_List","en","Global","knobed"
"knobend","Imported from Open Source Blacklist","GitHub_Raw_List","en","Global","knobend"
"knobhead","Imported from Open Source Blacklist","GitHub_Raw_List","en","Global","knobhead"
"knobjocky","Imported from Open Source Blacklist","GitHub_Raw_List","en","Global","knobjocky"
"knobjokey","Imported from Open Source Blacklist","GitHub_Raw_List","en","Global","knobjokey"
"knobz","Imported from Open Source Blacklist","GitHub_Raw_List","en","Global","knobz"
"knockers","Imported from Open Source Blacklist","GitHub_Raw_List","en","Global","knockers"
"knulle","Imported from Open Source Blacklist","GitHub_Raw_List","en","Global","knulle"
"kock","Imported from Open Source Blacklist","GitHub_Raw_List","en","Global","kock"
"kondum","Imported from Open Source Blacklist","GitHub_Raw_List","en","Global","kondum"
"kondums","Imported from Open Source Blacklist","GitHub_Raw_List","en","Global","kondums"
"kooch","Imported from Open Source Blacklist","GitHub_Raw_List","en","Global","kooch"
"kooches","Imported from Open Source Blacklist","GitHub_Raw_List","en","Global","kooches"
"koon","Imported from Open Source Blacklist","GitHub_Raw_List","en","Global","koon"
"kootch","Imported from Open Source Blacklist","GitHub_Raw_List","en","Global","kootch"
"krap","Imported from Open Source Blacklist","GitHub_Raw_List","en","Global","krap"
"krappy","Imported from Open Source Blacklist","GitHub_Raw_List","en","Global","krappy"
"kraut","Imported from Open Source Blacklist","GitHub_Raw_List","en","Global","kraut"
"krauts","Imported from Open Source Blacklist","GitHub_Raw_List","en","Global","krauts"
"kuffar","Imported from Open Source Blacklist","GitHub_Raw_List","en","Global","kuffar"
"kuk","Imported from Open Source Blacklist","GitHub_Raw_List","en","Global","kuk"
"kuksuger","Imported from Open Source Blacklist","GitHub_Raw_List","en","Global","kuksuger"
"kum","Imported from Open Source Blacklist","GitHub_Raw_List","en","Global","kum"
"kumbubble","Imported from Open Source Blacklist","GitHub_Raw_List","en","Global","kumbubble"
"kumbullbe","Imported from Open Source Blacklist","GitHub_Raw_List","en","Global","kumbullbe"
"kumer","Imported from Open Source Blacklist","GitHub_Raw_List","en","Global","kumer"
"kummer","Imported from Open Source Blacklist","GitHub_Raw_List","en","Global","kummer"
"kumming","Imported from Open Source Blacklist","GitHub_Raw_List","en","Global","kumming"
"kums","Imported from Open Source Blacklist","GitHub_Raw_List","en","Global","kums"
"kunilingus","Imported from Open Source Blacklist","GitHub_Raw_List","en","Global","kunilingus"
"kunnilingus","Imported from Open Source Blacklist","GitHub_Raw_List","en","Global","kunnilingus"
"kunt","Imported from Open Source Blacklist","GitHub_Raw_List","en","Global","kunt"
"kunts","Imported from Open Source Blacklist","GitHub_Raw_List","en","Global","kunts"
"kuntz","Imported from Open Source Blacklist","GitHub_Raw_List","en","Global","kuntz"
"kurac","Imported from Open Source Blacklist","GitHub_Raw_List","en","Global","kurac"
"kurwa","Imported from Open Source Blacklist","GitHub_Raw_List","en","Global","kurwa"
"kushi","Imported from Open Source Blacklist","GitHub_Raw_List","en","Global","kushi"
"kushis","Imported from Open Source Blacklist","GitHub_Raw_List","en","Global","kushis"
"kusi","Imported from Open Source Blacklist","GitHub_Raw_List","en","Global","kusi"
"kwa","Imported from Open Source Blacklist","GitHub_Raw_List","en","Global","kwa"
"kwai lo","Imported from Open Source Blacklist","GitHub_Raw_List","en","Global","kwailo"
"kwai los","Imported from Open Source Blacklist","GitHub_Raw_List","en","Global","kwailos"
"kwif","Imported from Open Source Blacklist","GitHub_Raw_List","en","Global","kwif"
"kyke","Imported from Open Source Blacklist","GitHub_Raw_List","en","Global","kyke"
"kykes","Imported from Open Source Blacklist","GitHub_Raw_List","en","Global","kykes"
"kyopo","Imported from Open Source Blacklist","GitHub_Raw_List","en","Global","kyopo"
"kyopos","Imported from Open Source Blacklist","GitHub_Raw_List","en","Global","kyopos"
"kyrpa","Imported from Open Source Blacklist","GitHub_Raw_List","en","Global","kyrpa"
"l3i+ch","Imported from Open Source Blacklist","GitHub_Raw_List","en","Global","l3ich"
"l3itch","Imported from Open Source Blacklist","GitHub_Raw_List","en","Global","l3itch"
"labia","Imported from Open Source Blacklist","GitHub_Raw_List","en","Global","labia"
"lapdance","Imported from Open Source Blacklist","GitHub_Raw_List","en","Global","lapdance"
"leather restraint","Imported from Open Source Blacklist","GitHub_Raw_List","en","Global","leatherrestraint"
"leather straight","Imported from Open Source Blacklist","GitHub_Raw_List","en","Global","leatherstraight"
"lebos","Imported from Open Source Blacklist","GitHub_Raw_List","en","Global","lebos"
"lech","Imported from Open Source Blacklist","GitHub_Raw_List","en","Global","lech"
"lemon party","Imported from Open Source Blacklist","GitHub_Raw_List","en","Global","lemonparty"
"leper","Imported from Open Source Blacklist","GitHub_Raw_List","en","Global","leper"
"lesbain","Imported from Open Source Blacklist","GitHub_Raw_List","en","Global","lesbain"
"lesbayn","Imported from Open Source Blacklist","GitHub_Raw_List","en","Global","lesbayn"
"lesbin","Imported from Open Source Blacklist","GitHub_Raw_List","en","Global","lesbin"
"lesbo","Imported from Open Source Blacklist","GitHub_Raw_List","en","Global","lesbo"
"lesbos","Imported from Open Source Blacklist","GitHub_Raw_List","en","Global","lesbos"
"lez","Imported from Open Source Blacklist","GitHub_Raw_List","en","Global","lez"
"lezbe","Imported from Open Source Blacklist","GitHub_Raw_List","en","Global","lezbe"
"lezbefriends","Imported from Open Source Blacklist","GitHub_Raw_List","en","Global","lezbefriends"
"lezbian","Imported from Open Source Blacklist","GitHub_Raw_List","en","Global","lezbian"
"lezbians","Imported from Open Source Blacklist","GitHub_Raw_List","en","Global","lezbians"
"lezbo","Imported from Open Source Blacklist","GitHub_Raw_List","en","Global","lezbo"
"lezbos","Imported from Open Source Blacklist","GitHub_Raw_List","en","Global","lezbos"
"lezz","Imported from Open Source Blacklist","GitHub_Raw_List","en","Global","lezz"
"lezzian","Imported from Open Source Blacklist","GitHub_Raw_List","en","Global","lezzian"
"lezzie","Imported from Open Source Blacklist","GitHub_Raw_List","en","Global","lezzie"
"lezzies","Imported from Open Source Blacklist","GitHub_Raw_List","en","Global","lezzies"
"lezzo","Imported from Open Source Blacklist","GitHub_Raw_List","en","Global","lezzo"
"lezzy","Imported from Open Source Blacklist","GitHub_Raw_List","en","Global","lezzy"
"libido","Imported from Open Source Blacklist","GitHub_Raw_List","en","Global","libido"
"licker","Imported from Open Source Blacklist","GitHub_Raw_List","en","Global","licker"
"licking","Imported from Open Source Blacklist","GitHub_Raw_List","en","Global","licking"
"lickme","Imported from Open Source Blacklist","GitHub_Raw_List","en","Global","lickme"
"lilniglet","Imported from Open Source Blacklist","GitHub_Raw_List","en","Global","lilniglet"
"limey","Imported from Open Source Blacklist","GitHub_Raw_List","en","Global","limey"
"limpdick","Imported from Open Source Blacklist","GitHub_Raw_List","en","Global","limpdick"
"limy","Imported from Open Source Blacklist","GitHub_Raw_List","en","Global","limy"
"lingerie","Imported from Open Source Blacklist","GitHub_Raw_List","en","Global","lingerie"
"lipshits","Imported from Open Source Blacklist","GitHub_Raw_List","en","Global","lipshits"
"lipshitz","Imported from Open Source Blacklist","GitHub_Raw_List","en","Global","lipshitz"
"livesex","Imported from Open Source Blacklist","GitHub_Raw_List","en","Global","livesex"
"loadedgun","Imported from Open Source Blacklist","GitHub_Raw_List","en","Global","loadedgun"
"lolita","Imported from Open Source Blacklist","GitHub_Raw_List","en","Global","lolita"
"lovebone","Imported from Open Source Blacklist","GitHub_Raw_List","en","Global","lovebone"
"lovegoo","Imported from Open Source Blacklist","GitHub_Raw_List","en","Global","lovegoo"
"lovegun","Imported from Open Source Blacklist","GitHub_Raw_List","en","Global","lovegun"
"lovejuice","Imported from Open Source Blacklist","GitHub_Raw_List","en","Global","lovejuice"
"lovemuscle","Imported from Open Source Blacklist","GitHub_Raw_List","en","Global","lovemuscle"
"lovepistol","Imported from Open Source Blacklist","GitHub_Raw_List","en","Global","lovepistol"
"loverocket","Imported from Open Source Blacklist","GitHub_Raw_List","en","Global","loverocket"
"lowlife","Imported from Open Source Blacklist","GitHub_Raw_List","en","Global","lowlife"
"lsd","Imported from Open Source Blacklist","GitHub_Raw_List","en","Global","lsd"
"lubejob","Imported from Open Source Blacklist","GitHub_Raw_List","en","Global","lubejob"
"lubra","Imported from Open Source Blacklist","GitHub_Raw_List","en","Global","lubra"
"lucifer","Imported from Open Source Blacklist","GitHub_Raw_List","en","Global","lucifer"
"luckycammeltoe","Imported from Open Source Blacklist","GitHub_Raw_List","en","Global","luckycammeltoe"
"lugan","Imported from Open Source Blacklist","GitHub_Raw_List","en","Global","lugan"
"lugans","Imported from Open Source Blacklist","GitHub_Raw_List","en","Global","lugans"
"lusting","Imported from Open Source Blacklist","GitHub_Raw_List","en","Global","lusting"
"lusty","Imported from Open Source Blacklist","GitHub_Raw_List","en","Global","lusty"
"lynch","Imported from Open Source Blacklist","GitHub_Raw_List","en","Global","lynch"
"m-fucking","Imported from Open Source Blacklist","GitHub_Raw_List","en","Global","mfucking"
"m0f0","Imported from Open Source Blacklist","GitHub_Raw_List","en","Global","m0f0"
"m0fo","Imported from Open Source Blacklist","GitHub_Raw_List","en","Global","m0fo"
"m45terbate","Imported from Open Source Blacklist","GitHub_Raw_List","en","Global","m45terbate"
"ma5terb8","Imported from Open Source Blacklist","GitHub_Raw_List","en","Global","ma5terb8"
"ma5terbate","Imported from Open Source Blacklist","GitHub_Raw_List","en","Global","ma5terbate"
"mabuno","Imported from Open Source Blacklist","GitHub_Raw_List","en","Global","mabuno"
"mabunos","Imported from Open Source Blacklist","GitHub_Raw_List","en","Global","mabunos"
"macaca","Imported from Open Source Blacklist","GitHub_Raw_List","en","Global","macaca"
"macacas","Imported from Open Source Blacklist","GitHub_Raw_List","en","Global","macacas"
"mafugly","Imported from Open Source Blacklist","GitHub_Raw_List","en","Global","mafugly"
"magicwand","Imported from Open Source Blacklist","GitHub_Raw_List","en","Global","magicwand"
"mahbuno","Imported from Open Source Blacklist","GitHub_Raw_List","en","Global","mahbuno"
"mahbunos","Imported from Open Source Blacklist","GitHub_Raw_List","en","Global","mahbunos"
"make me come","Imported from Open Source Blacklist","GitHub_Raw_List","en","Global","makemecome"
"makemecum","Imported from Open Source Blacklist","GitHub_Raw_List","en","Global","makemecum"
"male squirting","Imported from Open Source Blacklist","GitHub_Raw_List","en","Global","malesquirting"
"mamhoon","Imported from Open Source Blacklist","GitHub_Raw_List","en","Global","mamhoon"
"mams","Imported from Open Source Blacklist","GitHub_Raw_List","en","Global","mams"
"manhater","Imported from Open Source Blacklist","GitHub_Raw_List","en","Global","manhater"
"manpaste","Imported from Open Source Blacklist","GitHub_Raw_List","en","Global","manpaste"
"maricon","Imported from Open Source Blacklist","GitHub_Raw_List","en","Global","maricon"
"maricón","Imported from Open Source Blacklist","GitHub_Raw_List","en","Global","maricón"
"marijuana","Imported from Open Source Blacklist","GitHub_Raw_List","en","Global","marijuana"
"masochist","Imported from Open Source Blacklist","GitHub_Raw_List","en","Global","masochist"
"masokist","Imported from Open Source Blacklist","GitHub_Raw_List","en","Global","masokist"
"massa","Imported from Open Source Blacklist","GitHub_Raw_List","en","Global","massa"
"massterbait","Imported from Open Source Blacklist","GitHub_Raw_List","en","Global","massterbait"
"masstrbait","Imported from Open Source Blacklist","GitHub_Raw_List","en","Global","masstrbait"
"masstrbate","Imported from Open Source Blacklist","GitHub_Raw_List","en","Global","masstrbate"
"mastabate","Imported from Open Source Blacklist","GitHub_Raw_List","en","Global","mastabate"
"mastabater","Imported from Open Source Blacklist","GitHub_Raw_List","en","Global","mastabater"
"master-bate","Imported from Open Source Blacklist","GitHub_Raw_List","en","Global","masterbate"
"masterb8","Imported from Open Source Blacklist","GitHub_Raw_List","en","Global","masterb8"
"masterbaiter","Imported from Open Source Blacklist","GitHub_Raw_List","en","Global","masterbaiter"
"masterbat","Imported from Open Source Blacklist","GitHub_Raw_List","en","Global","masterbat"
"masterbat3","Imported from Open Source Blacklist","GitHub_Raw_List","en","Global","masterbat3"
"masterbates","Imported from Open Source Blacklist","GitHub_Raw_List","en","Global","masterbates"
"masterbating","Imported from Open Source Blacklist","GitHub_Raw_List","en","Global","masterbating"
"masterbation","Imported from Open Source Blacklist","GitHub_Raw_List","en","Global","masterbation"
"masterbations","Imported from Open Source Blacklist","GitHub_Raw_List","en","Global","masterbations"
"masterblaster","Imported from Open Source Blacklist","GitHub_Raw_List","en","Global","masterblaster"
"mastrabator","Imported from Open Source Blacklist","GitHub_Raw_List","en","Global","mastrabator"
"masturbat","Imported from Open Source Blacklist","GitHub_Raw_List","en","Global","masturbat"
"masturbate","Imported from Open Source Blacklist","GitHub_Raw_List","en","Global","masturbate"
"masturbating","Imported from Open Source Blacklist","GitHub_Raw_List","en","Global","masturbating"
"masturbation","Imported from Open Source Blacklist","GitHub_Raw_List","en","Global","masturbation"
"mattressprincess","Imported from Open Source Blacklist","GitHub_Raw_List","en","Global","mattressprincess"
"mau mau","Imported from Open Source Blacklist","GitHub_Raw_List","en","Global","maumau"
"mau maus","Imported from Open Source Blacklist","GitHub_Raw_List","en","Global","maumaus"
"mcfagget","Imported from Open Source Blacklist","GitHub_Raw_List","en","Global","mcfagget"
"meatbeatter","Imported from Open Source Blacklist","GitHub_Raw_List","en","Global","meatbeatter"
"meatrack","Imported from Open Source Blacklist","GitHub_Raw_List","en","Global","meatrack"
"menage","Imported from Open Source Blacklist","GitHub_Raw_List","en","Global","menage"
"merd","Imported from Open Source Blacklist","GitHub_Raw_List","en","Global","merd"
"mgger","Imported from Open Source Blacklist","GitHub_Raw_List","en","Global","mgger"
"mggor","Imported from Open Source Blacklist","GitHub_Raw_List","en","Global","mggor"
"mibun","Imported from Open Source Blacklist","GitHub_Raw_List","en","Global","mibun"
"mick","Imported from Open Source Blacklist","GitHub_Raw_List","en","Global","mick"
"mickeyfinn","Imported from Open Source Blacklist","GitHub_Raw_List","en","Global","mickeyfinn"
"mideast","Imported from Open Source Blacklist","GitHub_Raw_List","en","Global","mideast"
"mierda","Imported from Open Source Blacklist","GitHub_Raw_List","en","Global","mierda"
"milf","Imported from Open Source Blacklist","GitHub_Raw_List","en","Global","milf"
"mindfuck","Imported from Open Source Blacklist","GitHub_Raw_List","en","Global","mindfuck"
"minge","Imported from Open Source Blacklist","GitHub_Raw_List","en","Global","minge"
"minger","Imported from Open Source Blacklist","GitHub_Raw_List","en","Global","minger"
"mo-fo","Imported from Open Source Blacklist","GitHub_Raw_List","en","Global","mofo"
"mockey","Imported from Open Source Blacklist","GitHub_Raw_List","en","Global","mockey"
"mockie","Imported from Open Source Blacklist","GitHub_Raw_List","en","Global","mockie"
"mocky","Imported from Open Source Blacklist","GitHub_Raw_List","en","Global","mocky"
"mof0","Imported from Open Source Blacklist","GitHub_Raw_List","en","Global","mof0"
"moky","Imported from Open Source Blacklist","GitHub_Raw_List","en","Global","moky"
"molest","Imported from Open Source Blacklist","GitHub_Raw_List","en","Global","molest"
"molestation","Imported from Open Source Blacklist","GitHub_Raw_List","en","Global","molestation"
"molester","Imported from Open Source Blacklist","GitHub_Raw_List","en","Global","molester"
"molestor","Imported from Open Source Blacklist","GitHub_Raw_List","en","Global","molestor"
"moneyshot","Imported from Open Source Blacklist","GitHub_Raw_List","en","Global","moneyshot"
"mong","Imported from Open Source Blacklist","GitHub_Raw_List","en","Global","mong"
"monkleigh","Imported from Open Source Blacklist","GitHub_Raw_List","en","Global","monkleigh"
"moolie","Imported from Open Source Blacklist","GitHub_Raw_List","en","Global","moolie"
"moon cricket","Imported from Open Source Blacklist","GitHub_Raw_List","en","Global","mooncricket"
"moon crickets","Imported from Open Source Blacklist","GitHub_Raw_List","en","Global","mooncrickets"
"moron","Imported from Open Source Blacklist","GitHub_Raw_List","en","Global","moron"
"moskal","Imported from Open Source Blacklist","GitHub_Raw_List","en","Global","moskal"
"moskals","Imported from Open Source Blacklist","GitHub_Raw_List","en","Global","moskals"
"moslem","Imported from Open Source Blacklist","GitHub_Raw_List","en","Global","moslem"
"mosshead","Imported from Open Source Blacklist","GitHub_Raw_List","en","Global","mosshead"
"motha fucker","Imported from Open Source Blacklist","GitHub_Raw_List","en","Global","mothafucker"
"motha fuker","Imported from Open Source Blacklist","GitHub_Raw_List","en","Global","mothafuker"
"motha fukkah","Imported from Open Source Blacklist","GitHub_Raw_List","en","Global","mothafukkah"
"motha fukker","Imported from Open Source Blacklist","GitHub_Raw_List","en","Global","mothafukker"
"mothafuck","Imported from Open Source Blacklist","GitHub_Raw_List","en","Global","mothafuck"
"mothafucka","Imported from Open Source Blacklist","GitHub_Raw_List","en","Global","mothafucka"
"mothafuckas","Imported from Open Source Blacklist","GitHub_Raw_List","en","Global","mothafuckas"
"mothafuckaz","Imported from Open Source Blacklist","GitHub_Raw_List","en","Global","mothafuckaz"
"mothafucked","Imported from Open Source Blacklist","GitHub_Raw_List","en","Global","mothafucked"
"mothafuckers","Imported from Open Source Blacklist","GitHub_Raw_List","en","Global","mothafuckers"
"mothafuckin","Imported from Open Source Blacklist","GitHub_Raw_List","en","Global","mothafuckin"
"mothafucking","Imported from Open Source Blacklist","GitHub_Raw_List","en","Global","mothafucking"
"mothafuckings","Imported from Open Source Blacklist","GitHub_Raw_List","en","Global","mothafuckings"
"mothafucks","Imported from Open Source Blacklist","GitHub_Raw_List","en","Global","mothafucks"
"mother fucker","Imported from Open Source Blacklist","GitHub_Raw_List","en","Global","motherfucker"
"mother fukah","Imported from Open Source Blacklist","GitHub_Raw_List","en","Global","motherfukah"
"mother fuker","Imported from Open Source Blacklist","GitHub_Raw_List","en","Global","motherfuker"
"mother fukkah","Imported from Open Source Blacklist","GitHub_Raw_List","en","Global","motherfukkah"
"mother fukker","Imported from Open Source Blacklist","GitHub_Raw_List","en","Global","motherfukker"
"motherfuck","Imported from Open Source Blacklist","GitHub_Raw_List","en","Global","motherfuck"
"motherfucka","Imported from Open Source Blacklist","GitHub_Raw_List","en","Global","motherfucka"
"motherfucked","Imported from Open Source Blacklist","GitHub_Raw_List","en","Global","motherfucked"
"motherfuckers","Imported from Open Source Blacklist","GitHub_Raw_List","en","Global","motherfuckers"
"motherfuckin","Imported from Open Source Blacklist","GitHub_Raw_List","en","Global","motherfuckin"
"motherfucking","Imported from Open Source Blacklist","GitHub_Raw_List","en","Global","motherfucking"
"motherfuckings","Imported from Open Source Blacklist","GitHub_Raw_List","en","Global","motherfuckings"
"motherfuckka","Imported from Open Source Blacklist","GitHub_Raw_List","en","Global","motherfuckka"
"motherfucks","Imported from Open Source Blacklist","GitHub_Raw_List","en","Global","motherfucks"
"motherfvcker","Imported from Open Source Blacklist","GitHub_Raw_List","en","Global","motherfvcker"
"motherlovebone","Imported from Open Source Blacklist","GitHub_Raw_List","en","Global","motherlovebone"
"mothrfucker","Imported from Open Source Blacklist","GitHub_Raw_List","en","Global","mothrfucker"
"mouliewop","Imported from Open Source Blacklist","GitHub_Raw_List","en","Global","mouliewop"
"mound of venus","Imported from Open Source Blacklist","GitHub_Raw_List","en","Global","moundofvenus"
"mr hands","Imported from Open Source Blacklist","GitHub_Raw_List","en","Global","mrhands"
"mtherfucker","Imported from Open Source Blacklist","GitHub_Raw_List","en","Global","mtherfucker"
"mthrfuck","Imported from Open Source Blacklist","GitHub_Raw_List","en","Global","mthrfuck"
"mthrfucker","Imported from Open Source Blacklist","GitHub_Raw_List","en","Global","mthrfucker"
"mthrfucking","Imported from Open Source Blacklist","GitHub_Raw_List","en","Global","mthrfucking"
"mtrfck","Imported from Open Source Blacklist","GitHub_Raw_List","en","Global","mtrfck"
"mtrfuck","Imported from Open Source Blacklist","GitHub_Raw_List","en","Global","mtrfuck"
"mtrfucker","Imported from Open Source Blacklist","GitHub_Raw_List","en","Global","mtrfucker"
"muff diver","Imported from Open Source Blacklist","GitHub_Raw_List","en","Global","muffdiver"
"muff","Imported from Open Source Blacklist","GitHub_Raw_List","en","Global","muff"
"muffdive","Imported from Open Source Blacklist","GitHub_Raw_List","en","Global","muffdive"
"muffdiving","Imported from Open Source Blacklist","GitHub_Raw_List","en","Global","muffdiving"
"muffindiver","Imported from Open Source Blacklist","GitHub_Raw_List","en","Global","muffindiver"
"mufflikcer","Imported from Open Source Blacklist","GitHub_Raw_List","en","Global","mufflikcer"
"muffpuff","Imported from Open Source Blacklist","GitHub_Raw_List","en","Global","muffpuff"
"muie","Imported from Open Source Blacklist","GitHub_Raw_List","en","Global","muie"
"mulatto","Imported from Open Source Blacklist","GitHub_Raw_List","en","Global","mulatto"
"mulkku","Imported from Open Source Blacklist","GitHub_Raw_List","en","Global","mulkku"
"muncher","Imported from Open Source Blacklist","GitHub_Raw_List","en","Global","muncher"
"munging","Imported from Open Source Blacklist","GitHub_Raw_List","en","Global","munging"
"munt","Imported from Open Source Blacklist","GitHub_Raw_List","en","Global","munt"
"munter","Imported from Open Source Blacklist","GitHub_Raw_List","en","Global","munter"
"muschi","Imported from Open Source Blacklist","GitHub_Raw_List","en","Global","muschi"
"mutha fucker","Imported from Open Source Blacklist","GitHub_Raw_List","en","Global","muthafucker"
"mutha fukah","Imported from Open Source Blacklist","GitHub_Raw_List","en","Global","muthafukah"
"mutha fuker","Imported from Open Source Blacklist","GitHub_Raw_List","en","Global","muthafuker"
"mutha fukkah","Imported from Open Source Blacklist","GitHub_Raw_List","en","Global","muthafukkah"
"mutha fukker","Imported from Open Source Blacklist","GitHub_Raw_List","en","Global","muthafukker"
"muthafecker","Imported from Open Source Blacklist","GitHub_Raw_List","en","Global","muthafecker"
"muthafuckaz","Imported from Open Source Blacklist","GitHub_Raw_List","en","Global","muthafuckaz"
"muthafuckker","Imported from Open Source Blacklist","GitHub_Raw_List","en","Global","muthafuckker"
"muther","Imported from Open Source Blacklist","GitHub_Raw_List","en","Global","muther"
"mutherfucker","Imported from Open Source Blacklist","GitHub_Raw_List","en","Global","mutherfucker"
"mutherfucking","Imported from Open Source Blacklist","GitHub_Raw_List","en","Global","mutherfucking"
"muthrfucking","Imported from Open Source Blacklist","GitHub_Raw_List","en","Global","muthrfucking"
"mzungu","Imported from Open Source Blacklist","GitHub_Raw_List","en","Global","mzungu"
"mzungus","Imported from Open Source Blacklist","GitHub_Raw_List","en","Global","mzungus"
"n1gga","Imported from Open Source Blacklist","GitHub_Raw_List","en","Global","n1gga"
"n1gger","Imported from Open Source Blacklist","GitHub_Raw_List","en","Global","n1gger"
"n1gr","Imported from Open Source Blacklist","GitHub_Raw_List","en","Global","n1gr"
"nads","Imported from Open Source Blacklist","GitHub_Raw_List","en","Global","nads"
"naked","Imported from Open Source Blacklist","GitHub_Raw_List","en","Global","naked"
"nambla","Imported from Open Source Blacklist","GitHub_Raw_List","en","Global","nambla"
"nastt","Imported from Open Source Blacklist","GitHub_Raw_List","en","Global","nastt"
"nastybitch","Imported from Open Source Blacklist","GitHub_Raw_List","en","Global","nastybitch"
"nastyho","Imported from Open Source Blacklist","GitHub_Raw_List","en","Global","nastyho"
"nastyslut","Imported from Open Source Blacklist","GitHub_Raw_List","en","Global","nastyslut"
"nastywhore","Imported from Open Source Blacklist","GitHub_Raw_List","en","Global","nastywhore"
"nawashi","Imported from Open Source Blacklist","GitHub_Raw_List","en","Global","nawashi"
"nazi","Imported from Open Source Blacklist","GitHub_Raw_List","en","Global","nazi"
"nazis","Imported from Open Source Blacklist","GitHub_Raw_List","en","Global","nazis"
"nazism","Imported from Open Source Blacklist","GitHub_Raw_List","en","Global","nazism"
"necro","Imported from Open Source Blacklist","GitHub_Raw_List","en","Global","necro"
"needthedick","Imported from Open Source Blacklist","GitHub_Raw_List","en","Global","needthedick"
"negres","Imported from Open Source Blacklist","GitHub_Raw_List","en","Global","negres"
"negress","Imported from Open Source Blacklist","GitHub_Raw_List","en","Global","negress"
"negro","Imported from Open Source Blacklist","GitHub_Raw_List","en","Global","negro"
"negroes","Imported from Open Source Blacklist","GitHub_Raw_List","en","Global","negroes"
"negroid","Imported from Open Source Blacklist","GitHub_Raw_List","en","Global","negroid"
"negros","Imported from Open Source Blacklist","GitHub_Raw_List","en","Global","negros"
"neonazi","Imported from Open Source Blacklist","GitHub_Raw_List","en","Global","neonazi"
"nepesaurio","Imported from Open Source Blacklist","GitHub_Raw_List","en","Global","nepesaurio"
"nig nog","Imported from Open Source Blacklist","GitHub_Raw_List","en","Global","nignog"
"nig","Imported from Open Source Blacklist","GitHub_Raw_List","en","Global","nig"
"niga","Imported from Open Source Blacklist","GitHub_Raw_List","en","Global","niga"
"nigar","Imported from Open Source Blacklist","GitHub_Raw_List","en","Global","nigar"
"nigars","Imported from Open Source Blacklist","GitHub_Raw_List","en","Global","nigars"
"nigas","Imported from Open Source Blacklist","GitHub_Raw_List","en","Global","nigas"
"nigers","Imported from Open Source Blacklist","GitHub_Raw_List","en","Global","nigers"
"nigette","Imported from Open Source Blacklist","GitHub_Raw_List","en","Global","nigette"
"nigettes","Imported from Open Source Blacklist","GitHub_Raw_List","en","Global","nigettes"
"nigg","Imported from Open Source Blacklist","GitHub_Raw_List","en","Global","nigg"
"nigg3r","Imported from Open Source Blacklist","GitHub_Raw_List","en","Global","nigg3r"
"nigg4h","Imported from Open Source Blacklist","GitHub_Raw_List","en","Global","nigg4h"
"nigga","Imported from Open Source Blacklist","GitHub_Raw_List","en","Global","nigga"
"niggah","Imported from Open Source Blacklist","GitHub_Raw_List","en","Global","niggah"
"niggahs","Imported from Open Source Blacklist","GitHub_Raw_List","en","Global","niggahs"
"niggar","Imported from Open Source Blacklist","GitHub_Raw_List","en","Global","niggar"
"niggaracci","Imported from Open Source Blacklist","GitHub_Raw_List","en","Global","niggaracci"
"niggard","Imported from Open Source Blacklist","GitHub_Raw_List","en","Global","niggard"
"niggarded","Imported from Open Source Blacklist","GitHub_Raw_List","en","Global","niggarded"
"niggarding","Imported from Open Source Blacklist","GitHub_Raw_List","en","Global","niggarding"
"niggardliness","Imported from Open Source Blacklist","GitHub_Raw_List","en","Global","niggardliness"
"niggardlinesss","Imported from Open Source Blacklist","GitHub_Raw_List","en","Global","niggardlinesss"
"niggardly","Imported from Open Source Blacklist","GitHub_Raw_List","en","Global","niggardly"
"niggards","Imported from Open Source Blacklist","GitHub_Raw_List","en","Global","niggards"
"niggars","Imported from Open Source Blacklist","GitHub_Raw_List","en","Global","niggars"
"niggas","Imported from Open Source Blacklist","GitHub_Raw_List","en","Global","niggas"
"niggaz","Imported from Open Source Blacklist","GitHub_Raw_List","en","Global","niggaz"
"nigger","Imported from Open Source Blacklist","GitHub_Raw_List","en","Global","nigger"
"niggerhead","Imported from Open Source Blacklist","GitHub_Raw_List","en","Global","niggerhead"
"niggerhole","Imported from Open Source Blacklist","GitHub_Raw_List","en","Global","niggerhole"
"niggers","Imported from Open Source Blacklist","GitHub_Raw_List","en","Global","niggers"
"niggle","Imported from Open Source Blacklist","GitHub_Raw_List","en","Global","niggle"
"niggled","Imported from Open Source Blacklist","GitHub_Raw_List","en","Global","niggled"
"niggles","Imported from Open Source Blacklist","GitHub_Raw_List","en","Global","niggles"
"nigglings","Imported from Open Source Blacklist","GitHub_Raw_List","en","Global","nigglings"
"niggor","Imported from Open Source Blacklist","GitHub_Raw_List","en","Global","niggor"
"niggress","Imported from Open Source Blacklist","GitHub_Raw_List","en","Global","niggress"
"niggresses","Imported from Open Source Blacklist","GitHub_Raw_List","en","Global","niggresses"
"nigguh","Imported from Open Source Blacklist","GitHub_Raw_List","en","Global","nigguh"
"nigguhs","Imported from Open Source Blacklist","GitHub_Raw_List","en","Global","nigguhs"
"niggur","Imported from Open Source Blacklist","GitHub_Raw_List","en","Global","niggur"
"niggurs","Imported from Open Source Blacklist","GitHub_Raw_List","en","Global","niggurs"
"niglet","Imported from Open Source Blacklist","GitHub_Raw_List","en","Global","niglet"
"nigor","Imported from Open Source Blacklist","GitHub_Raw_List","en","Global","nigor"
"nigors","Imported from Open Source Blacklist","GitHub_Raw_List","en","Global","nigors"
"nigr","Imported from Open Source Blacklist","GitHub_Raw_List","en","Global","nigr"
"nigra","Imported from Open Source Blacklist","GitHub_Raw_List","en","Global","nigra"
"nigras","Imported from Open Source Blacklist","GitHub_Raw_List","en","Global","nigras"
"nigre","Imported from Open Source Blacklist","GitHub_Raw_List","en","Global","nigre"
"nigres","Imported from Open Source Blacklist","GitHub_Raw_List","en","Global","nigres"
"nigress","Imported from Open Source Blacklist","GitHub_Raw_List","en","Global","nigress"
"nigs","Imported from Open Source Blacklist","GitHub_Raw_List","en","Global","nigs"
"nigur","Imported from Open Source Blacklist","GitHub_Raw_List","en","Global","nigur"
"niiger","Imported from Open Source Blacklist","GitHub_Raw_List","en","Global","niiger"
"niigr","Imported from Open Source Blacklist","GitHub_Raw_List","en","Global","niigr"
"nimphomania","Imported from Open Source Blacklist","GitHub_Raw_List","en","Global","nimphomania"
"nimrod","Imported from Open Source Blacklist","GitHub_Raw_List","en","Global","nimrod"
"ninny","Imported from Open Source Blacklist","GitHub_Raw_List","en","Global","ninny"
"nipple","Imported from Open Source Blacklist","GitHub_Raw_List","en","Global","nipple"
"nipplering","Imported from Open Source Blacklist","GitHub_Raw_List","en","Global","nipplering"
"nipples","Imported from Open Source Blacklist","GitHub_Raw_List","en","Global","nipples"
"nips","Imported from Open Source Blacklist","GitHub_Raw_List","en","Global","nips"
"nittit","Imported from Open Source Blacklist","GitHub_Raw_List","en","Global","nittit"
"nlgger","Imported from Open Source Blacklist","GitHub_Raw_List","en","Global","nlgger"
"nlggor","Imported from Open Source Blacklist","GitHub_Raw_List","en","Global","nlggor"
"nob jokey","Imported from Open Source Blacklist","GitHub_Raw_List","en","Global","nobjokey"
"nob","Imported from Open Source Blacklist","GitHub_Raw_List","en","Global","nob"
"nobhead","Imported from Open Source Blacklist","GitHub_Raw_List","en","Global","nobhead"
"nobjocky","Imported from Open Source Blacklist","GitHub_Raw_List","en","Global","nobjocky"
"nofuckingway","Imported from Open Source Blacklist","GitHub_Raw_List","en","Global","nofuckingway"
"nog","Imported from Open Source Blacklist","GitHub_Raw_List","en","Global","nog"
"nookey","Imported from Open Source Blacklist","GitHub_Raw_List","en","Global","nookey"
"nookie","Imported from Open Source Blacklist","GitHub_Raw_List","en","Global","nookie"
"nooky","Imported from Open Source Blacklist","GitHub_Raw_List","en","Global","nooky"
"noonan","Imported from Open Source Blacklist","GitHub_Raw_List","en","Global","noonan"
"nooner","Imported from Open Source Blacklist","GitHub_Raw_List","en","Global","nooner"
"nsfw images","Imported from Open Source Blacklist","GitHub_Raw_List","en","Global","nsfwimages"
"nsfw","Imported from Open Source Blacklist","GitHub_Raw_List","en","Global","nsfw"
"nudger","Imported from Open Source Blacklist","GitHub_Raw_List","en","Global","nudger"
"nudie","Imported from Open Source Blacklist","GitHub_Raw_List","en","Global","nudie"
"nudies","Imported from Open Source Blacklist","GitHub_Raw_List","en","Global","nudies"
"numbnuts","Imported from Open Source Blacklist","GitHub_Raw_List","en","Global","numbnuts"
"nut sack","Imported from Open Source Blacklist","GitHub_Raw_List","en","Global","nutsack"
"nutbutter","Imported from Open Source Blacklist","GitHub_Raw_List","en","Global","nutbutter"
"nutfucker","Imported from Open Source Blacklist","GitHub_Raw_List","en","Global","nutfucker"
"nutten","Imported from Open Source Blacklist","GitHub_Raw_List","en","Global","nutten"
"nympho","Imported from Open Source Blacklist","GitHub_Raw_List","en","Global","nympho"
"nymphomania","Imported from Open Source Blacklist","GitHub_Raw_List","en","Global","nymphomania"
"o c k","Imported from Open Source Blacklist","GitHub_Raw_List","en","Global","ock"
"octopussy","Imported from Open Source Blacklist","GitHub_Raw_List","en","Global","octopussy"
"omorashi","Imported from Open Source Blacklist","GitHub_Raw_List","en","Global","omorashi"
"one cup two girls","Imported from Open Source Blacklist","GitHub_Raw_List","en","Global","onecuptwogirls"
"one guy one jar","Imported from Open Source Blacklist","GitHub_Raw_List","en","Global","oneguyonejar"
"one guy","Imported from Open Source Blacklist","GitHub_Raw_List","en","Global","oneguy"
"one jar","Imported from Open Source Blacklist","GitHub_Raw_List","en","Global","onejar"
"ontherag","Imported from Open Source Blacklist","GitHub_Raw_List","en","Global","ontherag"
"orafis","Imported from Open Source Blacklist","GitHub_Raw_List","en","Global","orafis"
"orga","Imported from Open Source Blacklist","GitHub_Raw_List","en","Global","orga"
"orgasim","Imported from Open Source Blacklist","GitHub_Raw_List","en","Global","orgasim"
"orgasims","Imported from Open Source Blacklist","GitHub_Raw_List","en","Global","orgasims"
"orgasm","Imported from Open Source Blacklist","GitHub_Raw_List","en","Global","orgasm"
"orgasmic","Imported from Open Source Blacklist","GitHub_Raw_List","en","Global","orgasmic"
"orgasms","Imported from Open Source Blacklist","GitHub_Raw_List","en","Global","orgasms"
"orgasum","Imported from Open Source Blacklist","GitHub_Raw_List","en","Global","orgasum"
"orgies","Imported from Open Source Blacklist","GitHub_Raw_List","en","Global","orgies"
"orgy","Imported from Open Source Blacklist","GitHub_Raw_List","en","Global","orgy"
"oriface","Imported from Open Source Blacklist","GitHub_Raw_List","en","Global","oriface"
"orifiss","Imported from Open Source Blacklist","GitHub_Raw_List","en","Global","orifiss"
"orospu","Imported from Open Source Blacklist","GitHub_Raw_List","en","Global","orospu"
"osama","Imported from Open Source Blacklist","GitHub_Raw_List","en","Global","osama"
"ovum","Imported from Open Source Blacklist","GitHub_Raw_List","en","Global","ovum"
"ovums","Imported from Open Source Blacklist","GitHub_Raw_List","en","Global","ovums"
"p e n i s","Imported from Open Source Blacklist","GitHub_Raw_List","en","Global","penis"
"p i s","Imported from Open Source Blacklist","GitHub_Raw_List","en","Global","pis"
"p u s s y","Imported from Open Source Blacklist","GitHub_Raw_List","en","Global","pussy"
"p0rn","Imported from Open Source Blacklist","GitHub_Raw_List","en","Global","p0rn"
"packi","Imported from Open Source Blacklist","GitHub_Raw_List","en","Global","packi"
"packie","Imported from Open Source Blacklist","GitHub_Raw_List","en","Global","packie"
"packy","Imported from Open Source Blacklist","GitHub_Raw_List","en","Global","packy"
"paddy","Imported from Open Source Blacklist","GitHub_Raw_List","en","Global","paddy"
"paedophile","Imported from Open Source Blacklist","GitHub_Raw_List","en","Global","paedophile"
"paki","Imported from Open Source Blacklist","GitHub_Raw_List","en","Global","paki"
"pakie","Imported from Open Source Blacklist","GitHub_Raw_List","en","Global","pakie"
"pakis","Imported from Open Source Blacklist","GitHub_Raw_List","en","Global","pakis"
"paky","Imported from Open Source Blacklist","GitHub_Raw_List","en","Global","paky"
"palesimian","Imported from Open Source Blacklist","GitHub_Raw_List","en","Global","palesimian"
"pancake face","Imported from Open Source Blacklist","GitHub_Raw_List","en","Global","pancakeface"
"pancake faces","Imported from Open Source Blacklist","GitHub_Raw_List","en","Global","pancakefaces"
"panooch","Imported from Open Source Blacklist","GitHub_Raw_List","en","Global","panooch"
"pansies","Imported from Open Source Blacklist","GitHub_Raw_List","en","Global","pansies"
"pansy","Imported from Open Source Blacklist","GitHub_Raw_List","en","Global","pansy"
"panti","Imported from Open Source Blacklist","GitHub_Raw_List","en","Global","panti"
"pantie","Imported from Open Source Blacklist","GitHub_Raw_List","en","Global","pantie"
"panties","Imported from Open Source Blacklist","GitHub_Raw_List","en","Global","panties"
"panty","Imported from Open Source Blacklist","GitHub_Raw_List","en","Global","panty"
"paska","Imported from Open Source Blacklist","GitHub_Raw_List","en","Global","paska"
"payo","Imported from Open Source Blacklist","GitHub_Raw_List","en","Global","payo"
"pcp","Imported from Open Source Blacklist","GitHub_Raw_List","en","Global","pcp"
"pearlnecklace","Imported from Open Source Blacklist","GitHub_Raw_List","en","Global","pearlnecklace"
"pecker","Imported from Open Source Blacklist","GitHub_Raw_List","en","Global","pecker"
"peckerhead","Imported from Open Source Blacklist","GitHub_Raw_List","en","Global","peckerhead"
"peckerwood","Imported from Open Source Blacklist","GitHub_Raw_List","en","Global","peckerwood"
"pedo","Imported from Open Source Blacklist","GitHub_Raw_List","en","Global","pedo"
"pedobear","Imported from Open Source Blacklist","GitHub_Raw_List","en","Global","pedobear"
"pedophile","Imported from Open Source Blacklist","GitHub_Raw_List","en","Global","pedophile"
"pedophilia","Imported from Open Source Blacklist","GitHub_Raw_List","en","Global","pedophilia"
"pedophiliac","Imported from Open Source Blacklist","GitHub_Raw_List","en","Global","pedophiliac"
"peeenus","Imported from Open Source Blacklist","GitHub_Raw_List","en","Global","peeenus"
"peeenusss","Imported from Open Source Blacklist","GitHub_Raw_List","en","Global","peeenusss"
"peehole","Imported from Open Source Blacklist","GitHub_Raw_List","en","Global","peehole"
"peenus","Imported from Open Source Blacklist","GitHub_Raw_List","en","Global","peenus"
"peepee","Imported from Open Source Blacklist","GitHub_Raw_List","en","Global","peepee"
"peepshow","Imported from Open Source Blacklist","GitHub_Raw_List","en","Global","peepshow"
"peepshpw","Imported from Open Source Blacklist","GitHub_Raw_List","en","Global","peepshpw"
"pegging","Imported from Open Source Blacklist","GitHub_Raw_List","en","Global","pegging"
"peinus","Imported from Open Source Blacklist","GitHub_Raw_List","en","Global","peinus"
"pen1s","Imported from Open Source Blacklist","GitHub_Raw_List","en","Global","pen1s"
"penas","Imported from Open Source Blacklist","GitHub_Raw_List","en","Global","penas"
"pendejo","Imported from Open Source Blacklist","GitHub_Raw_List","en","Global","pendejo"
"pendy","Imported from Open Source Blacklist","GitHub_Raw_List","en","Global","pendy"
"penetrate","Imported from Open Source Blacklist","GitHub_Raw_List","en","Global","penetrate"
"penetration","Imported from Open Source Blacklist","GitHub_Raw_List","en","Global","penetration"
"peni5","Imported from Open Source Blacklist","GitHub_Raw_List","en","Global","peni5"
"penial","Imported from Open Source Blacklist","GitHub_Raw_List","en","Global","penial"
"penile","Imported from Open Source Blacklist","GitHub_Raw_List","en","Global","penile"
"penis-breath","Imported from Open Source Blacklist","GitHub_Raw_List","en","Global","penisbreath"
"penises","Imported from Open Source Blacklist","GitHub_Raw_List","en","Global","penises"
"penisfucker","Imported from Open Source Blacklist","GitHub_Raw_List","en","Global","penisfucker"
"penisland","Imported from Open Source Blacklist","GitHub_Raw_List","en","Global","penisland"
"penislick","Imported from Open Source Blacklist","GitHub_Raw_List","en","Global","penislick"
"penislicker","Imported from Open Source Blacklist","GitHub_Raw_List","en","Global","penislicker"
"penispuffer","Imported from Open Source Blacklist","GitHub_Raw_List","en","Global","penispuffer"
"penthouse","Imported from Open Source Blacklist","GitHub_Raw_List","en","Global","penthouse"
"penus","Imported from Open Source Blacklist","GitHub_Raw_List","en","Global","penus"
"penuus","Imported from Open Source Blacklist","GitHub_Raw_List","en","Global","penuus"
"perse","Imported from Open Source Blacklist","GitHub_Raw_List","en","Global","perse"
"perv","Imported from Open Source Blacklist","GitHub_Raw_List","en","Global","perv"
"perversion","Imported from Open Source Blacklist","GitHub_Raw_List","en","Global","perversion"
"peyote","Imported from Open Source Blacklist","GitHub_Raw_List","en","Global","peyote"
"phalli","Imported from Open Source Blacklist","GitHub_Raw_List","en","Global","phalli"
"phallic","Imported from Open Source Blacklist","GitHub_Raw_List","en","Global","phallic"
"phone sex","Imported from Open Source Blacklist","GitHub_Raw_List","en","Global","phonesex"
"phuc","Imported from Open Source Blacklist","GitHub_Raw_List","en","Global","phuc"
"phuck","Imported from Open Source Blacklist","GitHub_Raw_List","en","Global","phuck"
"phuk","Imported from Open Source Blacklist","GitHub_Raw_List","en","Global","phuk"
"phuked","Imported from Open Source Blacklist","GitHub_Raw_List","en","Global","phuked"
"phuker","Imported from Open Source Blacklist","GitHub_Raw_List","en","Global","phuker"
"phuking","Imported from Open Source Blacklist","GitHub_Raw_List","en","Global","phuking"
"phukked","Imported from Open Source Blacklist","GitHub_Raw_List","en","Global","phukked"
"phukker","Imported from Open Source Blacklist","GitHub_Raw_List","en","Global","phukker"
"phukking","Imported from Open Source Blacklist","GitHub_Raw_List","en","Global","phukking"
"phuks","Imported from Open Source Blacklist","GitHub_Raw_List","en","Global","phuks"
"phungky","Imported from Open Source Blacklist","GitHub_Raw_List","en","Global","phungky"
"phuq","Imported from Open Source Blacklist","GitHub_Raw_List","en","Global","phuq"
"pi55","Imported from Open Source Blacklist","GitHub_Raw_List","en","Global","pi55"
"picaninny","Imported from Open Source Blacklist","GitHub_Raw_List","en","Global","picaninny"
"piccaninny","Imported from Open Source Blacklist","GitHub_Raw_List","en","Global","piccaninny"
"picka","Imported from Open Source Blacklist","GitHub_Raw_List","en","Global","picka"
"pickaninnies","Imported from Open Source Blacklist","GitHub_Raw_List","en","Global","pickaninnies"
"pickaninny","Imported from Open Source Blacklist","GitHub_Raw_List","en","Global","pickaninny"
"piece of shit","Imported from Open Source Blacklist","GitHub_Raw_List","en","Global","pieceofshit"
"piefke","Imported from Open Source Blacklist","GitHub_Raw_List","en","Global","piefke"
"piefkes","Imported from Open Source Blacklist","GitHub_Raw_List","en","Global","piefkes"
"pierdol","Imported from Open Source Blacklist","GitHub_Raw_List","en","Global","pierdol"
"pigfucker","Imported from Open Source Blacklist","GitHub_Raw_List","en","Global","pigfucker"
"piker","Imported from Open Source Blacklist","GitHub_Raw_List","en","Global","piker"
"pikey","Imported from Open Source Blacklist","GitHub_Raw_List","en","Global","pikey"
"piky","Imported from Open Source Blacklist","GitHub_Raw_List","en","Global","piky"
"pillowbiter","Imported from Open Source Blacklist","GitHub_Raw_List","en","Global","pillowbiter"
"pillu","Imported from Open Source Blacklist","GitHub_Raw_List","en","Global","pillu"
"pimmel","Imported from Open Source Blacklist","GitHub_Raw_List","en","Global","pimmel"
"pimp","Imported from Open Source Blacklist","GitHub_Raw_List","en","Global","pimp"
"pimped","Imported from Open Source Blacklist","GitHub_Raw_List","en","Global","pimped"
"pimper","Imported from Open Source Blacklist","GitHub_Raw_List","en","Global","pimper"
"pimpis","Imported from Open Source Blacklist","GitHub_Raw_List","en","Global","pimpis"
"pimpjuic","Imported from Open Source Blacklist","GitHub_Raw_List","en","Global","pimpjuic"
"pimpjuice","Imported from Open Source Blacklist","GitHub_Raw_List","en","Global","pimpjuice"
"pimpsimp","Imported from Open Source Blacklist","GitHub_Raw_List","en","Global","pimpsimp"
"pindick","Imported from Open Source Blacklist","GitHub_Raw_List","en","Global","pindick"
"pinko","Imported from Open Source Blacklist","GitHub_Raw_List","en","Global","pinko"
"pises","Imported from Open Source Blacklist","GitHub_Raw_List","en","Global","pises"
"pisin","Imported from Open Source Blacklist","GitHub_Raw_List","en","Global","pisin"
"pising","Imported from Open Source Blacklist","GitHub_Raw_List","en","Global","pising"
"pisof","Imported from Open Source Blacklist","GitHub_Raw_List","en","Global","pisof"
"piss pig","Imported from Open Source Blacklist","GitHub_Raw_List","en","Global","pisspig"
"piss","Imported from Open Source Blacklist","GitHub_Raw_List","en","Global","piss"
"piss-off","Imported from Open Source Blacklist","GitHub_Raw_List","en","Global","pissoff"
"pissed","Imported from Open Source Blacklist","GitHub_Raw_List","en","Global","pissed"
"pisser","Imported from Open Source Blacklist","GitHub_Raw_List","en","Global","pisser"
"pissers","Imported from Open Source Blacklist","GitHub_Raw_List","en","Global","pissers"
"pisses","Imported from Open Source Blacklist","GitHub_Raw_List","en","Global","pisses"
"pissflap","Imported from Open Source Blacklist","GitHub_Raw_List","en","Global","pissflap"
"pisshead","Imported from Open Source Blacklist","GitHub_Raw_List","en","Global","pisshead"
"pissin","Imported from Open Source Blacklist","GitHub_Raw_List","en","Global","pissin"
"pissing","Imported from Open Source Blacklist","GitHub_Raw_List","en","Global","pissing"
"pizda","Imported from Open Source Blacklist","GitHub_Raw_List","en","Global","pizda"
"playboy","Imported from Open Source Blacklist","GitHub_Raw_List","en","Global","playboy"
"playgirl","Imported from Open Source Blacklist","GitHub_Raw_List","en","Global","playgirl"
"pleasure chest","Imported from Open Source Blacklist","GitHub_Raw_List","en","Global","pleasurechest"
"pocha","Imported from Open Source Blacklist","GitHub_Raw_List","en","Global","pocha"
"pochas","Imported from Open Source Blacklist","GitHub_Raw_List","en","Global","pochas"
"pocho","Imported from Open Source Blacklist","GitHub_Raw_List","en","Global","pocho"
"pochos","Imported from Open Source Blacklist","GitHub_Raw_List","en","Global","pochos"
"pocketpool","Imported from Open Source Blacklist","GitHub_Raw_List","en","Global","pocketpool"
"pohm","Imported from Open Source Blacklist","GitHub_Raw_List","en","Global","pohm"
"pohms","Imported from Open Source Blacklist","GitHub_Raw_List","en","Global","pohms"
"polac","Imported from Open Source Blacklist","GitHub_Raw_List","en","Global","polac"
"polack","Imported from Open Source Blacklist","GitHub_Raw_List","en","Global","polack"
"polacks","Imported from Open Source Blacklist","GitHub_Raw_List","en","Global","polacks"
"polak","Imported from Open Source Blacklist","GitHub_Raw_List","en","Global","polak"
"pole smoker","Imported from Open Source Blacklist","GitHub_Raw_List","en","Global","polesmoker"
"pollock","Imported from Open Source Blacklist","GitHub_Raw_List","en","Global","pollock"
"pollocks","Imported from Open Source Blacklist","GitHub_Raw_List","en","Global","pollocks"
"pommie grant","Imported from Open Source Blacklist","GitHub_Raw_List","en","Global","pommiegrant"
"pommie grants","Imported from Open Source Blacklist","GitHub_Raw_List","en","Global","pommiegrants"
"pommy","Imported from Open Source Blacklist","GitHub_Raw_List","en","Global","pommy"
"ponyplay","Imported from Open Source Blacklist","GitHub_Raw_List","en","Global","ponyplay"
"poof","Imported from Open Source Blacklist","GitHub_Raw_List","en","Global","poof"
"poon","Imported from Open Source Blacklist","GitHub_Raw_List","en","Global","poon"
"poonani","Imported from Open Source Blacklist","GitHub_Raw_List","en","Global","poonani"
"poonany","Imported from Open Source Blacklist","GitHub_Raw_List","en","Global","poonany"
"poontang","Imported from Open Source Blacklist","GitHub_Raw_List","en","Global","poontang"
"poontsee","Imported from Open Source Blacklist","GitHub_Raw_List","en","Global","poontsee"
"poop chute","Imported from Open Source Blacklist","GitHub_Raw_List","en","Global","poopchute"
"pooper","Imported from Open Source Blacklist","GitHub_Raw_List","en","Global","pooper"
"pooperscooper","Imported from Open Source Blacklist","GitHub_Raw_List","en","Global","pooperscooper"
"pooping","Imported from Open Source Blacklist","GitHub_Raw_List","en","Global","pooping"
"poorwhitetrash","Imported from Open Source Blacklist","GitHub_Raw_List","en","Global","poorwhitetrash"
"popimp","Imported from Open Source Blacklist","GitHub_Raw_List","en","Global","popimp"
"porch monkey","Imported from Open Source Blacklist","GitHub_Raw_List","en","Global","porchmonkey"
"porch monkies","Imported from Open Source Blacklist","GitHub_Raw_List","en","Global","porchmonkies"
"porn","Imported from Open Source Blacklist","GitHub_Raw_List","en","Global","porn"
"pornflick","Imported from Open Source Blacklist","GitHub_Raw_List","en","Global","pornflick"
"pornking","Imported from Open Source Blacklist","GitHub_Raw_List","en","Global","pornking"
"porno","Imported from Open Source Blacklist","GitHub_Raw_List","en","Global","porno"
"pornography","Imported from Open Source Blacklist","GitHub_Raw_List","en","Global","pornography"
"pornos","Imported from Open Source Blacklist","GitHub_Raw_List","en","Global","pornos"
"pornprincess","Imported from Open Source Blacklist","GitHub_Raw_List","en","Global","pornprincess"
"pound town","Imported from Open Source Blacklist","GitHub_Raw_List","en","Global","poundtown"
"pplicker","Imported from Open Source Blacklist","GitHub_Raw_List","en","Global","pplicker"
"pr0n","Imported from Open Source Blacklist","GitHub_Raw_List","en","Global","pr0n"
"pr1c","Imported from Open Source Blacklist","GitHub_Raw_List","en","Global","pr1c"
"pr1ck","Imported from Open Source Blacklist","GitHub_Raw_List","en","Global","pr1ck"
"pr1k","Imported from Open Source Blacklist","GitHub_Raw_List","en","Global","pr1k"
"prairie nigger","Imported from Open Source Blacklist","GitHub_Raw_List","en","Global","prairienigger"
"prairie niggers","Imported from Open Source Blacklist","GitHub_Raw_List","en","Global","prairieniggers"
"preteen","Imported from Open Source Blacklist","GitHub_Raw_List","en","Global","preteen"
"pric","Imported from Open Source Blacklist","GitHub_Raw_List","en","Global","pric"
"prickhead","Imported from Open Source Blacklist","GitHub_Raw_List","en","Global","prickhead"
"pricks","Imported from Open Source Blacklist","GitHub_Raw_List","en","Global","pricks"
"prig","Imported from Open Source Blacklist","GitHub_Raw_List","en","Global","prig"
"prince albert piercing","Imported from Open Source Blacklist","GitHub_Raw_List","en","Global","princealbertpiercing"
"pron","Imported from Open Source Blacklist","GitHub_Raw_List","en","Global","pron"
"prostitute","Imported from Open Source Blacklist","GitHub_Raw_List","en","Global","prostitute"
"pthc","Imported from Open Source Blacklist","GitHub_Raw_List","en","Global","pthc"
"pu55i","Imported from Open Source Blacklist","GitHub_Raw_List","en","Global","pu55i"
"pu55y","Imported from Open Source Blacklist","GitHub_Raw_List","en","Global","pu55y"
"pube","Imported from Open Source Blacklist","GitHub_Raw_List","en","Global","pube"
"pubes","Imported from Open Source Blacklist","GitHub_Raw_List","en","Global","pubes"
"pubic","Imported from Open Source Blacklist","GitHub_Raw_List","en","Global","pubic"
"pubiclice","Imported from Open Source Blacklist","GitHub_Raw_List","en","Global","pubiclice"
"pubis","Imported from Open Source Blacklist","GitHub_Raw_List","en","Global","pubis"
"pudboy","Imported from Open Source Blacklist","GitHub_Raw_List","en","Global","pudboy"
"pudd","Imported from Open Source Blacklist","GitHub_Raw_List","en","Global","pudd"
"puddboy","Imported from Open Source Blacklist","GitHub_Raw_List","en","Global","puddboy"
"pula","Imported from Open Source Blacklist","GitHub_Raw_List","en","Global","pula"
"punani","Imported from Open Source Blacklist","GitHub_Raw_List","en","Global","punani"
"punanny","Imported from Open Source Blacklist","GitHub_Raw_List","en","Global","punanny"
"punany","Imported from Open Source Blacklist","GitHub_Raw_List","en","Global","punany"
"punkass","Imported from Open Source Blacklist","GitHub_Raw_List","en","Global","punkass"
"punky","Imported from Open Source Blacklist","GitHub_Raw_List","en","Global","punky"
"punta","Imported from Open Source Blacklist","GitHub_Raw_List","en","Global","punta"
"puntang","Imported from Open Source Blacklist","GitHub_Raw_List","en","Global","puntang"
"purinapricness","Imported from Open Source Blacklist","GitHub_Raw_List","en","Global","purinapricness"
"pusies","Imported from Open Source Blacklist","GitHub_Raw_List","en","Global","pusies"
"puss","Imported from Open Source Blacklist","GitHub_Raw_List","en","Global","puss"
"pusse","Imported from Open Source Blacklist","GitHub_Raw_List","en","Global","pusse"
"pussee","Imported from Open Source Blacklist","GitHub_Raw_List","en","Global","pussee"
"pussi","Imported from Open Source Blacklist","GitHub_Raw_List","en","Global","pussi"
"pussie","Imported from Open Source Blacklist","GitHub_Raw_List","en","Global","pussie"
"pussies","Imported from Open Source Blacklist","GitHub_Raw_List","en","Global","pussies"
"pussycat","Imported from Open Source Blacklist","GitHub_Raw_List","en","Global","pussycat"
"pussydestroyer","Imported from Open Source Blacklist","GitHub_Raw_List","en","Global","pussydestroyer"
"pussyeater","Imported from Open Source Blacklist","GitHub_Raw_List","en","Global","pussyeater"
"pussyfart","Imported from Open Source Blacklist","GitHub_Raw_List","en","Global","pussyfart"
"pussyfuck","Imported from Open Source Blacklist","GitHub_Raw_List","en","Global","pussyfuck"
"pussyfucker","Imported from Open Source Blacklist","GitHub_Raw_List","en","Global","pussyfucker"
"pussylicker","Imported from Open Source Blacklist","GitHub_Raw_List","en","Global","pussylicker"
"pussylicking","Imported from Open Source Blacklist","GitHub_Raw_List","en","Global","pussylicking"
"pussylips","Imported from Open Source Blacklist","GitHub_Raw_List","en","Global","pussylips"
"pussylover","Imported from Open Source Blacklist","GitHub_Raw_List","en","Global","pussylover"
"pussypalace","Imported from Open Source Blacklist","GitHub_Raw_List","en","Global","pussypalace"
"pussypounder","Imported from Open Source Blacklist","GitHub_Raw_List","en","Global","pussypounder"
"pussys","Imported from Open Source Blacklist","GitHub_Raw_List","en","Global","pussys"
"pusy","Imported from Open Source Blacklist","GitHub_Raw_List","en","Global","pusy"
"puta","Imported from Open Source Blacklist","GitHub_Raw_List","en","Global","puta"
"puto","Imported from Open Source Blacklist","GitHub_Raw_List","en","Global","puto"
"puuke","Imported from Open Source Blacklist","GitHub_Raw_List","en","Global","puuke"
"puuker","Imported from Open Source Blacklist","GitHub_Raw_List","en","Global","puuker"
"qahbeh","Imported from Open Source Blacklist","GitHub_Raw_List","en","Global","qahbeh"
"quashie","Imported from Open Source Blacklist","GitHub_Raw_List","en","Global","quashie"
"queaf","Imported from Open Source Blacklist","GitHub_Raw_List","en","Global","queaf"
"queef","Imported from Open Source Blacklist","GitHub_Raw_List","en","Global","queef"
"queerhole","Imported from Open Source Blacklist","GitHub_Raw_List","en","Global","queerhole"
"queero","Imported from Open Source Blacklist","GitHub_Raw_List","en","Global","queero"
"queers","Imported from Open Source Blacklist","GitHub_Raw_List","en","Global","queers"
"queerz","Imported from Open Source Blacklist","GitHub_Raw_List","en","Global","queerz"
"quickie","Imported from Open Source Blacklist","GitHub_Raw_List","en","Global","quickie"
"quicky","Imported from Open Source Blacklist","GitHub_Raw_List","en","Global","quicky"
"quiff","Imported from Open Source Blacklist","GitHub_Raw_List","en","Global","quiff"
"quim","Imported from Open Source Blacklist","GitHub_Raw_List","en","Global","quim"
"qweers","Imported from Open Source Blacklist","GitHub_Raw_List","en","Global","qweers"
"qweerz","Imported from Open Source Blacklist","GitHub_Raw_List","en","Global","qweerz"
"qweir","Imported from Open Source Blacklist","GitHub_Raw_List","en","Global","qweir"
"r-tard","Imported from Open Source Blacklist","GitHub_Raw_List","en","Global","rtard"
"r-tards","Imported from Open Source Blacklist","GitHub_Raw_List","en","Global","rtards"
"r5e","Imported from Open Source Blacklist","GitHub_Raw_List","en","Global","r5e"
"ra8s","Imported from Open Source Blacklist","GitHub_Raw_List","en","Global","ra8s"
"raghead","Imported from Open Source Blacklist","GitHub_Raw_List","en","Global","raghead"
"ragheads","Imported from Open Source Blacklist","GitHub_Raw_List","en","Global","ragheads"
"rape","Imported from Open Source Blacklist","GitHub_Raw_List","en","Global","rape"
"raped","Imported from Open Source Blacklist","GitHub_Raw_List","en","Global","raped"
"raper","Imported from Open Source Blacklist","GitHub_Raw_List","en","Global","raper"
"raping","Imported from Open Source Blacklist","GitHub_Raw_List","en","Global","raping"
"rapist","Imported from Open Source Blacklist","GitHub_Raw_List","en","Global","rapist"
"rautenberg","Imported from Open Source Blacklist","GitHub_Raw_List","en","Global","rautenberg"
"rearend","Imported from Open Source Blacklist","GitHub_Raw_List","en","Global","rearend"
"rearentry","Imported from Open Source Blacklist","GitHub_Raw_List","en","Global","rearentry"
"recktum","Imported from Open Source Blacklist","GitHub_Raw_List","en","Global","recktum"
"rectal","Imported from Open Source Blacklist","GitHub_Raw_List","en","Global","rectal"
"rectum","Imported from Open Source Blacklist","GitHub_Raw_List","en","Global","rectum"
"rectus","Imported from Open Source Blacklist","GitHub_Raw_List","en","Global","rectus"
"redleg","Imported from Open Source Blacklist","GitHub_Raw_List","en","Global","redleg"
"redlegs","Imported from Open Source Blacklist","GitHub_Raw_List","en","Global","redlegs"
"redlight","Imported from Open Source Blacklist","GitHub_Raw_List","en","Global","redlight"
"redskin","Imported from Open Source Blacklist","GitHub_Raw_List","en","Global","redskin"
"redskins","Imported from Open Source Blacklist","GitHub_Raw_List","en","Global","redskins"
"reefer","Imported from Open Source Blacklist","GitHub_Raw_List","en","Global","reefer"
"reestie","Imported from Open Source Blacklist","GitHub_Raw_List","en","Global","reestie"
"reetard","Imported from Open Source Blacklist","GitHub_Raw_List","en","Global","reetard"
"reich","Imported from Open Source Blacklist","GitHub_Raw_List","en","Global","reich"
"renob","Imported from Open Source Blacklist","GitHub_Raw_List","en","Global","renob"
"rentafuck","Imported from Open Source Blacklist","GitHub_Raw_List","en","Global","rentafuck"
"rere","Imported from Open Source Blacklist","GitHub_Raw_List","en","Global","rere"
"retard","Imported from Open Source Blacklist","GitHub_Raw_List","en","Global","retard"
"retarded","Imported from Open Source Blacklist","GitHub_Raw_List","en","Global","retarded"
"retards","Imported from Open Source Blacklist","GitHub_Raw_List","en","Global","retards"
"retardz","Imported from Open Source Blacklist","GitHub_Raw_List","en","Global","retardz"
"reverse cowgirl","Imported from Open Source Blacklist","GitHub_Raw_List","en","Global","reversecowgirl"
"rimjaw","Imported from Open Source Blacklist","GitHub_Raw_List","en","Global","rimjaw"
"rimjob","Imported from Open Source Blacklist","GitHub_Raw_List","en","Global","rimjob"
"rimming","Imported from Open Source Blacklist","GitHub_Raw_List","en","Global","rimming"
"ritard","Imported from Open Source Blacklist","GitHub_Raw_List","en","Global","ritard"
"rosebuds","Imported from Open Source Blacklist","GitHub_Raw_List","en","Global","rosebuds"
"rosy palm and her 5 sisters","Imported from Open Source Blacklist","GitHub_Raw_List","en","Global","rosypalmandher5sisters"
"rosy palm","Imported from Open Source Blacklist","GitHub_Raw_List","en","Global","rosypalm"
"rosypalmandherefivesisters","Imported from Open Source Blacklist","GitHub_Raw_List","en","Global","rosypalmandherefivesisters"
"round eyes","Imported from Open Source Blacklist","GitHub_Raw_List","en","Global","roundeyes"
"roundeye","Imported from Open Source Blacklist","GitHub_Raw_List","en","Global","roundeye"
"rumprammer","Imported from Open Source Blacklist","GitHub_Raw_List","en","Global","rumprammer"
"ruski","Imported from Open Source Blacklist","GitHub_Raw_List","en","Global","ruski"
"russki","Imported from Open Source Blacklist","GitHub_Raw_List","en","Global","russki"
"russkie","Imported from Open Source Blacklist","GitHub_Raw_List","en","Global","russkie"
"rusty trombone","Imported from Open Source Blacklist","GitHub_Raw_List","en","Global","rustytrombone"
"s h i t","Imported from Open Source Blacklist","GitHub_Raw_List","en","Global","shit"
"s&m","Imported from Open Source Blacklist","GitHub_Raw_List","en","Global","sm"
"s-h-1-t","Imported from Open Source Blacklist","GitHub_Raw_List","en","Global","sh1t"
"s-o-b","Imported from Open Source Blacklist","GitHub_Raw_List","en","Global","sob"
"s0b","Imported from Open Source Blacklist","GitHub_Raw_List","en","Global","s0b"
"s_h_i_t","Imported from Open Source Blacklist","GitHub_Raw_List","en","Global","s_h_i_t"
"sadis","Imported from Open Source Blacklist","GitHub_Raw_List","en","Global","sadis"
"sadism","Imported from Open Source Blacklist","GitHub_Raw_List","en","Global","sadism"
"sadist","Imported from Open Source Blacklist","GitHub_Raw_List","en","Global","sadist"
"sadom","Imported from Open Source Blacklist","GitHub_Raw_List","en","Global","sadom"
"sambo","Imported from Open Source Blacklist","GitHub_Raw_List","en","Global","sambo"
"sambos","Imported from Open Source Blacklist","GitHub_Raw_List","en","Global","sambos"
"samckdaddy","Imported from Open Source Blacklist","GitHub_Raw_List","en","Global","samckdaddy"
"sanchez","Imported from Open Source Blacklist","GitHub_Raw_List","en","Global","sanchez"
"sand nigger","Imported from Open Source Blacklist","GitHub_Raw_List","en","Global","sandnigger"
"sand niggers","Imported from Open Source Blacklist","GitHub_Raw_List","en","Global","sandniggers"
"sandm","Imported from Open Source Blacklist","GitHub_Raw_List","en","Global","sandm"
"santorum","Imported from Open Source Blacklist","GitHub_Raw_List","en","Global","santorum"
"sausagequeen","Imported from Open Source Blacklist","GitHub_Raw_List","en","Global","sausagequeen"
"scag","Imported from Open Source Blacklist","GitHub_Raw_List","en","Global","scag"
"scallywag","Imported from Open Source Blacklist","GitHub_Raw_List","en","Global","scallywag"
"scank","Imported from Open Source Blacklist","GitHub_Raw_List","en","Global","scank"
"scantily","Imported from Open Source Blacklist","GitHub_Raw_List","en","Global","scantily"
"scat","Imported from Open Source Blacklist","GitHub_Raw_List","en","Global","scat"
"schaffer","Imported from Open Source Blacklist","GitHub_Raw_List","en","Global","schaffer"
"scheiss","Imported from Open Source Blacklist","GitHub_Raw_List","en","Global","scheiss"
"schizo","Imported from Open Source Blacklist","GitHub_Raw_List","en","Global","schizo"
"schlampe","Imported from Open Source Blacklist","GitHub_Raw_List","en","Global","schlampe"
"schlong","Imported from Open Source Blacklist","GitHub_Raw_List","en","Global","schlong"
"schmuck","Imported from Open Source Blacklist","GitHub_Raw_List","en","Global","schmuck"
"schvartse","Imported from Open Source Blacklist","GitHub_Raw_List","en","Global","schvartse"
"schvartsen","Imported from Open Source Blacklist","GitHub_Raw_List","en","Global","schvartsen"
"schwartze","Imported from Open Source Blacklist","GitHub_Raw_List","en","Global","schwartze"
"schwartzen","Imported from Open Source Blacklist","GitHub_Raw_List","en","Global","schwartzen"
"scissoring","Imported from Open Source Blacklist","GitHub_Raw_List","en","Global","scissoring"
"screwyou","Imported from Open Source Blacklist","GitHub_Raw_List","en","Global","screwyou"
"scroat","Imported from Open Source Blacklist","GitHub_Raw_List","en","Global","scroat"
"scrog","Imported from Open Source Blacklist","GitHub_Raw_List","en","Global","scrog"
"scrote","Imported from Open Source Blacklist","GitHub_Raw_List","en","Global","scrote"
"scrotum","Imported from Open Source Blacklist","GitHub_Raw_List","en","Global","scrotum"
"scrud","Imported from Open Source Blacklist","GitHub_Raw_List","en","Global","scrud"
"seduce","Imported from Open Source Blacklist","GitHub_Raw_List","en","Global","seduce"
"semen","Imported from Open Source Blacklist","GitHub_Raw_List","en","Global","semen"
"seppo","Imported from Open Source Blacklist","GitHub_Raw_List","en","Global","seppo"
"seppos","Imported from Open Source Blacklist","GitHub_Raw_List","en","Global","seppos"
"septics","Imported from Open Source Blacklist","GitHub_Raw_List","en","Global","septics"
"sexcam","Imported from Open Source Blacklist","GitHub_Raw_List","en","Global","sexcam"
"sexed","Imported from Open Source Blacklist","GitHub_Raw_List","en","Global","sexed"
"sexfarm","Imported from Open Source Blacklist","GitHub_Raw_List","en","Global","sexfarm"
"sexhound","Imported from Open Source Blacklist","GitHub_Raw_List","en","Global","sexhound"
"sexhouse","Imported from Open Source Blacklist","GitHub_Raw_List","en","Global","sexhouse"
"sexi","Imported from Open Source Blacklist","GitHub_Raw_List","en","Global","sexi"
"sexing","Imported from Open Source Blacklist","GitHub_Raw_List","en","Global","sexing"
"sexkitten","Imported from Open Source Blacklist","GitHub_Raw_List","en","Global","sexkitten"
"sexo","Imported from Open Source Blacklist","GitHub_Raw_List","en","Global","sexo"
"sexpot","Imported from Open Source Blacklist","GitHub_Raw_List","en","Global","sexpot"
"sexslave","Imported from Open Source Blacklist","GitHub_Raw_List","en","Global","sexslave"
"sextogo","Imported from Open Source Blacklist","GitHub_Raw_List","en","Global","sextogo"
"sextoy","Imported from Open Source Blacklist","GitHub_Raw_List","en","Global","sextoy"
"sextoys","Imported from Open Source Blacklist","GitHub_Raw_List","en","Global","sextoys"
"sexual","Imported from Open Source Blacklist","GitHub_Raw_List","en","Global","sexual"
"sexually","Imported from Open Source Blacklist","GitHub_Raw_List","en","Global","sexually"
"sexwhore","Imported from Open Source Blacklist","GitHub_Raw_List","en","Global","sexwhore"
"sexx","Imported from Open Source Blacklist","GitHub_Raw_List","en","Global","sexx"
"sexxi","Imported from Open Source Blacklist","GitHub_Raw_List","en","Global","sexxi"
"sexxx","Imported from Open Source Blacklist","GitHub_Raw_List","en","Global","sexxx"
"sexxxi","Imported from Open Source Blacklist","GitHub_Raw_List","en","Global","sexxxi"
"sexxxy","Imported from Open Source Blacklist","GitHub_Raw_List","en","Global","sexxxy"
"sexxy","Imported from Open Source Blacklist","GitHub_Raw_List","en","Global","sexxy"
"sexy","Imported from Open Source Blacklist","GitHub_Raw_List","en","Global","sexy"
"sexymoma","Imported from Open Source Blacklist","GitHub_Raw_List","en","Global","sexymoma"
"sexyslim","Imported from Open Source Blacklist","GitHub_Raw_List","en","Global","sexyslim"
"sh!+","Imported from Open Source Blacklist","GitHub_Raw_List","en","Global","sh"
"sh!t","Imported from Open Source Blacklist","GitHub_Raw_List","en","Global","sht"
"sh1ter","Imported from Open Source Blacklist","GitHub_Raw_List","en","Global","sh1ter"
"sh1ts","Imported from Open Source Blacklist","GitHub_Raw_List","en","Global","sh1ts"
"sh1tter","Imported from Open Source Blacklist","GitHub_Raw_List","en","Global","sh1tter"
"sh1tz","Imported from Open Source Blacklist","GitHub_Raw_List","en","Global","sh1tz"
"shag","Imported from Open Source Blacklist","GitHub_Raw_List","en","Global","shag"
"shagger","Imported from Open Source Blacklist","GitHub_Raw_List","en","Global","shagger"
"shaggin","Imported from Open Source Blacklist","GitHub_Raw_List","en","Global","shaggin"
"shagging","Imported from Open Source Blacklist","GitHub_Raw_List","en","Global","shagging"
"shamedame","Imported from Open Source Blacklist","GitHub_Raw_List","en","Global","shamedame"
"sharmuta","Imported from Open Source Blacklist","GitHub_Raw_List","en","Global","sharmuta"
"sharmute","Imported from Open Source Blacklist","GitHub_Raw_List","en","Global","sharmute"
"shat","Imported from Open Source Blacklist","GitHub_Raw_List","en","Global","shat"
"shav","Imported from Open Source Blacklist","GitHub_Raw_List","en","Global","shav"
"shaved beaver","Imported from Open Source Blacklist","GitHub_Raw_List","en","Global","shavedbeaver"
"shaved pussy","Imported from Open Source Blacklist","GitHub_Raw_List","en","Global","shavedpussy"
"shawtypimp","Imported from Open Source Blacklist","GitHub_Raw_List","en","Global","shawtypimp"
"sheeney","Imported from Open Source Blacklist","GitHub_Raw_List","en","Global","sheeney"
"shemale","Imported from Open Source Blacklist","GitHub_Raw_List","en","Global","shemale"
"shhit","Imported from Open Source Blacklist","GitHub_Raw_List","en","Global","shhit"
"shi+","Imported from Open Source Blacklist","GitHub_Raw_List","en","Global","shi"
"shibari","Imported from Open Source Blacklist","GitHub_Raw_List","en","Global","shibari"
"shibary","Imported from Open Source Blacklist","GitHub_Raw_List","en","Global","shibary"
"shinola","Imported from Open Source Blacklist","GitHub_Raw_List","en","Global","shinola"
"shipal","Imported from Open Source Blacklist","GitHub_Raw_List","en","Global","shipal"
"shit ass","Imported from Open Source Blacklist","GitHub_Raw_List","en","Global","shitass"
"shit-bag","Imported from Open Source Blacklist","GitHub_Raw_List","en","Global","shitbag"
"shit-bagger","Imported from Open Source Blacklist","GitHub_Raw_List","en","Global","shitbagger"
"shit-brain","Imported from Open Source Blacklist","GitHub_Raw_List","en","Global","shitbrain"
"shit-breath","Imported from Open Source Blacklist","GitHub_Raw_List","en","Global","shitbreath"
"shit-cunt","Imported from Open Source Blacklist","GitHub_Raw_List","en","Global","shitcunt"
"shit-dick","Imported from Open Source Blacklist","GitHub_Raw_List","en","Global","shitdick"
"shit-eating","Imported from Open Source Blacklist","GitHub_Raw_List","en","Global","shiteating"
"shit-face","Imported from Open Source Blacklist","GitHub_Raw_List","en","Global","shitface"
"shit-faced","Imported from Open Source Blacklist","GitHub_Raw_List","en","Global","shitfaced"
"shit-fit","Imported from Open Source Blacklist","GitHub_Raw_List","en","Global","shitfit"
"shit-head","Imported from Open Source Blacklist","GitHub_Raw_List","en","Global","shithead"
"shit-heel","Imported from Open Source Blacklist","GitHub_Raw_List","en","Global","shitheel"
"shit-hole","Imported from Open Source Blacklist","GitHub_Raw_List","en","Global","shithole"
"shit-house","Imported from Open Source Blacklist","GitHub_Raw_List","en","Global","shithouse"
"shit-load","Imported from Open Source Blacklist","GitHub_Raw_List","en","Global","shitload"
"shit-pot","Imported from Open Source Blacklist","GitHub_Raw_List","en","Global","shitpot"
"shit-spitter","Imported from Open Source Blacklist","GitHub_Raw_List","en","Global","shitspitter"
"shit-stain","Imported from Open Source Blacklist","GitHub_Raw_List","en","Global","shitstain"
"shitblimp","Imported from Open Source Blacklist","GitHub_Raw_List","en","Global","shitblimp"
"shitcan","Imported from Open Source Blacklist","GitHub_Raw_List","en","Global","shitcan"
"shite","Imported from Open Source Blacklist","GitHub_Raw_List","en","Global","shite"
"shiteater","Imported from Open Source Blacklist","GitHub_Raw_List","en","Global","shiteater"
"shited","Imported from Open Source Blacklist","GitHub_Raw_List","en","Global","shited"
"shitey","Imported from Open Source Blacklist","GitHub_Raw_List","en","Global","shitey"
"shitforbrains","Imported from Open Source Blacklist","GitHub_Raw_List","en","Global","shitforbrains"
"shitfuck","Imported from Open Source Blacklist","GitHub_Raw_List","en","Global","shitfuck"
"shitfucker","Imported from Open Source Blacklist","GitHub_Raw_List","en","Global","shitfucker"
"shitfull","Imported from Open Source Blacklist","GitHub_Raw_List","en","Global","shitfull"
"shithapens","Imported from Open Source Blacklist","GitHub_Raw_List","en","Global","shithapens"
"shithappens","Imported from Open Source Blacklist","GitHub_Raw_List","en","Global","shithappens"
"shiting","Imported from Open Source Blacklist","GitHub_Raw_List","en","Global","shiting"
"shitings","Imported from Open Source Blacklist","GitHub_Raw_List","en","Global","shitings"
"shitlist","Imported from Open Source Blacklist","GitHub_Raw_List","en","Global","shitlist"
"shitola","Imported from Open Source Blacklist","GitHub_Raw_List","en","Global","shitola"
"shitoutofluck","Imported from Open Source Blacklist","GitHub_Raw_List","en","Global","shitoutofluck"
"shits","Imported from Open Source Blacklist","GitHub_Raw_List","en","Global","shits"
"shitt","Imported from Open Source Blacklist","GitHub_Raw_List","en","Global","shitt"
"shitted","Imported from Open Source Blacklist","GitHub_Raw_List","en","Global","shitted"
"shitter","Imported from Open Source Blacklist","GitHub_Raw_List","en","Global","shitter"
"shitters","Imported from Open Source Blacklist","GitHub_Raw_List","en","Global","shitters"
"shittiest","Imported from Open Source Blacklist","GitHub_Raw_List","en","Global","shittiest"
"shitting","Imported from Open Source Blacklist","GitHub_Raw_List","en","Global","shitting"
"shittings","Imported from Open Source Blacklist","GitHub_Raw_List","en","Global","shittings"
"shitty","Imported from Open Source Blacklist","GitHub_Raw_List","en","Global","shitty"
"shity","Imported from Open Source Blacklist","GitHub_Raw_List","en","Global","shity"
"shitz","Imported from Open Source Blacklist","GitHub_Raw_List","en","Global","shitz"
"shiz","Imported from Open Source Blacklist","GitHub_Raw_List","en","Global","shiz"
"shiznit","Imported from Open Source Blacklist","GitHub_Raw_List","en","Global","shiznit"
"shortfuck","Imported from Open Source Blacklist","GitHub_Raw_List","en","Global","shortfuck"
"shota","Imported from Open Source Blacklist","GitHub_Raw_List","en","Global","shota"
"shylock","Imported from Open Source Blacklist","GitHub_Raw_List","en","Global","shylock"
"shylocks","Imported from Open Source Blacklist","GitHub_Raw_List","en","Global","shylocks"
"shyt","Imported from Open Source Blacklist","GitHub_Raw_List","en","Global","shyt"
"shyte","Imported from Open Source Blacklist","GitHub_Raw_List","en","Global","shyte"
"shytty","Imported from Open Source Blacklist","GitHub_Raw_List","en","Global","shytty"
"shyty","Imported from Open Source Blacklist","GitHub_Raw_List","en","Global","shyty"
"simp","Imported from Open Source Blacklist","GitHub_Raw_List","en","Global","simp"
"sissy","Imported from Open Source Blacklist","GitHub_Raw_List","en","Global","sissy"
"sixsixsix","Imported from Open Source Blacklist","GitHub_Raw_List","en","Global","sixsixsix"
"sixtynine","Imported from Open Source Blacklist","GitHub_Raw_List","en","Global","sixtynine"
"sixtyniner","Imported from Open Source Blacklist","GitHub_Raw_List","en","Global","sixtyniner"
"skag","Imported from Open Source Blacklist","GitHub_Raw_List","en","Global","skag"
"skanck","Imported from Open Source Blacklist","GitHub_Raw_List","en","Global","skanck"
"skank","Imported from Open Source Blacklist","GitHub_Raw_List","en","Global","skank"
"skankbitch","Imported from Open Source Blacklist","GitHub_Raw_List","en","Global","skankbitch"
"skankee","Imported from Open Source Blacklist","GitHub_Raw_List","en","Global","skankee"
"skankey","Imported from Open Source Blacklist","GitHub_Raw_List","en","Global","skankey"
"skankfuck","Imported from Open Source Blacklist","GitHub_Raw_List","en","Global","skankfuck"
"skanks","Imported from Open Source Blacklist","GitHub_Raw_List","en","Global","skanks"
"skankwhore","Imported from Open Source Blacklist","GitHub_Raw_List","en","Global","skankwhore"
"skanky","Imported from Open Source Blacklist","GitHub_Raw_List","en","Global","skanky"
"skankybitch","Imported from Open Source Blacklist","GitHub_Raw_List","en","Global","skankybitch"
"skankywhore","Imported from Open Source Blacklist","GitHub_Raw_List","en","Global","skankywhore"
"skeet","Imported from Open Source Blacklist","GitHub_Raw_List","en","Global","skeet"
"skinflute","Imported from Open Source Blacklist","GitHub_Raw_List","en","Global","skinflute"
"skribz","Imported from Open Source Blacklist","GitHub_Raw_List","en","Global","skribz"
"skullfuck","Imported from Open Source Blacklist","GitHub_Raw_List","en","Global","skullfuck"
"skum","Imported from Open Source Blacklist","GitHub_Raw_List","en","Global","skum"
"skumbag","Imported from Open Source Blacklist","GitHub_Raw_List","en","Global","skumbag"
"skurwysyn","Imported from Open Source Blacklist","GitHub_Raw_List","en","Global","skurwysyn"
"skwa","Imported from Open Source Blacklist","GitHub_Raw_List","en","Global","skwa"
"skwe","Imported from Open Source Blacklist","GitHub_Raw_List","en","Global","skwe"
"slag","Imported from Open Source Blacklist","GitHub_Raw_List","en","Global","slag"
"slanteye","Imported from Open Source Blacklist","GitHub_Raw_List","en","Global","slanteye"
"slanty","Imported from Open Source Blacklist","GitHub_Raw_List","en","Global","slanty"
"slapper","Imported from Open Source Blacklist","GitHub_Raw_List","en","Global","slapper"
"sleezeball","Imported from Open Source Blacklist","GitHub_Raw_List","en","Global","sleezeball"
"slideitin","Imported from Open Source Blacklist","GitHub_Raw_List","en","Global","slideitin"
"slimeball","Imported from Open Source Blacklist","GitHub_Raw_List","en","Global","slimeball"
"slimebucket","Imported from Open Source Blacklist","GitHub_Raw_List","en","Global","slimebucket"
"slopehead","Imported from Open Source Blacklist","GitHub_Raw_List","en","Global","slopehead"
"slopeheads","Imported from Open Source Blacklist","GitHub_Raw_List","en","Global","slopeheads"
"sloper","Imported from Open Source Blacklist","GitHub_Raw_List","en","Global","sloper"
"slopers","Imported from Open Source Blacklist","GitHub_Raw_List","en","Global","slopers"
"slopey","Imported from Open Source Blacklist","GitHub_Raw_List","en","Global","slopey"
"slopeys","Imported from Open Source Blacklist","GitHub_Raw_List","en","Global","slopeys"
"slopies","Imported from Open Source Blacklist","GitHub_Raw_List","en","Global","slopies"
"slopy","Imported from Open Source Blacklist","GitHub_Raw_List","en","Global","slopy"
"slut","Imported from Open Source Blacklist","GitHub_Raw_List","en","Global","slut"
"slutbag","Imported from Open Source Blacklist","GitHub_Raw_List","en","Global","slutbag"
"slutbucket","Imported from Open Source Blacklist","GitHub_Raw_List","en","Global","slutbucket"
"slutdumper","Imported from Open Source Blacklist","GitHub_Raw_List","en","Global","slutdumper"
"slutkiss","Imported from Open Source Blacklist","GitHub_Raw_List","en","Global","slutkiss"
"sluts","Imported from Open Source Blacklist","GitHub_Raw_List","en","Global","sluts"
"slutt","Imported from Open Source Blacklist","GitHub_Raw_List","en","Global","slutt"
"slutting","Imported from Open Source Blacklist","GitHub_Raw_List","en","Global","slutting"
"slutty","Imported from Open Source Blacklist","GitHub_Raw_List","en","Global","slutty"
"slutwear","Imported from Open Source Blacklist","GitHub_Raw_List","en","Global","slutwear"
"slutwhore","Imported from Open Source Blacklist","GitHub_Raw_List","en","Global","slutwhore"
"slutz","Imported from Open Source Blacklist","GitHub_Raw_List","en","Global","slutz"
"smackthemonkey","Imported from Open Source Blacklist","GitHub_Raw_List","en","Global","smackthemonkey"
"smegma","Imported from Open Source Blacklist","GitHub_Raw_List","en","Global","smegma"
"smut","Imported from Open Source Blacklist","GitHub_Raw_List","en","Global","smut"
"smutty","Imported from Open Source Blacklist","GitHub_Raw_List","en","Global","smutty"
"snatchpatch","Imported from Open Source Blacklist","GitHub_Raw_List","en","Global","snatchpatch"
"sniggered","Imported from Open Source Blacklist","GitHub_Raw_List","en","Global","sniggered"
"sniggering","Imported from Open Source Blacklist","GitHub_Raw_List","en","Global","sniggering"
"sniggers","Imported from Open Source Blacklist","GitHub_Raw_List","en","Global","sniggers"
"snowback","Imported from Open Source Blacklist","GitHub_Raw_List","en","Global","snowback"
"snowballing","Imported from Open Source Blacklist","GitHub_Raw_List","en","Global","snowballing"
"snownigger","Imported from Open Source Blacklist","GitHub_Raw_List","en","Global","snownigger"
"snuff","Imported from Open Source Blacklist","GitHub_Raw_List","en","Global","snuff"
"socksucker","Imported from Open Source Blacklist","GitHub_Raw_List","en","Global","socksucker"
"sodom","Imported from Open Source Blacklist","GitHub_Raw_List","en","Global","sodom"
"sodomise","Imported from Open Source Blacklist","GitHub_Raw_List","en","Global","sodomise"
"sodomite","Imported from Open Source Blacklist","GitHub_Raw_List","en","Global","sodomite"
"sodomize","Imported from Open Source Blacklist","GitHub_Raw_List","en","Global","sodomize"
"sodomy","Imported from Open Source Blacklist","GitHub_Raw_List","en","Global","sodomy"
"son of a bitch","Imported from Open Source Blacklist","GitHub_Raw_List","en","Global","sonofabitch"
"son of a whore","Imported from Open Source Blacklist","GitHub_Raw_List","en","Global","sonofawhore"
"sonofbitch","Imported from Open Source Blacklist","GitHub_Raw_List","en","Global","sonofbitch"
"sooties","Imported from Open Source Blacklist","GitHub_Raw_List","en","Global","sooties"
"souse","Imported from Open Source Blacklist","GitHub_Raw_List","en","Global","souse"
"soused","Imported from Open Source Blacklist","GitHub_Raw_List","en","Global","soused"
"soyboy","Imported from Open Source Blacklist","GitHub_Raw_List","en","Global","soyboy"
"spac","Imported from Open Source Blacklist","GitHub_Raw_List","en","Global","spac"
"spaghettibender","Imported from Open Source Blacklist","GitHub_Raw_List","en","Global","spaghettibender"
"spaghettinigger","Imported from Open Source Blacklist","GitHub_Raw_List","en","Global","spaghettinigger"
"spank","Imported from Open Source Blacklist","GitHub_Raw_List","en","Global","spank"
"spankthemonkey","Imported from Open Source Blacklist","GitHub_Raw_List","en","Global","spankthemonkey"
"spastic","Imported from Open Source Blacklist","GitHub_Raw_List","en","Global","spastic"
"spearchucker","Imported from Open Source Blacklist","GitHub_Raw_List","en","Global","spearchucker"
"spearchuckers","Imported from Open Source Blacklist","GitHub_Raw_List","en","Global","spearchuckers"
"sperm","Imported from Open Source Blacklist","GitHub_Raw_List","en","Global","sperm"
"spermacide","Imported from Open Source Blacklist","GitHub_Raw_List","en","Global","spermacide"
"spermbag","Imported from Open Source Blacklist","GitHub_Raw_List","en","Global","spermbag"
"spermhearder","Imported from Open Source Blacklist","GitHub_Raw_List","en","Global","spermhearder"
"spermherder","Imported from Open Source Blacklist","GitHub_Raw_List","en","Global","spermherder"
"sphencter","Imported from Open Source Blacklist","GitHub_Raw_List","en","Global","sphencter"
"spic","Imported from Open Source Blacklist","GitHub_Raw_List","en","Global","spic"
"spick","Imported from Open Source Blacklist","GitHub_Raw_List","en","Global","spick"
"spicks","Imported from Open Source Blacklist","GitHub_Raw_List","en","Global","spicks"
"spics","Imported from Open Source Blacklist","GitHub_Raw_List","en","Global","spics"
"spierdalaj","Imported from Open Source Blacklist","GitHub_Raw_List","en","Global","spierdalaj"
"spig","Imported from Open Source Blacklist","GitHub_Raw_List","en","Global","spig"
"spigotty","Imported from Open Source Blacklist","GitHub_Raw_List","en","Global","spigotty"
"spik","Imported from Open Source Blacklist","GitHub_Raw_List","en","Global","spik"
"spiks","Imported from Open Source Blacklist","GitHub_Raw_List","en","Global","spiks"
"splittail","Imported from Open Source Blacklist","GitHub_Raw_List","en","Global","splittail"
"splooge","Imported from Open Source Blacklist","GitHub_Raw_List","en","Global","splooge"
"spludge","Imported from Open Source Blacklist","GitHub_Raw_List","en","Global","spludge"
"spooge","Imported from Open Source Blacklist","GitHub_Raw_List","en","Global","spooge"
"spread legs","Imported from Open Source Blacklist","GitHub_Raw_List","en","Global","spreadlegs"
"spreadeagle","Imported from Open Source Blacklist","GitHub_Raw_List","en","Global","spreadeagle"
"spunk","Imported from Open Source Blacklist","GitHub_Raw_List","en","Global","spunk"
"spunky","Imported from Open Source Blacklist","GitHub_Raw_List","en","Global","spunky"
"sqeh","Imported from Open Source Blacklist","GitHub_Raw_List","en","Global","sqeh"
"squa","Imported from Open Source Blacklist","GitHub_Raw_List","en","Global","squa"
"squarehead","Imported from Open Source Blacklist","GitHub_Raw_List","en","Global","squarehead"
"squareheads","Imported from Open Source Blacklist","GitHub_Raw_List","en","Global","squareheads"
"squaw","Imported from Open Source Blacklist","GitHub_Raw_List","en","Global","squaw"
"squinty","Imported from Open Source Blacklist","GitHub_Raw_List","en","Global","squinty"
"squirting","Imported from Open Source Blacklist","GitHub_Raw_List","en","Global","squirting"
"stagg","Imported from Open Source Blacklist","GitHub_Raw_List","en","Global","stagg"
"stfu","Imported from Open Source Blacklist","GitHub_Raw_List","en","Global","stfu"
"stiffy","Imported from Open Source Blacklist","GitHub_Raw_List","en","Global","stiffy"
"stoned","Imported from Open Source Blacklist","GitHub_Raw_List","en","Global","stoned"
"stoner","Imported from Open Source Blacklist","GitHub_Raw_List","en","Global","stoner"
"strap on","Imported from Open Source Blacklist","GitHub_Raw_List","en","Global","strapon"
"strappado","Imported from Open Source Blacklist","GitHub_Raw_List","en","Global","strappado"
"strip club","Imported from Open Source Blacklist","GitHub_Raw_List","en","Global","stripclub"
"stroking","Imported from Open Source Blacklist","GitHub_Raw_List","en","Global","stroking"
"stuinties","Imported from Open Source Blacklist","GitHub_Raw_List","en","Global","stuinties"
"stupidfuck","Imported from Open Source Blacklist","GitHub_Raw_List","en","Global","stupidfuck"
"stupidfucker","Imported from Open Source Blacklist","GitHub_Raw_List","en","Global","stupidfucker"
"style doggy","Imported from Open Source Blacklist","GitHub_Raw_List","en","Global","styledoggy"
"suckdick","Imported from Open Source Blacklist","GitHub_Raw_List","en","Global","suckdick"
"sucked","Imported from Open Source Blacklist","GitHub_Raw_List","en","Global","sucked"
"sucker","Imported from Open Source Blacklist","GitHub_Raw_List","en","Global","sucker"
"sucking","Imported from Open Source Blacklist","GitHub_Raw_List","en","Global","sucking"
"suckme","Imported from Open Source Blacklist","GitHub_Raw_List","en","Global","suckme"
"suckmyass","Imported from Open Source Blacklist","GitHub_Raw_List","en","Global","suckmyass"
"suckmydick","Imported from Open Source Blacklist","GitHub_Raw_List","en","Global","suckmydick"
"suckmytit","Imported from Open Source Blacklist","GitHub_Raw_List","en","Global","suckmytit"
"suckoff","Imported from Open Source Blacklist","GitHub_Raw_List","en","Global","suckoff"
"suicide girl","Imported from Open Source Blacklist","GitHub_Raw_List","en","Global","suicidegirl"
"suicide girls","Imported from Open Source Blacklist","GitHub_Raw_List","en","Global","suicidegirls"
"suka","Imported from Open Source Blacklist","GitHub_Raw_List","en","Global","suka"
"sultrywoman","Imported from Open Source Blacklist","GitHub_Raw_List","en","Global","sultrywoman"
"sultrywomen","Imported from Open Source Blacklist","GitHub_Raw_List","en","Global","sultrywomen"
"sumofabiatch","Imported from Open Source Blacklist","GitHub_Raw_List","en","Global","sumofabiatch"
"swallower","Imported from Open Source Blacklist","GitHub_Raw_List","en","Global","swallower"
"swalow","Imported from Open Source Blacklist","GitHub_Raw_List","en","Global","swalow"
"swamp guinea","Imported from Open Source Blacklist","GitHub_Raw_List","en","Global","swampguinea"
"swamp guineas","Imported from Open Source Blacklist","GitHub_Raw_List","en","Global","swampguineas"
"swastika","Imported from Open Source Blacklist","GitHub_Raw_List","en","Global","swastika"
"syphilis","Imported from Open Source Blacklist","GitHub_Raw_List","en","Global","syphilis"
"t i t","Imported from Open Source Blacklist","GitHub_Raw_List","en","Global","tit"
"t i ts","Imported from Open Source Blacklist","GitHub_Raw_List","en","Global","tits"
"t1t","Imported from Open Source Blacklist","GitHub_Raw_List","en","Global","t1t"
"t1tt1e5","Imported from Open Source Blacklist","GitHub_Raw_List","en","Global","t1tt1e5"
"t1tties","Imported from Open Source Blacklist","GitHub_Raw_List","en","Global","t1tties"
"tacohead","Imported from Open Source Blacklist","GitHub_Raw_List","en","Global","tacohead"
"tacoheads","Imported from Open Source Blacklist","GitHub_Raw_List","en","Global","tacoheads"
"taff","Imported from Open Source Blacklist","GitHub_Raw_List","en","Global","taff"
"take off your","Imported from Open Source Blacklist","GitHub_Raw_List","en","Global","takeoffyour"
"tar babies","Imported from Open Source Blacklist","GitHub_Raw_List","en","Global","tarbabies"
"tar baby","Imported from Open Source Blacklist","GitHub_Raw_List","en","Global","tarbaby"
"tard","Imported from Open Source Blacklist","GitHub_Raw_List","en","Global","tard"
"taste my","Imported from Open Source Blacklist","GitHub_Raw_List","en","Global","tastemy"
"tawdry","Imported from Open Source Blacklist","GitHub_Raw_List","en","Global","tawdry"
"tea bagging","Imported from Open Source Blacklist","GitHub_Raw_List","en","Global","teabagging"
"teat","Imported from Open Source Blacklist","GitHub_Raw_List","en","Global","teat"
"teets","Imported from Open Source Blacklist","GitHub_Raw_List","en","Global","teets"
"teez","Imported from Open Source Blacklist","GitHub_Raw_List","en","Global","teez"
"terd","Imported from Open Source Blacklist","GitHub_Raw_List","en","Global","terd"
"teste","Imported from Open Source Blacklist","GitHub_Raw_List","en","Global","teste"
"testee","Imported from Open Source Blacklist","GitHub_Raw_List","en","Global","testee"
"testes","Imported from Open Source Blacklist","GitHub_Raw_List","en","Global","testes"
"testical","Imported from Open Source Blacklist","GitHub_Raw_List","en","Global","testical"
"testicle","Imported from Open Source Blacklist","GitHub_Raw_List","en","Global","testicle"
"testicles","Imported from Open Source Blacklist","GitHub_Raw_List","en","Global","testicles"
"testis","Imported from Open Source Blacklist","GitHub_Raw_List","en","Global","testis"
"thicklip","Imported from Open Source Blacklist","GitHub_Raw_List","en","Global","thicklip"
"thicklips","Imported from Open Source Blacklist","GitHub_Raw_List","en","Global","thicklips"
"thirdeye","Imported from Open Source Blacklist","GitHub_Raw_List","en","Global","thirdeye"
"thirdleg","Imported from Open Source Blacklist","GitHub_Raw_List","en","Global","thirdleg"
"threesome","Imported from Open Source Blacklist","GitHub_Raw_List","en","Global","threesome"
"threeway","Imported from Open Source Blacklist","GitHub_Raw_List","en","Global","threeway"
"throating","Imported from Open Source Blacklist","GitHub_Raw_List","en","Global","throating"
"thumbzilla","Imported from Open Source Blacklist","GitHub_Raw_List","en","Global","thumbzilla"
"thundercunt","Imported from Open Source Blacklist","GitHub_Raw_List","en","Global","thundercunt"
"tied up","Imported from Open Source Blacklist","GitHub_Raw_List","en","Global","tiedup"
"tig ol bitties","Imported from Open Source Blacklist","GitHub_Raw_List","en","Global","tigolbitties"
"tig old bitties","Imported from Open Source Blacklist","GitHub_Raw_List","en","Global","tigoldbitties"
"tight white","Imported from Open Source Blacklist","GitHub_Raw_List","en","Global","tightwhite"
"timber nigger","Imported from Open Source Blacklist","GitHub_Raw_List","en","Global","timbernigger"
"timber niggers","Imported from Open Source Blacklist","GitHub_Raw_List","en","Global","timberniggers"
"titbitnipply","Imported from Open Source Blacklist","GitHub_Raw_List","en","Global","titbitnipply"
"titfuck","Imported from Open Source Blacklist","GitHub_Raw_List","en","Global","titfuck"
"titfucker","Imported from Open Source Blacklist","GitHub_Raw_List","en","Global","titfucker"
"titfuckin","Imported from Open Source Blacklist","GitHub_Raw_List","en","Global","titfuckin"
"titi","Imported from Open Source Blacklist","GitHub_Raw_List","en","Global","titi"
"titjob","Imported from Open Source Blacklist","GitHub_Raw_List","en","Global","titjob"
"titlicker","Imported from Open Source Blacklist","GitHub_Raw_List","en","Global","titlicker"
"titlover","Imported from Open Source Blacklist","GitHub_Raw_List","en","Global","titlover"
"titt","Imported from Open Source Blacklist","GitHub_Raw_List","en","Global","titt"
"tittie","Imported from Open Source Blacklist","GitHub_Raw_List","en","Global","tittie"
"tittie5","Imported from Open Source Blacklist","GitHub_Raw_List","en","Global","tittie5"
"tittiefucker","Imported from Open Source Blacklist","GitHub_Raw_List","en","Global","tittiefucker"
"titties","Imported from Open Source Blacklist","GitHub_Raw_List","en","Global","titties"
"tittis","Imported from Open Source Blacklist","GitHub_Raw_List","en","Global","tittis"
"titty","Imported from Open Source Blacklist","GitHub_Raw_List","en","Global","titty"
"tittyfuck","Imported from Open Source Blacklist","GitHub_Raw_List","en","Global","tittyfuck"
"tittyfucker","Imported from Open Source Blacklist","GitHub_Raw_List","en","Global","tittyfucker"
"tittys","Imported from Open Source Blacklist","GitHub_Raw_List","en","Global","tittys"
"tittywank","Imported from Open Source Blacklist","GitHub_Raw_List","en","Global","tittywank"
"titwank","Imported from Open Source Blacklist","GitHub_Raw_List","en","Global","titwank"
"tity","Imported from Open Source Blacklist","GitHub_Raw_List","en","Global","tity"
"to murder","Imported from Open Source Blacklist","GitHub_Raw_List","en","Global","tomurder"
"tongethruster","Imported from Open Source Blacklist","GitHub_Raw_List","en","Global","tongethruster"
"tongue in a","Imported from Open Source Blacklist","GitHub_Raw_List","en","Global","tongueina"
"tonguethrust","Imported from Open Source Blacklist","GitHub_Raw_List","en","Global","tonguethrust"
"tonguetramp","Imported from Open Source Blacklist","GitHub_Raw_List","en","Global","tonguetramp"
"toots","Imported from Open Source Blacklist","GitHub_Raw_List","en","Global","toots"
"topless","Imported from Open Source Blacklist","GitHub_Raw_List","en","Global","topless"
"tortur","Imported from Open Source Blacklist","GitHub_Raw_List","en","Global","tortur"
"torture","Imported from Open Source Blacklist","GitHub_Raw_List","en","Global","torture"
"tosser","Imported from Open Source Blacklist","GitHub_Raw_List","en","Global","tosser"
"towel head","Imported from Open Source Blacklist","GitHub_Raw_List","en","Global","towelhead"
"towel heads","Imported from Open Source Blacklist","GitHub_Raw_List","en","Global","towelheads"
"trailertrash","Imported from Open Source Blacklist","GitHub_Raw_List","en","Global","trailertrash"
"trannie","Imported from Open Source Blacklist","GitHub_Raw_List","en","Global","trannie"
"tranny","Imported from Open Source Blacklist","GitHub_Raw_List","en","Global","tranny"
"transsexual","Imported from Open Source Blacklist","GitHub_Raw_List","en","Global","transsexual"
"transvestite","Imported from Open Source Blacklist","GitHub_Raw_List","en","Global","transvestite"
"tribadism","Imported from Open Source Blacklist","GitHub_Raw_List","en","Global","tribadism"
"trisexual","Imported from Open Source Blacklist","GitHub_Raw_List","en","Global","trisexual"
"trois","Imported from Open Source Blacklist","GitHub_Raw_List","en","Global","trois"
"tr00n","Imported from Open Source Blacklist","GitHub_Raw_List","en","Global","tr00n"
"tr00ns","Imported from Open Source Blacklist","GitHub_Raw_List","en","Global","tr00ns"
"troon","Imported from Open Source Blacklist","GitHub_Raw_List","en","Global","troon"
"troons","Imported from Open Source Blacklist","GitHub_Raw_List","en","Global","troons"
"trots","Imported from Open Source Blacklist","GitHub_Raw_List","en","Global","trots"
"tub girl","Imported from Open Source Blacklist","GitHub_Raw_List","en","Global","tubgirl"
"tuckahoe","Imported from Open Source Blacklist","GitHub_Raw_List","en","Global","tuckahoe"
"tunneloflove","Imported from Open Source Blacklist","GitHub_Raw_List","en","Global","tunneloflove"
"turd burgler","Imported from Open Source Blacklist","GitHub_Raw_List","en","Global","turdburgler"
"turnon","Imported from Open Source Blacklist","GitHub_Raw_List","en","Global","turnon"
"tush","Imported from Open Source Blacklist","GitHub_Raw_List","en","Global","tush"
"tushy","Imported from Open Source Blacklist","GitHub_Raw_List","en","Global","tushy"
"tw4t","Imported from Open Source Blacklist","GitHub_Raw_List","en","Global","tw4t"
"twat","Imported from Open Source Blacklist","GitHub_Raw_List","en","Global","twat"
"twathead","Imported from Open Source Blacklist","GitHub_Raw_List","en","Global","twathead"
"twatlips","Imported from Open Source Blacklist","GitHub_Raw_List","en","Global","twatlips"
"twats","Imported from Open Source Blacklist","GitHub_Raw_List","en","Global","twats"
"twatty","Imported from Open Source Blacklist","GitHub_Raw_List","en","Global","twatty"
"twatwaffle","Imported from Open Source Blacklist","GitHub_Raw_List","en","Global","twatwaffle"
"twink","Imported from Open Source Blacklist","GitHub_Raw_List","en","Global","twink"
"twinkie","Imported from Open Source Blacklist","GitHub_Raw_List","en","Global","twinkie"
"two girls one cup","Imported from Open Source Blacklist","GitHub_Raw_List","en","Global","twogirlsonecup"
"twobitwhore","Imported from Open Source Blacklist","GitHub_Raw_List","en","Global","twobitwhore"
"twunt","Imported from Open Source Blacklist","GitHub_Raw_List","en","Global","twunt"
"twunter","Imported from Open Source Blacklist","GitHub_Raw_List","en","Global","twunter"
"udge packer","Imported from Open Source Blacklist","GitHub_Raw_List","en","Global","udgepacker"
"ukrop","Imported from Open Source Blacklist","GitHub_Raw_List","en","Global","ukrop"
"unclefucker","Imported from Open Source Blacklist","GitHub_Raw_List","en","Global","unclefucker"
"unfuckable","Imported from Open Source Blacklist","GitHub_Raw_List","en","Global","unfuckable"
"upskirt","Imported from Open Source Blacklist","GitHub_Raw_List","en","Global","upskirt"
"uptheass","Imported from Open Source Blacklist","GitHub_Raw_List","en","Global","uptheass"
"upthebutt","Imported from Open Source Blacklist","GitHub_Raw_List","en","Global","upthebutt"
"urethra play","Imported from Open Source Blacklist","GitHub_Raw_List","en","Global","urethraplay"
"urophilia","Imported from Open Source Blacklist","GitHub_Raw_List","en","Global","urophilia"
"usama","Imported from Open Source Blacklist","GitHub_Raw_List","en","Global","usama"
"ussys","Imported from Open Source Blacklist","GitHub_Raw_List","en","Global","ussys"
"uzi","Imported from Open Source Blacklist","GitHub_Raw_List","en","Global","uzi"
"v a g i n a","Imported from Open Source Blacklist","GitHub_Raw_List","en","Global","vagina"
"v14gra","Imported from Open Source Blacklist","GitHub_Raw_List","en","Global","v14gra"
"v1gra","Imported from Open Source Blacklist","GitHub_Raw_List","en","Global","v1gra"
"v4gra","Imported from Open Source Blacklist","GitHub_Raw_List","en","Global","v4gra"
"va-j-j","Imported from Open Source Blacklist","GitHub_Raw_List","en","Global","vajj"
"va1jina","Imported from Open Source Blacklist","GitHub_Raw_List","en","Global","va1jina"
"vag","Imported from Open Source Blacklist","GitHub_Raw_List","en","Global","vag"
"vag1na","Imported from Open Source Blacklist","GitHub_Raw_List","en","Global","vag1na"
"vagiina","Imported from Open Source Blacklist","GitHub_Raw_List","en","Global","vagiina"
"vaj1na","Imported from Open Source Blacklist","GitHub_Raw_List","en","Global","vaj1na"
"vajina","Imported from Open Source Blacklist","GitHub_Raw_List","en","Global","vajina"
"valium","Imported from Open Source Blacklist","GitHub_Raw_List","en","Global","valium"
"venus mound","Imported from Open Source Blacklist","GitHub_Raw_List","en","Global","venusmound"
"vgra","Imported from Open Source Blacklist","GitHub_Raw_List","en","Global","vgra"
"vibr","Imported from Open Source Blacklist","GitHub_Raw_List","en","Global","vibr"
"vibrater","Imported from Open Source Blacklist","GitHub_Raw_List","en","Global","vibrater"
"vibrator","Imported from Open Source Blacklist","GitHub_Raw_List","en","Global","vibrator"
"vigra","Imported from Open Source Blacklist","GitHub_Raw_List","en","Global","vigra"
"violet wand","Imported from Open Source Blacklist","GitHub_Raw_List","en","Global","violetwand"
"virginbreaker","Imported from Open Source Blacklist","GitHub_Raw_List","en","Global","virginbreaker"
"vittu","Imported from Open Source Blacklist","GitHub_Raw_List","en","Global","vittu"
"vixen","Imported from Open Source Blacklist","GitHub_Raw_List","en","Global","vixen"
"vjayjay","Imported from Open Source Blacklist","GitHub_Raw_List","en","Global","vjayjay"
"vorarephilia","Imported from Open Source Blacklist","GitHub_Raw_List","en","Global","vorarephilia"
"voyeurweb","Imported from Open Source Blacklist","GitHub_Raw_List","en","Global","voyeurweb"
"voyuer","Imported from Open Source Blacklist","GitHub_Raw_List","en","Global","voyuer"
"vullva","Imported from Open Source Blacklist","GitHub_Raw_List","en","Global","vullva"
"vulva","Imported from Open Source Blacklist","GitHub_Raw_List","en","Global","vulva"
"w00se","Imported from Open Source Blacklist","GitHub_Raw_List","en","Global","w00se"
"w0p","Imported from Open Source Blacklist","GitHub_Raw_List","en","Global","w0p"
"wab","Imported from Open Source Blacklist","GitHub_Raw_List","en","Global","wab"
"wang","Imported from Open Source Blacklist","GitHub_Raw_List","en","Global","wang"
"wank","Imported from Open Source Blacklist","GitHub_Raw_List","en","Global","wank"
"wanker","Imported from Open Source Blacklist","GitHub_Raw_List","en","Global","wanker"
"wanking","Imported from Open Source Blacklist","GitHub_Raw_List","en","Global","wanking"
"wanky","Imported from Open Source Blacklist","GitHub_Raw_List","en","Global","wanky"
"waysted","Imported from Open Source Blacklist","GitHub_Raw_List","en","Global","waysted"
"weenie","Imported from Open Source Blacklist","GitHub_Raw_List","en","Global","weenie"
"weewee","Imported from Open Source Blacklist","GitHub_Raw_List","en","Global","weewee"
"weiner","Imported from Open Source Blacklist","GitHub_Raw_List","en","Global","weiner"
"welcher","Imported from Open Source Blacklist","GitHub_Raw_List","en","Global","welcher"
"wench","Imported from Open Source Blacklist","GitHub_Raw_List","en","Global","wench"
"wet dream","Imported from Open Source Blacklist","GitHub_Raw_List","en","Global","wetdream"
"wetb","Imported from Open Source Blacklist","GitHub_Raw_List","en","Global","wetb"
"wetback","Imported from Open Source Blacklist","GitHub_Raw_List","en","Global","wetback"
"wetbacks","Imported from Open Source Blacklist","GitHub_Raw_List","en","Global","wetbacks"
"wetspot","Imported from Open Source Blacklist","GitHub_Raw_List","en","Global","wetspot"
"wh00r","Imported from Open Source Blacklist","GitHub_Raw_List","en","Global","wh00r"
"wh0re","Imported from Open Source Blacklist","GitHub_Raw_List","en","Global","wh0re"
"wh0reface","Imported from Open Source Blacklist","GitHub_Raw_List","en","Global","wh0reface"
"whacker","Imported from Open Source Blacklist","GitHub_Raw_List","en","Global","whacker"
"whash","Imported from Open Source Blacklist","GitHub_Raw_List","en","Global","whash"
"whigger","Imported from Open Source Blacklist","GitHub_Raw_List","en","Global","whigger"
"whiggers","Imported from Open Source Blacklist","GitHub_Raw_List","en","Global","whiggers"
"whiskeydick","Imported from Open Source Blacklist","GitHub_Raw_List","en","Global","whiskeydick"
"whiskydick","Imported from Open Source Blacklist","GitHub_Raw_List","en","Global","whiskydick"
"whit","Imported from Open Source Blacklist","GitHub_Raw_List","en","Global","whit"
"white power","Imported from Open Source Blacklist","GitHub_Raw_List","en","Global","whitepower"
"white trash","Imported from Open Source Blacklist","GitHub_Raw_List","en","Global","whitetrash"
"whitenigger","Imported from Open Source Blacklist","GitHub_Raw_List","en","Global","whitenigger"
"whitey","Imported from Open Source Blacklist","GitHub_Raw_List","en","Global","whitey"
"whiteys","Imported from Open Source Blacklist","GitHub_Raw_List","en","Global","whiteys"
"whities","Imported from Open Source Blacklist","GitHub_Raw_List","en","Global","whities"
"whoar","Imported from Open Source Blacklist","GitHub_Raw_List","en","Global","whoar"
"whop","Imported from Open Source Blacklist","GitHub_Raw_List","en","Global","whop"
"whoralicious","Imported from Open Source Blacklist","GitHub_Raw_List","en","Global","whoralicious"
"whore","Imported from Open Source Blacklist","GitHub_Raw_List","en","Global","whore"
"whorealicious","Imported from Open Source Blacklist","GitHub_Raw_List","en","Global","whorealicious"
"whorebag","Imported from Open Source Blacklist","GitHub_Raw_List","en","Global","whorebag"
"whored","Imported from Open Source Blacklist","GitHub_Raw_List","en","Global","whored"
"whoreface","Imported from Open Source Blacklist","GitHub_Raw_List","en","Global","whoreface"
"whorefucker","Imported from Open Source Blacklist","GitHub_Raw_List","en","Global","whorefucker"
"whorehopper","Imported from Open Source Blacklist","GitHub_Raw_List","en","Global","whorehopper"
"whorehouse","Imported from Open Source Blacklist","GitHub_Raw_List","en","Global","whorehouse"
"whores","Imported from Open Source Blacklist","GitHub_Raw_List","en","Global","whores"
"whoring","Imported from Open Source Blacklist","GitHub_Raw_List","en","Global","whoring"
"wichser","Imported from Open Source Blacklist","GitHub_Raw_List","en","Global","wichser"
"wigga","Imported from Open Source Blacklist","GitHub_Raw_List","en","Global","wigga"
"wiggas","Imported from Open Source Blacklist","GitHub_Raw_List","en","Global","wiggas"
"wigger","Imported from Open Source Blacklist","GitHub_Raw_List","en","Global","wigger"
"wiggers","Imported from Open Source Blacklist","GitHub_Raw_List","en","Global","wiggers"
"willie","Imported from Open Source Blacklist","GitHub_Raw_List","en","Global","willie"
"willies","Imported from Open Source Blacklist","GitHub_Raw_List","en","Global","willies"
"williewanker","Imported from Open Source Blacklist","GitHub_Raw_List","en","Global","williewanker"
"willy","Imported from Open Source Blacklist","GitHub_Raw_List","en","Global","willy"
"wog","Imported from Open Source Blacklist","GitHub_Raw_List","en","Global","wog"
"wogs","Imported from Open Source Blacklist","GitHub_Raw_List","en","Global","wogs"
"woose","Imported from Open Source Blacklist","GitHub_Raw_List","en","Global","woose"
"wop","Imported from Open Source Blacklist","GitHub_Raw_List","en","Global","wop"
"worldsex","Imported from Open Source Blacklist","GitHub_Raw_List","en","Global","worldsex"
"wrapping men","Imported from Open Source Blacklist","GitHub_Raw_List","en","Global","wrappingmen"
"wrinkled starfish","Imported from Open Source Blacklist","GitHub_Raw_List","en","Global","wrinkledstarfish"
"wtf","Imported from Open Source Blacklist","GitHub_Raw_List","en","Global","wtf"
"wuss","Imported from Open Source Blacklist","GitHub_Raw_List","en","Global","wuss"
"wuzzie","Imported from Open Source Blacklist","GitHub_Raw_List","en","Global","wuzzie"
"x-rated","Imported from Open Source Blacklist","GitHub_Raw_List","en","Global","xrated"
"x-rated2g1c","Imported from Open Source Blacklist","GitHub_Raw_List","en","Global","xrated2g1c"
"xkwe","Imported from Open Source Blacklist","GitHub_Raw_List","en","Global","xkwe"
"xtc","Imported from Open Source Blacklist","GitHub_Raw_List","en","Global","xtc"
"xx","Imported from Open Source Blacklist","GitHub_Raw_List","en","Global","xx"
"xxx","Imported from Open Source Blacklist","GitHub_Raw_List","en","Global","xxx"
"xxxxxx","Imported from Open Source Blacklist","GitHub_Raw_List","en","Global","xxxxxx"
"yaoi","Imported from Open Source Blacklist","GitHub_Raw_List","en","Global","yaoi"
"yarpie","Imported from Open Source Blacklist","GitHub_Raw_List","en","Global","yarpie"
"yarpies","Imported from Open Source Blacklist","GitHub_Raw_List","en","Global","yarpies"
"yed","Imported from Open Source Blacklist","GitHub_Raw_List","en","Global","yed"
"yellow showers","Imported from Open Source Blacklist","GitHub_Raw_List","en","Global","yellowshowers"
"yellowman","Imported from Open Source Blacklist","GitHub_Raw_List","en","Global","yellowman"
"yid","Imported from Open Source Blacklist","GitHub_Raw_List","en","Global","yid"
"yids","Imported from Open Source Blacklist","GitHub_Raw_List","en","Global","yids"
"yiffy","Imported from Open Source Blacklist","GitHub_Raw_List","en","Global","yiffy"
"yobbo","Imported from Open Source Blacklist","GitHub_Raw_List","en","Global","yobbo"
"yourboobs","Imported from Open Source Blacklist","GitHub_Raw_List","en","Global","yourboobs"
"yourpenis","Imported from Open Source Blacklist","GitHub_Raw_List","en","Global","yourpenis"
"yourtits","Imported from Open Source Blacklist","GitHub_Raw_List","en","Global","yourtits"
"yury","Imported from Open Source Blacklist","GitHub_Raw_List","en","Global","yury"
"zabourah","Imported from Open Source Blacklist","GitHub_Raw_List","en","Global","zabourah"
"zigabo","Imported from Open Source Blacklist","GitHub_Raw_List","en","Global","zigabo"
"zigabos","Imported from Open Source Blacklist","GitHub_Raw_List","en","Global","zigabos"
"zipperhead","Imported from Open Source Blacklist","GitHub_Raw_List","en","Global","zipperhead"
"zipperheads","Imported from Open Source Blacklist","GitHub_Raw_List","en","Global","zipperheads"
"zoophile","Imported from Open Source Blacklist","GitHub_Raw_List","en","Global","zoophile"
"zoophilia","Imported from Open Source Blacklist","GitHub_Raw_List","en","Global","zoophilia"
